session_id,archive_name,vehicle,mount_position,sampling_label,segment_id,segment_start_m,segment_end_m,start_time_s,end_time_s,latitude,longitude,mean_speed_kmh,median_gps_accuracy_m,n_samples,distance_coverage_m,max_sample_gap_s,rms_vertical,p95_abs,vdv_per_m,peak_density_per_m,psd_0_5_3hz,psd_3_15hz,data_quality_flag,valid_segment,segment_start_m_model,segment_end_m_model,start_time_s_model,end_time_s_model,latitude_model,longitude_model,mean_speed_kmh_model,median_gps_accuracy_m_model,n_samples_model,distance_coverage_m_model,max_sample_gap_s_model,rms_vertical_model,p95_abs_model,vdv_per_m_model,peak_density_per_m_model,psd_0_5_3hz_model,psd_3_15hz_model,rms_vertical_speed_corrected,p95_abs_speed_corrected,vdv_per_m_speed_corrected,psd_0_5_3hz_speed_corrected,psd_3_15hz_speed_corrected,relative_roughness_score,raw_cluster,roughness_class,hotspot_flag,load_kg,load_source,load_ratio,overload_flag,roughness_ratio,load_component_score,roughness_component_score,context_score,wear_risk_band,wear_multiplier,distance_km,wear_increment,cumulative_wear_score,estimated_remaining_km,service_alert
20260811_182606_294,session_20260811_182606_294.zip,tt,dashboard_center,100 Hz,1,20.0,40.0,26.39,28.91,-7.937347925327746,112.62694721401176,28.651276992873168,5.841280136833594,253,19.939647813684992,0.0100000000000015,1.158374303021126,2.209238734118712,0.9427475214254488,0.6018160457058902,0.1566848045622877,1.5463989297635194,OK,True,20.0,40.0,26.39,28.91,-7.937347925327746,112.62694721401176,28.651276992873168,5.841280136833594,253.0,19.939647813684992,0.0100000000000015,1.158374303021126,2.209238734118712,0.9427475214254488,0.6018160457058902,0.1566848045622877,1.5463989297635194,0.9992982042871752,1.93797418083895,0.8700321945333875,0.1006331013347382,1.2358210602889843,10.5,1.0,Rendah,False,4709.1,load_profile,0.5886375,False,0.105,35.31825,4.2,39.51825,Rendah,1.4075438875,0.019939647813684992,0.0002806592939905505,0.0002806592939905505,7104.554268522304,False
20260811_182606_294,session_20260811_182606_294.zip,tt,dashboard_center,100 Hz,2,40.0,60.0,28.92,31.42,-7.937240725230519,112.62678148660314,28.86345231486747,6.041934078745682,251,19.91152445304,0.0100000000000015,1.5479157372032284,2.9691627511760523,1.1879890793348218,0.5524438887611425,0.2718786980006667,1.6005885705171574,OK,True,40.0,60.0,28.92,31.42,-7.937240725230519,112.62678148660314,28.86345231486747,6.041934078745682,251.0,19.91152445304,0.0100000000000015,1.5479157372032284,2.9691627511760523,1.1879890793348218,0.5524438887611425,0.2718786980006667,1.6005885705171574,1.3296041324820989,2.594656761737417,1.0937942121768909,0.1723775958284442,1.270790397181894,52.6,0.0,Sedang,False,4764.3,load_profile,0.5955375,False,0.526,35.73225,21.04,56.77225,Sedang,1.630373045,0.019911524453039998,0.0003246321275309478,0.0006052914215214983,6133.528459345846,False
20260811_182606_294,session_20260811_182606_294.zip,tt,dashboard_center,100 Hz,3,60.0,80.0,31.43,35.63,-7.9371363142058176,112.62662670549078,16.78919222685257,7.75839289702749,421,19.93865660870503,0.0100000000000051,1.6362713210689577,3.3884410920598085,1.7264506860561897,0.8526151151315761,0.0327514202336445,2.729353498745185,OK,True,60.0,80.0,31.43,35.63,-7.9371363142058176,112.62662670549078,16.78919222685257,7.75839289702749,421.0,19.93865660870503,0.0100000000000051,1.6362713210689577,3.3884410920598085,1.7264506860561897,0.8526151151315761,0.0327514202336445,2.729353498745185,1.9286125045804556,3.9202313862016354,1.887757007572295,0.0536048312732415,3.50273721696638,84.2,2.0,Tinggi,False,4227.8,load_profile,0.528475,False,0.8420000000000001,31.7085,33.68000000000001,65.38850000000001,Sedang,1.7428801900000002,0.01993865660870503,0.00034750689618524584,0.0009527983177067441,5737.574376910112,False
20260811_182606_294,session_20260811_182606_294.zip,tt,dashboard_center,100 Hz,4,80.0,100.0,35.64,40.27,-7.937148688033428,112.62645553266094,15.605498550812015,9.806502699306296,464,19.977856669845025,0.0100000000000051,1.1113175512343951,2.306019277032422,1.0894076523324747,1.1012192330525246,0.0442742324836966,1.078771094720015,OK,True,80.0,100.0,35.64,40.27,-7.937148688033428,112.62645553266094,15.605498550812015,9.806502699306296,464.0,19.977856669845025,0.0100000000000051,1.1113175512343951,2.306019277032422,1.0894076523324747,1.1012192330525246,0.0442742324836966,1.078771094720015,1.3670032803863983,2.770884234256046,1.2191512511413287,0.0823567716698697,1.47712674502252,68.4,0.0,Sedang,False,4371.1,load_profile,0.5463875,False,0.684,32.78325,27.360000000000003,60.14325000000001,Sedang,1.67617831,0.019977856669845025,0.0003348645003028306,0.0012876628180095748,5965.875571864546,False
20260811_182606_294,session_20260811_182606_294.zip,tt,dashboard_center,100 Hz,5,100.0,120.0,40.28,43.36,-7.937286367944559,112.62632634397508,23.59137094024498,8.212145974237101,309,19.95866180145001,0.0100000000000051,1.597162002515679,2.9789627596788724,1.4366013147589882,0.5010355954462586,0.0413853841690242,1.5023766143397994,OK,True,100.0,120.0,40.28,43.36,-7.937286367944559,112.62632634397508,23.59137094024498,8.212145974237101,309.0,19.95866180145001,0.0100000000000051,1.597162002515679,2.9789627596788724,1.4366013147589882,0.5010355954462586,0.0413853841690242,1.5023766143397994,1.5433886919109276,2.8898440423219207,1.410113826335272,0.0373479432026202,1.4262811219417704,78.9,0.0,Sedang,False,4664.3,load_profile,0.5830375,False,0.789,34.98225,31.560000000000002,66.54225,Sedang,1.7574258175,0.01995866180145001,0.0003507586753261931,0.0016384214933357678,5690.047373991458,False
20260811_182606_294,session_20260811_182606_294.zip,tt,dashboard_center,100 Hz,6,120.0,140.0,43.37,46.55,-7.937435135647474,112.62620041875984,22.247564972336527,7.036293292384041,319,19.91933690003505,0.0100000000000051,1.427229467964128,2.784499121101613,1.2202219439870423,0.7028346410454741,0.0248356429462498,1.678695611803582,OK,True,120.0,140.0,43.37,46.55,-7.937435135647474,112.62620041875984,22.247564972336527,7.036293292384041,319.0,19.91933690003505,0.0100000000000051,1.427229467964128,2.784499121101613,1.2202219439870423,0.7028346410454741,0.0248356429462498,1.678695611803582,1.427229467964128,2.784499121101613,1.2202219439870423,0.0248356429462498,1.678695611803582,68.4,0.0,Sedang,False,4597.7,load_profile,0.5747125,False,0.684,34.482749999999996,27.360000000000003,61.842749999999995,Sedang,1.6970481700000002,0.01991933690003505,0.0003380407423381796,0.0019764622356739474,5892.468187144288,False
20260811_182606_294,session_20260811_182606_294.zip,tt,dashboard_center,100 Hz,7,140.0,160.0,46.56,49.8,-7.937588780333956,112.62611566811184,21.98313918912361,9.543122735217883,325,19.95833165676501,0.0100000000000051,1.4593310056824147,2.681910243744297,1.399584979541908,0.8016702134808292,0.0159367436221259,1.4177165024362142,OK,True,140.0,160.0,46.56,49.8,-7.937588780333956,112.62611566811184,21.98313918912361,9.543122735217883,325.0,19.95833165676501,0.0100000000000051,1.4593310056824147,2.681910243744297,1.399584979541908,0.8016702134808292,0.0159367436221259,1.4177165024362142,1.4695559955831727,2.6985685428910684,1.404905098107855,0.016273774095316,1.4328197101284212,63.2,0.0,Sedang,False,4673.8,load_profile,0.584225,False,0.632,35.0535,25.28,60.3335,Sedang,1.67718104,0.019958331656765013,0.0003347373544475807,0.002311199590121528,5962.247748782676,False
20260811_182606_294,session_20260811_182606_294.zip,tt,dashboard_center,100 Hz,8,160.0,180.0,49.81,52.61,-7.937774237134431,112.62597384178706,25.971564439949123,8.601026531130419,281,19.90262455631995,0.0100000000000051,1.1243369219402857,2.431486798773677,0.9531240153505656,0.6531801855183935,0.0103949098045868,1.1288054562522138,OK,True,160.0,180.0,49.81,52.61,-7.937774237134431,112.62597384178706,25.971564439949123,8.601026531130419,281.0,19.90262455631995,0.0100000000000051,1.1243369219402857,2.431486798773677,0.9531240153505656,0.6531801855183935,0.0103949098045868,1.1288054562522138,1.0271782006189802,2.244205066964545,0.9074469987561194,0.0079282256592991,0.9841210462516377,26.3,1.0,Rendah,False,4531.7,load_profile,0.5664625,False,0.263,33.98775,10.52,44.50775,Sedang,1.4748734275,0.01990262455631995,0.0002935385209562527,0.0026047381110777808,6780.06623465924,False
20260811_182606_294,session_20260811_182606_294.zip,tt,dashboard_center,100 Hz,9,180.0,200.0,52.620000000000005,55.58,-7.937933173935864,112.62589038461252,24.280869792931824,7.727258000730413,297,19.92331155362496,0.0100000000000051,1.1027952859938075,2.0095150537563824,0.8381999797248928,0.7528868862802488,0.0162716399359117,0.9965111469331146,OK,True,180.0,200.0,52.620000000000005,55.58,-7.937933173935864,112.62589038461252,24.280869792931824,7.727258000730413,297.0,19.92331155362496,0.0100000000000051,1.1027952859938075,2.0095150537563824,0.8381999797248928,0.7528868862802488,0.0162716399359117,0.9965111469331146,1.047889262960921,1.9205314089469767,0.8152591492940418,0.0139621864680506,0.9221900171483588,15.8,1.0,Rendah,False,4882.8,load_profile,0.6103500000000001,False,0.158,36.621,6.32,42.941,Sedang,1.44869706,0.019923311553624957,0.0002886284287320051,0.002893366539809786,6902.554674436918,False
20260811_182606_294,session_20260811_182606_294.zip,tt,dashboard_center,100 Hz,10,200.0,220.0,55.59,58.9,-7.938092578218829,112.62579531159258,21.65074514477132,6.776220884409401,332,19.95748186649999,0.0100000000000051,1.2737744768671233,2.381332956565821,1.0101471910157882,0.7515978268369886,0.0145846311656607,1.5199132345627886,OK,True,200.0,220.0,55.59,58.9,-7.938092578218829,112.62579531159258,21.65074514477132,6.776220884409401,332.0,19.95748186649999,0.0100000000000051,1.2737744768671233,2.381332956565821,1.0101471910157882,0.7515978268369886,0.0145846311656607,1.5199132345627886,1.2941624637582076,2.415105197087843,1.0189009515561942,0.0152955594438776,1.5569878186944792,36.8,0.0,Sedang,False,4881.7,load_profile,0.6102124999999999,False,0.368,36.61275,14.719999999999999,51.33275,Sedang,1.55823914,0.01995748186649999,0.00031098529380220533,0.0032043518336119913,6417.294565464861,False
20260811_182606_294,session_20260811_182606_294.zip,tt,dashboard_center,100 Hz,11,220.0,240.0,58.91,64.84,-7.938304448508287,112.62570102614583,12.02639046029254,5.563923644683727,594,19.942879093754986,0.0100000000000051,0.7722624022226563,1.5038484692731682,0.735606811397109,1.404009915938771,0.0042085425787537,0.4461884729777878,OK,True,220.0,240.0,58.91,64.84,-7.938304448508287,112.62570102614583,12.02639046029254,5.563923644683727,594.0,19.942879093754986,0.0100000000000051,0.7722624022226563,1.5038484692731682,0.735606811397109,1.404009915938771,0.0042085425787537,0.4461884729777878,1.1060275364653218,2.068012987664668,0.8941575099992305,0.0123511772407618,0.7696272612325786,15.8,1.0,Rendah,False,4763.4,load_profile,0.595425,False,0.158,35.7255,6.32,42.0455,Sedang,1.4392704299999999,0.019942879093754987,0.0002870319616870675,0.0034913837952990586,6947.722021649865,False
20260811_182606_294,session_20260811_182606_294.zip,tt,dashboard_center,100 Hz,12,240.0,260.0,64.85,70.53,-7.938437240826716,112.62561293303813,12.651171182292844,5.1255715500756365,569,19.962856394200003,0.0100000000000051,0.8933327464244392,1.8035065657178424,0.8936329396574793,1.3525118583653473,0.0121957144347527,0.4529027277415204,OK,True,240.0,260.0,64.85,70.53,-7.938437240826716,112.62561293303813,12.651171182292844,5.1255715500756365,569.0,19.962856394200003,0.0100000000000051,0.8933327464244392,1.8035065657178424,0.8936329396574793,1.3525118583653473,0.0121957144347527,0.4529027277415204,1.2421385267481424,2.415883565245898,1.0689271302710064,0.0327556470693686,0.7469187154658714,36.8,1.0,Rendah,False,4985.4,load_profile,0.6231749999999999,False,0.368,37.390499999999996,14.719999999999999,52.110499999999995,Sedang,1.5669706799999998,0.019962856394200004,0.00031281210658761925,0.003804195901886678,6381.497565997733,False
20260811_182606_294,session_20260811_182606_294.zip,tt,dashboard_center,100 Hz,228,4560.0,4580.0,726.94,732.65,-7.948611146391481,112.62403974367378,12.622581999682428,9.935,572,19.9730487146453,0.0100000000001045,0.9990242992439422,2.0357449403905776,1.0427847096279288,1.2016192591770891,0.0316630369054389,0.9047014419663084,OK,True,4560.0,4580.0,726.94,732.65,-7.948611146391481,112.62403974367378,12.622581999682428,9.935,572.0,19.9730487146453,0.0100000000001045,0.9990242992439422,2.0357449403905776,1.0427847096279288,1.2016192591770891,0.0316630369054389,0.9047014419663084,1.3909341849957912,2.730174874100804,1.2482321152426177,0.0853790243415305,1.4950112716893618,63.2,0.0,Sedang,False,3564.2,load_profile,0.445525,False,0.632,26.7315,25.28,52.0115,Sedang,1.5764293600000001,0.0199730487146453,0.0003148610040247712,0.0041190569059114494,6343.1881872013655,False
20260811_182606_294,session_20260811_182606_294.zip,tt,dashboard_center,100 Hz,232,4640.0,4660.0,753.71,759.83,-7.949289459851111,112.62370824306498,11.765502939939124,9.935,613,19.96211305623001,0.0100000000001045,0.8371212873065644,1.6748809050804925,0.8767343085772326,1.402657119570888,0.0141733629115652,0.6188993480209856,OK,True,4640.0,4660.0,753.71,759.83,-7.949289459851111,112.62370824306498,11.765502939939124,9.935,613.0,19.96211305623001,0.0100000000001045,0.8371212873065644,1.6748809050804925,0.8767343085772326,1.402657119570888,0.0141733629115652,0.6188993480209856,1.214371199347279,2.3295164661524423,1.0731454709803188,0.0432235470875023,1.0884878404764124,31.6,1.0,Rendah,False,3834.2,load_profile,0.47927499999999995,False,0.316,28.756499999999996,12.64,41.396499999999996,Sedang,1.4442551799999999,0.01996211305623001,0.0002883038518520582,0.004407360757763507,6923.6790024351685,False
20260811_182606_294,session_20260811_182606_294.zip,tt,dashboard_center,100 Hz,233,4660.0,4680.0,759.84,765.45,-7.949413595906849,112.62361163292456,12.886513050610302,9.935,562,19.98391637808072,0.0100000000001045,1.7023791459932718,3.431340674576788,1.751570479584655,1.0008048283236874,0.2295621086802567,2.143910865223964,OK,True,4660.0,4680.0,759.84,765.45,-7.949413595906849,112.62361163292456,12.886513050610302,9.935,562.0,19.98391637808072,0.0100000000001045,1.7023791459932718,3.431340674576788,1.751570479584655,1.0008048283236874,0.2295621086802567,2.143910865223964,2.341740241693322,4.5527800898442585,2.0829391707184923,0.5969924964376108,3.4784109598535,89.5,2.0,Tinggi,False,3459.5,load_profile,0.4324375,False,0.895,25.94625,35.8,61.746249999999996,Sedang,1.6948688125,0.01998391637808072,0.0003387011662081697,0.004746061923971677,5899.881642790924,False
20260811_182606_294,session_20260811_182606_294.zip,tt,dashboard_center,100 Hz,312,6240.0,6260.0,1031.02,1033.32,-7.953692854804534,112.62435298516412,31.302315935245357,9.962848179039788,231,19.974315933824982,0.0100000000002182,1.5849860211043103,3.029856689090688,1.4315449319919658,0.6007715127644955,0.0265986632425793,1.168979608759927,OK,True,6240.0,6260.0,1031.02,1033.32,-7.953692854804534,112.62435298516412,31.302315935245357,9.962848179039788,231.0,19.974315933824982,0.0100000000002182,1.5849860211043103,3.029856689090688,1.4315449319919658,0.6007715127644955,0.0265986632425793,1.168979608759927,1.2984610091471926,2.5387746440912484,1.2845467725912565,0.0146321114583878,0.8637335266607333,47.4,1.0,Rendah,False,4444.4,load_profile,0.55555,False,0.474,33.333,18.96,52.293,Sedang,1.5755961399999998,0.019974315933824982,0.00031471455084475133,0.005060776474816429,6346.482876222659,False
20260811_182606_294,session_20260811_182606_294.zip,tt,dashboard_center,100 Hz,313,6260.0,6280.0,1033.33,1035.47,-7.953773454755084,112.62450608859656,33.43709010152998,9.973475465840862,215,19.860878067386693,0.0100000000002182,1.3952098303742997,2.649520772702277,1.0188397929101831,0.5035024114276638,0.1078512974065698,1.7363872842606107,OK,True,6260.0,6280.0,1033.33,1035.47,-7.953773454755084,112.62450608859656,33.43709010152998,9.973475465840862,215.0,19.860878067386693,0.0100000000002182,1.3952098303742997,2.649520772702277,1.0188397929101831,0.5035024114276638,0.1078512974065698,1.7363872842606107,1.099794687808667,2.1455132493184084,0.8952808389246213,0.052859633577154,1.21011400665176,21.1,1.0,Rendah,False,4537.5,load_profile,0.5671875,False,0.21100000000000002,34.03125,8.440000000000001,42.47125,Sedang,1.4486478125,0.019860878067386692,0.00028771417566648955,0.005348490650482918,6902.619853253637,False
20260811_182606_294,session_20260811_182606_294.zip,tt,dashboard_center,100 Hz,314,6280.0,6300.0,1035.48,1037.65,-7.953852058054322,112.62466732369984,32.87687027391815,9.938699834620426,218,19.8773322445104,0.0100000000002182,3.0252348216529827,6.299187212234944,2.546890274158645,0.4527770572676102,0.3020451155695732,4.37511380804946,OK,True,6280.0,6300.0,1035.48,1037.65,-7.953852058054322,112.62466732369984,32.87687027391815,9.938699834620426,218.0,19.8773322445104,0.0100000000002182,3.0252348216529827,6.299187212234944,2.546890274158645,0.4527770572676102,0.3020451155695732,4.37511380804946,2.40833125851071,5.1457486364785066,2.250049351332269,0.1524803925658134,3.0950839595293846,94.7,2.0,Tinggi,True,4340.1,load_profile,0.5425125000000001,False,0.9470000000000001,32.55075,37.88,70.43075,Tinggi,1.8070593675000002,0.0198773322445104,0.0003591951943335232,0.005707685844816441,5533.536645920692,False
20260811_182606_294,session_20260811_182606_294.zip,tt,dashboard_center,100 Hz,315,6300.0,6320.0,1037.66,1039.77,-7.953938498822563,112.62483250028212,33.97124585110403,9.93529496966832,212,19.90367830341893,0.0100000000002182,4.34290972335751,12.052357156899314,4.617061976519548,0.3516937871125853,0.1220172886375804,1.9594338941698912,OK,True,6300.0,6320.0,1037.66,1039.77,-7.953938498822563,112.62483250028212,33.97124585110403,9.93529496966832,212.0,19.90367830341893,0.0100000000002182,4.34290972335751,12.052357156899314,4.617061976519548,0.3516937871125853,0.1220172886375804,1.9594338941698912,3.3918259069015364,9.679910085729787,4.036779758435411,0.0581665248080066,1.3465118338442237,100.0,2.0,Tinggi,True,4428.3,load_profile,0.5535375,False,1.0,33.21225,40.0,73.21225,Tinggi,1.84283,0.01990367830341893,0.00036679095487889506,0.0060744767996953365,5426.106885778954,False
20260811_212352_867,session_20260811_212352_867 (1).zip,tt,dashboard_center,100 Hz,1,20.0,40.0,22.38,24.84,-7.954086540476151,112.6140255405265,29.004868335582007,5.947378931094459,247,19.93056823888501,0.0100000000000015,1.7236137236813671,3.411096068865149,1.382006739973611,0.551916025080446,0.0173336291295309,2.2590185951664226,OK,True,20.0,40.0,22.38,24.84,-7.954086540476151,112.6140255405265,29.004868335582007,5.947378931094459,247.0,19.93056823888501,0.0100000000000015,1.7236137236813671,3.411096068865149,1.382006739973611,0.551916025080446,0.0173336291295309,2.2590185951664226,1.7548372779893089,3.437257668553035,1.382006739973611,0.0173336291295309,2.3878181364743822,51.2,2.0,Sedang,False,4927.3,load_profile,0.6159125,False,0.512,36.95475,20.48,57.434749999999994,Sedang,1.63741694,0.019930568238885008,0.0003263465005817628,0.0003263465005817628,6107.160076986831,False
20260811_212352_867,session_20260811_212352_867 (1).zip,tt,dashboard_center,100 Hz,2,40.0,60.0,24.85,27.0,-7.954251370664473,112.6138929831454,33.15077525125216,5.45642810017722,216,19.88999276042999,0.0100000000000015,1.6188404567027828,3.121511085953206,1.1736158794543876,0.402212313315445,0.0756544347635923,2.268439476501764,OK,True,40.0,60.0,24.85,27.0,-7.954251370664473,112.6138929831454,33.15077525125216,5.45642810017722,216.0,19.88999276042999,0.0100000000000015,1.6188404567027828,3.121511085953206,1.1736158794543876,0.402212313315445,0.0756544347635923,2.268439476501764,1.6261521538122563,3.1275033193119675,1.1736158794543876,0.0756544347635923,2.3002337086519957,38.4,2.0,Sedang,False,4511.7,load_profile,0.5639624999999999,False,0.384,33.83774999999999,15.36,49.19774999999999,Sedang,1.53528982,0.019889992760429992,0.00030536903404961864,0.0006317155346313814,6513.387047955894,False
20260811_212352_867,session_20260811_212352_867 (1).zip,tt,dashboard_center,100 Hz,3,60.0,80.0,27.01,28.94,-7.954426080475727,112.61379500114528,37.24723281237948,5.373680257062551,194,19.887655091709995,0.0100000000000015,1.7633935766618254,3.3056539544014325,1.2723310825946992,0.3519771419868344,0.2369274852044791,3.257631348144363,OK,True,60.0,80.0,27.01,28.94,-7.954426080475727,112.61379500114528,37.24723281237948,5.373680257062551,194.0,19.887655091709995,0.0100000000000015,1.7633935766618254,3.3056539544014325,1.2723310825946992,0.3519771419868344,0.2369274852044791,3.257631348144363,1.750707727388996,3.2955125147647384,1.2723310825946992,0.2369274852044791,3.1857914293484813,50.0,2.0,Sedang,False,4827.2,load_profile,0.6033999999999999,False,0.5,36.20399999999999,20.0,56.20399999999999,Sedang,1.62238,0.019887655091709994,0.0003226533386768846,0.0009543688733082661,6163.725245079863,False
20260811_212352_867,session_20260811_212352_867 (1).zip,tt,dashboard_center,100 Hz,4,80.0,100.0,28.95,30.8,-7.954596047650263,112.61371031538756,38.8965441174112,5.075390960101352,186,19.93046649479001,0.0100000000000015,1.726572401216954,3.356988116650408,1.2136901460831415,0.4013955218805975,0.2126571183639136,2.8127985093038763,OK,True,80.0,100.0,28.95,30.8,-7.954596047650263,112.61371031538756,38.8965441174112,5.075390960101352,186.0,19.93046649479001,0.0100000000000015,1.726572401216954,3.356988116650408,1.2136901460831415,0.4013955218805975,0.2126571183639136,2.8127985093038763,1.706692684956176,3.3404840925359505,1.2136901460831415,0.2126571183639136,2.713967658344714,46.5,2.0,Sedang,False,4641.5,load_profile,0.5801875,False,0.465,34.81125,18.6,53.41125,Sedang,1.5880699375,0.019930466494790012,0.0003165097468072702,0.0012708786201155362,6296.871866915488,False
20260811_212352_867,session_20260811_212352_867 (1).zip,tt,dashboard_center,100 Hz,5,100.0,120.0,30.81,32.59,-7.954757816409772,112.61362868308365,40.22298548246527,5.009386984660763,179,19.86981426927001,0.0100000000000051,1.7922323133353149,3.403778093851919,1.2645360737524456,0.4026207739834052,0.098499387659459,2.975389121747304,OK,True,100.0,120.0,30.81,32.59,-7.954757816409772,112.61362868308365,40.22298548246527,5.009386984660763,179.0,19.86981426927001,0.0100000000000051,1.7922323133353149,3.403778093851919,1.2645360737524456,0.4026207739834052,0.098499387659459,2.975389121747304,1.7656275431374542,3.3821827182929867,1.2645360737524456,0.098499387659459,2.841075308674916,52.3,2.0,Sedang,False,4793.3,load_profile,0.5991625,False,0.523,35.94975,20.92,56.86975,Sedang,1.6313698975000002,0.01986981426927001,0.0003241501686780306,0.0015950287887935668,6129.71988293116,False
20260811_212352_867,session_20260811_212352_867 (1).zip,tt,dashboard_center,100 Hz,6,120.0,140.0,32.6,34.39,-7.9549262651935795,112.61356579211622,40.03043537894799,5.406016588042928,180,19.924015106839988,0.0100000000000051,1.4456495879677884,2.745359388568792,1.0271366305927336,0.4517161802848797,0.0718134267816506,1.9583099489363365,OK,True,120.0,140.0,32.6,34.39,-7.9549262651935795,112.61356579211622,40.03043537894799,5.406016588042928,180.0,19.924015106839988,0.0100000000000051,1.4456495879677884,2.745359388568792,1.0271366305927336,0.4517161802848797,0.0718134267816506,1.9583099489363365,1.4248776497611364,2.728502109666259,1.0271366305927336,0.0718134267816506,1.872700055872811,27.9,0.0,Rendah,False,5209.3,load_profile,0.6511625,False,0.27899999999999997,39.06975,11.159999999999998,50.229749999999996,Sedang,1.5386323674999998,0.019924015106839988,0.0003065573453394297,0.0019015861341329966,6499.154738070716,False
20260811_212352_867,session_20260811_212352_867 (1).zip,tt,dashboard_center,100 Hz,7,140.0,160.0,34.4,36.36,-7.955103175480788,112.61351456140312,36.575746801162175,4.478421778820631,197,19.890793213385024,0.0100000000000051,1.3158041609918747,2.59020936501557,0.93845786635766,0.4021961273327499,0.2700940176732903,1.3025810017090755,OK,True,140.0,160.0,34.4,36.36,-7.955103175480788,112.61351456140312,36.575746801162175,4.478421778820631,197.0,19.890793213385024,0.0100000000000051,1.3158041609918747,2.59020936501557,0.93845786635766,0.4021961273327499,0.2700940176732903,1.3025810017090755,1.3087323478715605,2.5842757649443446,0.93845786635766,0.2700940176732903,1.2810797023180374,18.6,0.0,Rendah,False,5067.7,load_profile,0.6334624999999999,False,0.18600000000000003,38.007749999999994,7.440000000000001,45.44775,Sedang,1.478042305,0.019890793213385025,0.00029399433849389964,0.0021955804726268963,6765.5576624058385,False
20260811_212352_867,session_20260811_212352_867 (1).zip,tt,dashboard_center,100 Hz,8,160.0,180.0,36.37,38.42,-7.955280363873994,112.61346364888983,34.93802953383797,4.654998460676716,206,19.92670268950002,0.0100000000000051,1.61760867186788,3.040372819692813,1.1280340312642274,0.5018391730845315,0.1145670023363341,2.744738499778697,OK,True,160.0,180.0,36.37,38.42,-7.955280363873994,112.61346364888983,34.93802953383797,4.654998460676716,206.0,19.92670268950002,0.0100000000000051,1.61760867186788,3.040372819692813,1.1280340312642274,0.5018391730845315,0.1145670023363341,2.744738499778697,1.61634991742531,3.039365740566924,1.1280340312642274,0.1145670023363341,2.738147131067092,37.2,2.0,Sedang,False,4837.1,load_profile,0.6046375,False,0.37200000000000005,36.27825,14.880000000000003,51.15825,Sedang,1.5565675300000001,0.019926702689500017,0.00031017258386439406,0.0025057530564912903,6424.2310288294075,False
20260811_212352_867,session_20260811_212352_867 (1).zip,tt,dashboard_center,100 Hz,9,180.0,200.0,38.43,41.28,-7.955434211438816,112.61338147610616,25.15028702176323,7.54815300989279,286,19.88987463859999,0.0100000000000051,1.6390916226495231,3.230462981987458,1.2835730450183689,0.5530452152097761,0.0081715297028001,2.799624640245155,OK,True,180.0,200.0,38.43,41.28,-7.955434211438816,112.61338147610616,25.15028702176323,7.54815300989279,286.0,19.88987463859999,0.0100000000000051,1.6390916226495231,3.230462981987458,1.2835730450183689,0.5530452152097761,0.0081715297028001,2.799624640245155,1.6929064426652682,3.2751818226546896,1.2835730450183689,0.0081715297028001,3.0933699376094874,43.0,2.0,Sedang,False,4802.5,load_profile,0.6003125,False,0.43,36.018750000000004,17.2,53.21875,Sedang,1.5838143749999998,0.01988987463859999,0.0003150186936956259,0.002820771750186916,6313.693120019183,False
20260811_212352_867,session_20260811_212352_867 (1).zip,tt,dashboard_center,100 Hz,10,200.0,220.0,41.29,46.53,-7.9555634435421405,112.61339891171416,13.768862891706068,6.839093077751376,525,19.965788768785018,0.0100000000000051,1.9457239760998508,4.396355382953848,2.33337362296557,0.9516278179655514,0.4131193141714336,3.811210049315491,OK,True,200.0,220.0,41.29,46.53,-7.9555634435421405,112.61339891171416,13.768862891706068,6.839093077751376,525.0,19.965788768785018,0.0100000000000051,1.9457239760998508,4.396355382953848,2.33337362296557,0.9516278179655514,0.4131193141714336,3.811210049315491,2.13522941814104,4.5737271297731805,2.33337362296557,0.4131193141714336,5.078419237749128,75.6,1.0,Tinggi,False,5029.1,load_profile,0.6286375000000001,False,0.7559999999999999,37.718250000000005,30.239999999999995,67.95824999999999,Sedang,1.77463249,0.019965788768785016,0.00035431937437562986,0.003175091124562546,5634.790610019511,False
20260811_212352_867,session_20260811_212352_867 (1).zip,tt,dashboard_center,100 Hz,11,220.0,240.0,46.54,50.46,-7.955756104920394,112.61337286132265,18.244910682153733,5.337939831001926,393,19.93061103689999,0.0100000000000051,1.6380272729898508,3.4594868133893035,1.5976981275970965,0.6522629926363774,0.3090817020623148,2.1231470243725568,OK,True,220.0,240.0,46.54,50.46,-7.955756104920394,112.61337286132265,18.244910682153733,5.337939831001926,393.0,19.93061103689999,0.0100000000000051,1.6380272729898508,3.4594868133893035,1.5976981275970965,0.6522629926363774,0.3090817020623148,2.1231470243725568,1.7473546909255393,3.5559298053373856,1.5976981275970965,0.3090817020623148,2.592063769605856,58.1,2.0,Sedang,False,4814.6,load_profile,0.601825,False,0.581,36.109500000000004,23.24,59.349500000000006,Sedang,1.6634270649999998,0.01993061103689999,0.00033153117820767153,0.0035066223027702174,6011.474472293575,False
20260811_212352_867,session_20260811_212352_867 (1).zip,tt,dashboard_center,100 Hz,12,240.0,260.0,50.47,55.74,-7.955934349694338,112.61337945203908,13.688903961119212,7.983206545815557,528,19.94121033696004,0.0100000000000051,1.504603937636356,3.0367796559582256,1.506005890632546,0.6519162969714605,0.1477498438576792,2.0922967584377634,OK,True,240.0,260.0,50.47,55.74,-7.955934349694338,112.61337945203908,13.688903961119212,7.983206545815557,528.0,19.94121033696004,0.0100000000000051,1.504603937636356,3.0367796559582256,1.506005890632546,0.6519162969714605,0.1477498438576792,2.0922967584377634,1.6521142703039868,3.160087296738118,1.506005890632546,0.1477498438576792,2.793027576877245,54.7,2.0,Sedang,False,4944.6,load_profile,0.618075,False,0.547,37.084500000000006,21.880000000000003,58.96450000000001,Sedang,1.6572624050000002,0.01994121033696004,0.00033047818201641256,0.00383710048478663,6033.815924251006,False
20260811_212352_867,session_20260811_212352_867 (1).zip,tt,dashboard_center,100 Hz,13,260.0,280.0,55.75,61.91,-7.95614269746041,112.61343089466276,11.36263149682432,5.495492377601941,617,19.97081797322994,0.0100000000000051,1.215131938565252,2.3528512564890547,1.3291491253785743,1.2017534801113812,0.1876252183161069,1.0732529691590256,OK,True,260.0,280.0,55.75,61.91,-7.95614269746041,112.61343089466276,11.36263149682432,5.495492377601941,617.0,19.97081797322994,0.0100000000000051,1.215131938565252,2.3528512564890547,1.3291491253785743,1.2017534801113812,0.1876252183161069,1.0732529691590256,1.3595105385774542,2.467998853903484,1.3291491253785743,0.1876252183161069,1.518095257001841,23.3,0.0,Rendah,False,5158.4,load_profile,0.6447999999999999,False,0.233,38.687999999999995,9.32,48.007999999999996,Sedang,1.5101276799999999,0.019970817973229943,0.00030158485013616034,0.0041386853349227905,6621.682566249305,False
20260811_212352_867,session_20260811_212352_867 (1).zip,tt,dashboard_center,100 Hz,14,280.0,300.0,61.92,64.9,-7.956174981408909,112.61363519950892,24.783654350656747,5.746301174494693,299,19.957854565850027,0.0100000000000051,0.9487649092483856,1.9461997231096133,0.7833492916800756,0.5010558608394233,0.0145373472792906,0.9219538875845152,OK,True,280.0,300.0,61.92,64.9,-7.956174981408909,112.61363519950892,24.783654350656747,5.746301174494693,299.0,19.957854565850027,0.0100000000000051,0.9487649092483856,1.9461997231096133,0.7833492916800756,0.5010558608394233,0.0145373472792906,0.9219538875845152,0.9813642267988644,1.9743821638037973,0.7833492916800756,0.0145373472792906,1.023348984094112,8.1,0.0,Rendah,False,5345.0,load_profile,0.668125,False,0.081,40.0875,3.24,43.3275,Sedang,1.444098625,0.019957854565850027,0.00028821110336493995,0.00442689643828773,6924.428246966976,False
20260811_212352_867,session_20260811_212352_867 (1).zip,tt,dashboard_center,100 Hz,15,300.0,320.0,64.91,67.43,-7.956171251703309,112.6138607539119,28.18472134826388,9.768033634880926,253,19.86548322686002,0.0100000000000051,0.952977621150648,1.8689679483327748,0.70502947453299,0.6040628291274012,0.030274709001461,0.9796942247140372,OK,True,300.0,320.0,64.91,67.43,-7.956171251703309,112.6138607539119,28.18472134826388,9.768033634880926,253.0,19.86548322686002,0.0100000000000051,0.952977621150648,1.8689679483327748,0.70502947453299,0.6040628291274012,0.030274709001461,0.9796942247140372,0.9730460111303342,1.8856173209603144,0.70502947453299,0.030274709001461,1.0448269271035908,7.0,0.0,Rendah,False,5264.5,load_profile,0.6580625,False,0.07,39.48375,2.8000000000000003,42.28375,Sedang,1.432050375,0.01986548322686002,0.000284483727045811,0.004711380165333541,6982.665579752016,False
20260811_212352_867,session_20260811_212352_867 (1).zip,tt,dashboard_center,100 Hz,52,1040.0,1060.0,169.04,177.08,-7.954305804286462,112.61804542684978,8.989237247302015,9.936958279605106,805,19.98430226552523,0.0100000000000193,2.289312872862214,5.297337227257715,3.3280868384259,1.3510604293939998,1.1722056455620773,1.9372580195331892,OK,True,1040.0,1060.0,169.04,177.08,-7.954305804286462,112.61804542684978,8.989237247302015,9.936958279605106,805.0,19.98430226552523,0.0100000000000193,2.289312872862214,5.297337227257715,3.3280868384259,1.3510604293939998,1.1722056455620773,1.9372580195331892,2.622440631430792,5.612631558406004,3.3280868384259,1.1722056455620773,2.9472418581143827,84.9,1.0,Tinggi,False,5672.7,load_profile,0.7090875,False,0.8490000000000001,42.545249999999996,33.96,76.50524999999999,Tinggi,1.8854555575000003,0.01998430226552523,0.0003767951376929439,0.005088175303026485,5303.488137226854,False
20260811_212352_867,session_20260811_212352_867 (1).zip,tt,dashboard_center,100 Hz,53,1060.0,1080.0,177.09,184.19,-7.954147921479186,112.61810200542232,10.289840015885918,9.935,693,19.973293185975308,0.1899999999999977,1.8090999435151605,3.919678776212489,2.376129448091356,1.151537695153344,0.274696541749076,2.154332058419343,OK,True,1060.0,1080.0,177.09,184.19,-7.954147921479186,112.61810200542232,10.289840015885918,9.935,693.0,19.973293185975308,0.1899999999999977,1.8090999435151605,3.919678776212489,2.376129448091356,1.151537695153344,0.274696541749076,2.154332058419343,2.044356204217287,4.129008263668172,2.376129448091356,0.274696541749076,3.142665705309699,66.3,1.0,Tinggi,False,5330.6,load_profile,0.6663250000000001,False,0.6629999999999999,39.9795,26.519999999999996,66.4995,Sedang,1.7533496950000003,0.019973293185975308,0.0003502016751577539,0.005438376978184239,5703.058660127796,False
20260811_212352_867,session_20260811_212352_867 (1).zip,tt,dashboard_center,100 Hz,62,1240.0,1260.0,246.43,248.94,-7.952607284642951,112.61850648489984,28.514366130411887,9.935,252,19.949249591440093,0.0100000000000193,0.6147799982164414,1.2243076938163744,0.488250919476309,0.5513991867002318,0.0071551702737311,0.4764631357634784,OK,True,1240.0,1260.0,246.43,248.94,-7.952607284642951,112.61850648489984,28.514366130411887,9.935,252.0,19.949249591440093,0.0100000000000193,0.6147799982164414,1.2243076938163744,0.488250919476309,0.5513991867002318,0.0071551702737311,0.4764631357634784,0.6269922062505083,1.2345991757457755,0.488250919476309,0.0071551702737311,0.5063062670466243,1.2,0.0,Rendah,False,5794.7,load_profile,0.7243375,False,0.012,43.460249999999995,0.48,43.94024999999999,Sedang,1.4411409099999999,0.019949249591440094,0.00028749679710025097,0.0057258737752844905,6938.549411259494,False
20260811_212352_867,session_20260811_212352_867 (1).zip,tt,dashboard_center,100 Hz,63,1260.0,1280.0,248.95,251.02,-7.952493599532385,112.618364896426,34.69509667888496,9.935,208,19.912309727399816,0.0100000000000193,2.2111181142773666,5.243492883092286,1.91619412252538,0.3515413377870389,0.1639934090311099,5.8613790313707135,OK,True,1260.0,1280.0,248.95,251.02,-7.952493599532385,112.618364896426,34.69509667888496,9.935,208.0,19.912309727399816,0.0100000000000193,2.2111181142773666,5.243492883092286,1.91619412252538,0.3515413377870389,0.1639934090311099,5.8613790313707135,2.210949639460156,5.243322853172903,1.91619412252538,0.1639934090311099,5.859999764371099,76.7,1.0,Tinggi,False,5806.7,load_profile,0.7258375,False,0.767,43.55025,30.68,74.23025,Tinggi,1.8536459725,0.019912309727399817,0.00036910372729367246,0.006094977502578163,5394.444597618405,False
20260811_212352_867,session_20260811_212352_867 (1).zip,tt,dashboard_center,100 Hz,64,1280.0,1300.0,251.03,252.95,-7.952378173021981,112.61821963405409,37.369594615920505,9.935,193,19.915333326975087,0.0100000000000193,1.222646046486333,2.1732101895215035,1.1710676179227004,0.4017005323814537,0.0256243337624886,0.61429743394114,OK,True,1280.0,1300.0,251.03,252.95,-7.952378173021981,112.61821963405409,37.369594615920505,9.935,193.0,19.915333326975087,0.0100000000000193,1.222646046486333,2.1732101895215035,1.1710676179227004,0.4017005323814537,0.0256243337624886,0.61429743394114,1.2134497154327284,2.166238651297418,1.1710676179227004,0.0256243337624886,0.6001382833628759,14.0,0.0,Rendah,False,5754.2,load_profile,0.719275,False,0.14,43.1565,5.6000000000000005,48.7565,Sedang,1.5077047000000001,0.019915333326975086,0.0003002644165914698,0.006395241919169632,6632.1743746027205,False
20260811_212352_867,session_20260811_212352_867 (1).zip,tt,dashboard_center,100 Hz,65,1300.0,1320.0,252.96,254.79,-7.952260918019911,112.61808042521233,39.11829799727524,9.97441991336807,184,19.886264231869745,0.0100000000000193,1.1689448294250948,2.199516083782824,0.8545884785929782,0.5531456221109338,0.0199887770443337,1.3107247150172403,OK,True,1300.0,1320.0,252.96,254.79,-7.952260918019911,112.61808042521233,39.11829799727524,9.97441991336807,184.0,19.886264231869745,0.0100000000000193,1.1689448294250948,2.199516083782824,0.8545884785929782,0.5531456221109338,0.0199887770443337,1.3107247150172403,1.1548246827774895,2.188169681897188,0.8545884785929782,0.0199887770443337,1.2624379835787467,11.6,0.0,Rendah,False,5424.2,load_profile,0.678025,False,0.11599999999999999,40.6815,4.64,45.3215,Sedang,1.46894518,0.019886264231869746,0.00029211831991611466,0.006687360239085747,6807.150736541504,False
20260811_212352_867,session_20260811_212352_867 (1).zip,tt,dashboard_center,100 Hz,66,1320.0,1340.0,254.8,256.58,-7.952142832617053,112.61793774265968,40.15802396723169,9.935,179,19.83259003748958,0.0100000000000477,1.21190653784731,2.2828586808089097,0.980662162448564,0.4033764619183669,0.029498486543736,0.4392908701303593,OK,True,1320.0,1340.0,254.8,256.58,-7.952142832617053,112.61793774265968,40.15802396723169,9.935,179.0,19.83259003748958,0.0100000000000477,1.21190653784731,2.2828586808089097,0.980662162448564,0.4033764619183669,0.029498486543736,0.4392908701303593,1.1941106468907812,2.268532061247378,0.980662162448564,0.029498486543736,0.4196713890728249,12.8,0.0,Rendah,False,5245.6,load_profile,0.6557000000000001,False,0.128,39.342000000000006,5.12,44.462,Sedang,1.46140592,0.01983259003748958,0.00028983464489720296,0.00697719488398295,6842.24837443631,False
20260811_212352_867,session_20260811_212352_867 (1).zip,tt,dashboard_center,100 Hz,67,1340.0,1360.0,256.59000000000003,258.4,-7.952030039651876,112.61780230098796,39.62108167825469,9.935,182,19.917204965174506,0.0100000000000477,1.2947127277303452,2.4672192598309675,0.8876678452987768,0.301247088157755,0.0234396312262007,0.7898712499386961,OK,True,1340.0,1360.0,256.59000000000003,258.4,-7.952030039651876,112.61780230098796,39.62108167825469,9.935,182.0,19.917204965174506,0.0100000000000477,1.2947127277303452,2.4672192598309675,0.8876678452987768,0.301247088157755,0.0234396312262007,0.7898712499386961,1.2774303745388451,2.453149623410549,0.8876678452987768,0.0234396312262007,0.7577583868902725,16.3,0.0,Rendah,False,5692.5,load_profile,0.7115625,False,0.163,42.69375,6.5200000000000005,49.213750000000005,Sedang,1.5153344375,0.019917204965174507,0.0003018122658247492,0.007279007149807699,6598.722929957183,False
20260811_212352_867,session_20260811_212352_867 (1).zip,tt,dashboard_center,100 Hz,68,1360.0,1380.0,258.41,260.19,-7.951912357554459,112.61767197441034,40.05798480459117,9.935,179,19.819538538219604,0.0100000000000477,1.4430687669533455,2.8615240960480706,1.1846197451678475,0.4036420920988124,0.0595928644236224,1.697814516580492,OK,True,1360.0,1380.0,258.41,260.19,-7.951912357554459,112.61767197441034,40.05798480459117,9.935,179.0,19.819538538219604,0.0100000000000477,1.4430687669533455,2.8615240960480706,1.1846197451678475,0.4036420920988124,0.0595928644236224,1.697814516580492,1.422235429424779,2.843869730306568,1.1846197451678475,0.0595928644236224,1.6232453118356285,31.4,0.0,Rendah,False,5583.7,load_profile,0.6979624999999999,False,0.314,41.87775,12.56,54.43775,Sedang,1.588209545,0.019819538538219602,0.0003147758028389572,0.007593782952646656,6295.920241245455,False
20260811_212352_867,session_20260811_212352_867 (1).zip,tt,dashboard_center,100 Hz,69,1380.0,1400.0,260.2,261.97,-7.951795866902528,112.6175359513521,40.630331928876245,9.935,178,19.95628121301047,0.0100000000000477,1.9608320210094976,4.779774575818982,1.6656825978075689,0.400876291259336,0.2467063552376174,5.203862960067449,OK,True,1380.0,1400.0,260.2,261.97,-7.951795866902528,112.6175359513521,40.630331928876245,9.935,178.0,19.95628121301047,0.0100000000000477,1.9608320210094976,4.779774575818982,1.6656825978075689,0.400876291259336,0.2467063552376174,5.203862960067449,1.9297664301739528,4.747399783564096,1.6656825978075689,0.2467063552376174,4.953412588722787,74.4,1.0,Tinggi,False,5754.0,load_profile,0.71925,False,0.7440000000000001,43.154999999999994,29.760000000000005,72.91499999999999,Tinggi,1.8361744,0.01995628121301047,0.0003664321268253077,0.007960215079471963,5445.672251226274,False
20260811_212352_867,session_20260811_212352_867 (1).zip,tt,dashboard_center,100 Hz,70,1400.0,1420.0,261.98,263.74,-7.951672680873544,112.61740008657678,40.64311139703426,9.935,177,19.85606560173983,0.0100000000000477,1.2976317899736958,2.299622060878849,0.8804933933978518,0.3525371108456977,0.0373717215826797,1.8209778469636135,OK,True,1400.0,1420.0,261.98,263.74,-7.951672680873544,112.61740008657678,40.64311139703426,9.935,177.0,19.85606560173983,0.0100000000000477,1.2976317899736958,2.299622060878849,0.8804933933978518,0.3525371108456977,0.0373717215826797,1.8209778469636135,1.2770329036477452,2.284015291537425,0.8804933933978518,0.0373717215826797,1.7331687866237075,15.1,0.0,Rendah,False,5791.4,load_profile,0.7239249999999999,False,0.151,43.4355,6.04,49.4755,Sedang,1.516617535,0.019856065601739827,0.0003011405726770895,0.008261355652149053,6593.075468057796,False
20260811_212352_867,session_20260811_212352_867 (1).zip,tt,dashboard_center,100 Hz,71,1420.0,1440.0,263.75,265.52,-7.951553449291802,112.61726509507184,40.4457759921939,9.935,178,19.903937202869656,0.0100000000000477,1.0329788354760594,1.8510971341882687,0.7199737836851426,0.4521718446088356,0.0332645667312319,0.6227164568571548,OK,True,1420.0,1440.0,263.75,265.52,-7.951553449291802,112.61726509507184,40.4457759921939,9.935,178.0,19.903937202869656,0.0100000000000477,1.0329788354760594,1.8510971341882687,0.7199737836851426,0.4521718446088356,0.0332645667312319,0.6227164568571548,1.017079211906656,1.83891767416856,0.7199737836851426,0.0332645667312319,0.5935859563452183,7.0,0.0,Rendah,False,5673.2,load_profile,0.70915,False,0.07,42.549,2.8000000000000003,45.349,Sedang,1.4634181,0.019903937202869655,0.0002912778196394282,0.008552633471788482,6832.732721190766,False
20260811_212352_867,session_20260811_212352_867 (1).zip,tt,dashboard_center,100 Hz,79,1580.0,1600.0,277.88,279.75,-7.950578419107288,112.61613765940552,38.30396709293359,9.935,188,19.87132916646988,0.0100000000000477,1.3647748427518078,2.6274075240962427,0.9397794394421828,0.5032376000732562,0.0063583344333953,1.449726769023442,OK,True,1580.0,1600.0,277.88,279.75,-7.950578419107288,112.61613765940552,38.30396709293359,9.935,188.0,19.87132916646988,0.0100000000000477,1.3647748427518078,2.6274075240962427,0.9397794394421828,0.5032376000732562,0.0063583344333953,1.449726769023442,1.351146921561724,2.6162100912429382,0.9397794394421828,0.0063583344333953,1.4054802728833902,19.8,0.0,Rendah,False,5468.4,load_profile,0.68355,False,0.198,41.013,7.92,48.933,Sedang,1.51639858,0.01987132916646988,0.00030132855330747505,0.008853962025095957,6593.988371973739,False
20260811_212352_867,session_20260811_212352_867 (1).zip,tt,dashboard_center,100 Hz,83,1660.0,1680.0,317.86,323.23,-7.950088802987196,112.61557880332848,13.479257157481191,9.961935195575627,538,19.957750238789917,0.0100000000000477,0.6098021483268109,1.2203792740850514,0.5775199896391755,1.2526462001418357,0.0089338806163458,0.3246759839549715,OK,True,1660.0,1680.0,317.86,323.23,-7.950088802987196,112.61557880332848,13.479257157481191,9.961935195575627,538.0,19.957750238789917,0.0100000000000477,0.6098021483268109,1.2203792740850514,0.5775199896391755,1.2526462001418357,0.0089338806163458,0.3246759839549715,0.6706276295083587,1.270772224813932,0.5775199896391755,0.0089338806163458,0.4354975138599093,2.3,0.0,Rendah,False,5637.2,load_profile,0.70465,False,0.023,42.278999999999996,0.9199999999999999,43.199,Sedang,1.43523139,0.019957750238789918,0.0002864398961649128,0.009140401921260869,6966.880761859504,False
20260811_212352_867,session_20260811_212352_867 (1).zip,tt,dashboard_center,100 Hz,84,1680.0,1700.0,323.24,328.26,-7.94998411081673,112.61546920240076,14.431728337243936,9.935,503,19.96105441456029,0.0100000000000477,0.8072584335589192,1.7785836640359358,0.7682591096620993,1.0520486324951783,0.0698976216304824,0.3863278603765329,OK,True,1680.0,1700.0,323.24,328.26,-7.94998411081673,112.61546920240076,14.431728337243936,9.935,503.0,19.96105441456029,0.0100000000000477,0.8072584335589192,1.7785836640359358,0.7682591096620993,1.0520486324951783,0.0698976216304824,0.3863278603765329,0.8816996739283286,1.8466182108147704,0.7682591096620993,0.0698976216304824,0.5073106171666423,5.8,0.0,Rendah,False,5077.4,load_profile,0.634675,False,0.057999999999999996,38.0805,2.32,40.4005,Sedang,1.4113672300000002,0.01996105441456029,0.00028172378076957237,0.009422125702030442,7084.660586479534,False
20260811_212352_867,session_20260811_212352_867 (1).zip,tt,dashboard_center,100 Hz,87,1740.0,1760.0,335.17,337.25,-7.94948542341971,112.61572157210774,34.642582628352336,9.95907096907962,209,19.93380161862001,0.0100000000000477,2.0774110846862923,3.9968966653951896,1.593940539683428,0.4514944099570636,0.1470845169582937,4.340868611024154,OK,True,1740.0,1760.0,335.17,337.25,-7.94948542341971,112.61572157210774,34.642582628352336,9.95907096907962,209.0,19.93380161862001,0.0100000000000477,2.0774110846862923,3.9968966653951896,1.593940539683428,0.4514944099570636,0.1470845169582937,4.340868611024154,2.0775695037786783,3.997026374539678,1.593940539683428,0.1470845169582937,4.3418910946140805,66.3,1.0,Tinggi,False,4955.1,load_profile,0.6193875000000001,False,0.6629999999999999,37.163250000000005,26.519999999999996,63.68325,Sedang,1.7189632825,0.01993380161862001,0.0003426547306304687,0.009764780432660911,5816.891857872905,False
20260811_212352_867,session_20260811_212352_867 (1).zip,tt,dashboard_center,100 Hz,88,1760.0,1780.0,337.26,339.33,-7.9493349104879965,112.61582942849458,34.604681626757944,9.935,208,19.860038557889997,0.0100000000000477,1.889121998254062,3.459501777030407,1.362596016694247,0.5035236951253149,0.1444949509914948,2.5626489218317183,OK,True,1760.0,1780.0,337.26,339.33,-7.9493349104879965,112.61582942849458,34.604681626757944,9.935,208.0,19.860038557889997,0.0100000000000477,1.889121998254062,3.459501777030407,1.362596016694247,0.5035236951253149,0.1444949509914948,2.5626489218317183,1.889474216729428,3.459776259454822,1.362596016694247,0.1444949509914948,2.564124920077444,53.5,2.0,Sedang,False,5252.9,load_profile,0.6566124999999999,False,0.535,39.39675,21.400000000000002,60.79675,Sedang,1.6782250375,0.019860038557889998,0.0003332961395356639,0.010098076572196574,5958.07473307511,False
20260811_212352_867,session_20260811_212352_867 (1).zip,tt,dashboard_center,100 Hz,89,1780.0,1800.0,339.34000000000003,341.58,-7.949189766335597,112.61593440739423,32.04541935190892,9.961469117914456,225,19.97769184681465,0.0100000000000477,0.9109908909786496,1.8200961582111164,0.713902862161875,0.5005583265913901,0.042287991202094,0.4888348349715515,OK,True,1780.0,1800.0,339.34000000000003,341.58,-7.949189766335597,112.61593440739423,32.04541935190892,9.961469117914456,225.0,19.97769184681465,0.0100000000000477,0.9109908909786496,1.8200961582111164,0.713902862161875,0.5005583265913901,0.042287991202094,0.4888348349715515,0.9182341810213394,1.826240841509732,0.713902862161875,0.042287991202094,0.5009392969830975,4.7,0.0,Rendah,False,5506.6,load_profile,0.6883250000000001,False,0.047,41.2995,1.88,43.179500000000004,Sedang,1.438265255,0.019977691846814652,0.0002873322005837029,0.010385408772780278,6952.098317304288,False
20260811_212352_867,session_20260811_212352_867 (1).zip,tt,dashboard_center,100 Hz,90,1800.0,1820.0,341.59000000000003,343.65000000000003,-7.949041292374116,112.61604308587196,34.69923390477482,9.935,207,19.821402890435365,0.0100000000000477,1.18474680558717,2.3343527588501938,0.9542546634661688,0.3531536107052133,0.0297184566601324,1.352797900711868,OK,True,1800.0,1820.0,341.59000000000003,343.65000000000003,-7.949041292374116,112.61604308587196,34.69923390477482,9.935,207.0,19.821402890435365,0.0100000000000477,1.18474680558717,2.3343527588501938,0.9542546634661688,0.3531536107052133,0.0297184566601324,1.352797900711868,1.1846423176821097,2.3342651415084763,0.9542546634661688,0.0297184566601324,1.3524294380872532,15.1,0.0,Rendah,False,5287.1,load_profile,0.6608875000000001,False,0.151,39.65325000000001,6.04,45.693250000000006,Sedang,1.4768913025,0.019821402890435366,0.0002927405753223235,0.0106781493481026,6770.255988466823,False
20260811_212352_867,session_20260811_212352_867 (1).zip,tt,dashboard_center,100 Hz,91,1820.0,1840.0,343.66,345.64,-7.948895573180771,112.61615762818349,36.30493528297747,9.973903075836056,199,19.9694850743997,0.0100000000000477,3.002414534308871,6.270058908866308,2.331792484327278,0.4006112310955763,1.7869239694630477,6.64886772540112,OK,True,1820.0,1840.0,343.66,345.64,-7.948895573180771,112.61615762818349,36.30493528297747,9.973903075836056,199.0,19.9694850743997,0.0100000000000477,3.002414534308871,6.270058908866308,2.331792484327278,0.4006112310955763,1.7869239694630477,6.64886772540112,2.9885124869169006,6.257687179061675,2.331792484327278,1.7869239694630477,6.554240889301052,87.2,1.0,Tinggi,False,5358.4,load_profile,0.6698,False,0.872,40.187999999999995,34.88,75.068,Tinggi,1.86749312,0.0199694850743997,0.00037292875986384125,0.011051078107966442,5354.180310013245,False
20260811_212352_867,session_20260811_212352_867 (1).zip,tt,dashboard_center,100 Hz,143,2860.0,2880.0,453.85,455.88,-7.941621831708606,112.62242233756292,35.44010233580258,9.996271528028174,204,19.9397935915149,0.0100000000000477,1.348445759185658,2.669138762500689,1.0331665908591454,0.4012077639261164,0.0762080040369348,1.8108056967892472,OK,True,2860.0,2880.0,453.85,455.88,-7.941621831708606,112.62242233756292,35.44010233580258,9.996271528028174,204.0,19.9397935915149,0.0100000000000477,1.348445759185658,2.669138762500689,1.0331665908591454,0.4012077639261164,0.0762080040369348,1.8108056967892472,1.3454629401189744,2.66662448710862,1.0331665908591454,0.0762080040369348,1.7984626680041975,24.4,0.0,Rendah,False,4432.7,load_profile,0.5540875,False,0.244,33.24525,9.76,43.00525,Sedang,1.45709197,0.0199397935915149,0.00029054113125653825,0.01134161923922298,6862.2063973601325,False
20260811_212352_867,session_20260811_212352_867 (1).zip,tt,dashboard_center,100 Hz,144,2880.0,2900.0,455.89,457.97,-7.9415049927503585,112.62256212128936,34.63088268576878,9.954656976064136,209,19.922423883225747,0.0100000000000477,1.3527967954622186,2.684753654348365,1.0474713584854691,0.3011681728673523,0.042482430264331,2.32977145142438,OK,True,2880.0,2900.0,455.89,457.97,-7.9415049927503585,112.62256212128936,34.63088268576878,9.954656976064136,209.0,19.922423883225747,0.0100000000000477,1.3527967954622186,2.684753654348365,1.0474713584854691,0.3011681728673523,0.042482430264331,2.32977145142438,1.352945952707282,2.684879626511627,1.0474713584854691,0.042482430264331,2.330564929910625,25.6,0.0,Rendah,False,4255.2,load_profile,0.5318999999999999,False,0.256,31.913999999999994,10.24,42.153999999999996,Sedang,1.44877328,0.019922423883225748,0.000288630753948513,0.011630249993171493,6901.588476977352,False
20260811_212352_867,session_20260811_212352_867 (1).zip,tt,dashboard_center,100 Hz,174,3480.0,3500.0,616.51,619.9300000000001,-7.942832469758849,112.62373128150725,21.251820528182453,9.935,343,19.94622496894499,0.0100000000001045,2.527408491578412,4.837150197274108,2.1401770551644144,0.7018872002996615,0.0431971341774626,5.1507380221420815,OK,True,3480.0,3500.0,616.51,619.9300000000001,-7.942832469758849,112.62373128150725,21.251820528182453,9.935,343.0,19.94622496894499,0.0100000000001045,2.527408491578412,4.837150197274108,2.1401770551644144,0.7018872002996615,0.0431971341774626,5.1507380221420815,2.6550158765213365,4.939616744034479,2.1401770551644144,0.0431971341774626,5.997076155401958,80.2,1.0,Tinggi,False,3423.3,load_profile,0.42791250000000003,False,0.802,25.674750000000003,32.08,57.75475,Sedang,1.6461846649999998,0.01994622496894499,0.00032835169668517337,0.011958601689856668,6073.926183628382,False
20260811_212352_867,session_20260811_212352_867 (1).zip,tt,dashboard_center,100 Hz,175,3500.0,3520.0,619.94,624.02,-7.942701591749528,112.62377769316134,17.350942278587393,9.935,409,19.94309075620004,0.0100000000001045,3.085482117943641,6.19443770248092,2.8389975136299817,0.8022828655596334,0.0446533278942106,7.034708558207312,OK,True,3500.0,3520.0,619.94,624.02,-7.942701591749528,112.62377769316134,17.350942278587393,9.935,409.0,19.94309075620004,0.0100000000001045,3.085482117943641,6.19443770248092,2.8389975136299817,0.8022828655596334,0.0446533278942106,7.034708558207312,3.308102401077716,6.38084110914816,2.8389975136299817,0.0446533278942106,8.723568316197701,91.9,1.0,Tinggi,True,3521.7,load_profile,0.44021249999999995,False,0.919,26.412749999999996,36.760000000000005,63.17275,Sedang,1.7126385574999998,0.01994309075620004,0.00034155306184790015,0.012300154751704567,5838.225433345606,False
20260811_212352_867,session_20260811_212352_867 (1).zip,tt,dashboard_center,100 Hz,176,3520.0,3540.0,624.03,626.5500000000001,-7.9425712005475875,112.62365525258906,28.61932328365477,9.935,253,19.92969575205097,0.0100000000001045,4.292038908628554,8.230884865637755,3.223434482168306,0.5017638063526833,0.0944155069364904,14.890264741358154,OK,True,3520.0,3540.0,624.03,626.5500000000001,-7.9425712005475875,112.62365525258906,28.61932328365477,9.935,253.0,19.92969575205097,0.0100000000001045,4.292038908628554,8.230884865637755,3.223434482168306,0.5017638063526833,0.0944155069364904,14.890264741358154,4.375679137423039,8.29876728305914,3.223434482168306,0.0944155069364904,15.804850988016872,97.7,1.0,Tinggi,True,4074.4,load_profile,0.5093,False,0.977,30.558,39.08,69.638,Sedang,1.79589722,0.01992969575205097,0.00035791685196554147,0.012658071603670109,5567.54255281916,False
20260811_212352_867,session_20260811_212352_867 (1).zip,tt,dashboard_center,100 Hz,177,3540.0,3560.0,626.5600000000001,628.82,-7.942440111354681,112.62353527407444,31.632708154114148,9.935,227,19.88962822450003,0.0100000000001045,3.716056737398085,7.251569218492263,2.784149202668722,0.5027746062986742,0.0963060707373349,12.562593926219463,OK,True,3540.0,3560.0,626.5600000000001,628.82,-7.942440111354681,112.62353527407444,31.632708154114148,9.935,227.0,19.88962822450003,0.0100000000001045,3.716056737398085,7.251569218492263,2.784149202668722,0.5027746062986742,0.0963060707373349,12.562593926219463,3.7504929535711695,7.2800915714068,2.784149202668722,0.0963060707373349,12.925646119308546,95.3,1.0,Tinggi,True,3989.0,load_profile,0.498625,False,0.953,29.9175,38.12,68.0375,Sedang,1.775412925,0.01988962822450003,0.0003531230302322215,0.01301119463390233,5631.759654186707,False
20260811_212352_867,session_20260811_212352_867 (1).zip,tt,dashboard_center,100 Hz,178,3560.0,3580.0,628.83,630.92,-7.942300941210659,112.62341484642852,34.30761815831188,9.935,210,19.909357413274392,0.0100000000001045,5.119366622243794,9.747330507588364,3.760117864181823,0.4520487433712615,0.3287549010640789,33.536822036914465,OK,True,3560.0,3580.0,628.83,630.92,-7.942300941210659,112.62341484642852,34.30761815831188,9.935,210.0,19.909357413274392,0.0100000000001045,5.119366622243794,9.747330507588364,3.760117864181823,0.4520487433712615,0.3287549010640789,33.536822036914465,5.124766073354255,9.751704315198008,3.760117864181823,0.3287549010640789,33.64619087429601,100.0,1.0,Tinggi,True,3684.3,load_profile,0.46053750000000004,False,1.0,27.632250000000003,40.0,67.63225,Sedang,1.76843,0.019909357413274393,0.00035208304930356833,0.013363277683205898,5653.977636791775,False
20260811_212352_867,session_20260811_212352_867 (1).zip,tt,dashboard_center,100 Hz,179,3580.0,3600.0,630.9300000000001,632.98,-7.94216763658682,112.62329586673825,34.9364936393551,9.935,206,19.92992183584965,0.0100000000001045,4.091576104996397,8.070370996861465,2.9652305254977724,0.5017581143751475,0.5704531698524096,13.988260358199188,OK,True,3580.0,3600.0,630.9300000000001,632.98,-7.94216763658682,112.62329586673825,34.9364936393551,9.935,206.0,19.92992183584965,0.0100000000001045,4.091576104996397,8.070370996861465,2.9652305254977724,0.5017581143751475,0.5704531698524096,13.988260358199188,4.088410303439472,8.067712995459134,2.9652305254977724,0.5704531698524096,13.954858867510906,96.5,1.0,Tinggi,True,3540.0,load_profile,0.4425,False,0.965,26.55,38.6,65.15,Sedang,1.7369025,0.01992992183584965,0.00034616331061491847,0.013709440993820817,5756.586253920768,False
20260811_212352_867,session_20260811_212352_867 (1).zip,tt,dashboard_center,100 Hz,180,3600.0,3620.0,632.99,635.24,-7.942025916787658,112.62317038926751,31.975257947065533,9.935,226,19.941690045385258,0.0100000000001045,4.757460936247507,9.012367105293796,3.723951083902538,0.4513158102205438,3.0978393325418105,18.465689832020868,OK,True,3600.0,3620.0,632.99,635.24,-7.942025916787658,112.62317038926751,31.975257947065533,9.935,226.0,19.941690045385258,0.0100000000001045,4.757460936247507,9.012367105293796,3.723951083902538,0.4513158102205438,3.0978393325418105,18.465689832020868,4.796345474063277,9.0436420351492,3.723951083902538,3.0978393325418105,18.935832152865277,98.8,1.0,Tinggi,True,3266.0,load_profile,0.40825,False,0.988,24.495,39.519999999999996,64.015,Sedang,1.7208202,0.019941690045385256,0.0003431606305223787,0.014052601624343195,5810.365742939074,False
20260811_212352_867,session_20260811_212352_867 (1).zip,tt,dashboard_center,100 Hz,181,3620.0,3640.0,635.25,637.6800000000001,-7.94188564134789,112.62305488251452,29.669627126343727,3.79,244,19.87574534372516,0.0100000000001045,3.101944063972089,5.916707892262787,2.443303082371364,0.6540635219048098,0.2469830429711071,6.449657560673195,OK,True,3620.0,3640.0,635.25,637.6800000000001,-7.94188564134789,112.62305488251452,29.669627126343727,3.79,244.0,19.87574534372516,0.0100000000001045,3.101944063972089,5.916707892262787,2.443303082371364,0.6540635219048098,0.2469830429711071,6.449657560673195,3.1509418685859285,5.956302528180519,2.443303082371364,0.2469830429711071,6.769536192257474,87.2,1.0,Tinggi,False,3738.3,load_profile,0.4672875,False,0.872,28.03725,34.88,62.91725,Sedang,1.71066744,0.01987574534372516,0.00034000790405242236,0.014392609528395618,5844.8302137832,False
20260811_212352_867,session_20260811_212352_867 (1).zip,tt,dashboard_center,100 Hz,182,3640.0,3660.0,637.69,640.8000000000001,-7.941755571624228,112.62293333304584,22.912093328439333,3.79,312,19.97529334592491,0.0100000000001045,3.187512535353266,6.717947191666584,2.8569685334012918,0.5506802733509829,0.1448110925354155,10.36945399526502,OK,True,3640.0,3660.0,637.69,640.8000000000001,-7.941755571624228,112.62293333304584,22.912093328439333,3.79,312.0,19.97529334592491,0.0100000000001045,3.187512535353266,6.717947191666584,2.8569685334012918,0.5506802733509829,0.1448110925354155,10.36945399526502,3.323193325634102,6.8381874122147766,2.8569685334012918,0.1448110925354155,11.794262387483297,94.2,1.0,Tinggi,True,4315.5,load_profile,0.5394375,False,0.9420000000000001,32.36625,37.68,70.04625,Tinggi,1.802092525,0.019975293345924912,0.0003599732682337352,0.014752582796629353,5548.28600807849,False
20260811_212352_867,session_20260811_212352_867 (1).zip,tt,dashboard_center,100 Hz,183,3660.0,3680.0,640.8100000000001,645.46,-7.9416503759216575,112.62278505657288,15.475401393347832,4.751710671977975,466,19.929261703734483,0.0100000000001045,2.7909008808013933,5.614116554074813,3.215899088762518,1.0035494689827,0.1396819004485699,4.671190480885779,OK,True,3660.0,3680.0,640.8100000000001,645.46,-7.9416503759216575,112.62278505657288,15.475401393347832,4.751710671977975,466.0,19.929261703734483,0.0100000000001045,2.7909008808013933,5.614116554074813,3.215899088762518,1.0035494689827,0.1396819004485699,4.671190480885779,3.0269172362218235,5.811462178176728,3.215899088762518,0.1396819004485699,6.002321653787598,86.0,1.0,Tinggi,False,3943.1,load_profile,0.4928875,False,0.86,29.573249999999998,34.4,63.97324999999999,Sedang,1.72450915,0.019929261703734484,0.00034368194160834704,0.0150962647382377,5797.876093337154,False
20260811_212352_867,session_20260811_212352_867 (1).zip,tt,dashboard_center,100 Hz,184,3680.0,3700.0,645.47,651.27,-7.941662612481394,112.62264609679876,12.455083873837388,6.560329766150727,581,19.978869442715222,0.0100000000001045,1.7648380255595588,3.3397283375467994,2.5544714116300526,1.0511105275607628,0.2629232940472753,2.6335237359546704,OK,True,3680.0,3700.0,645.47,651.27,-7.941662612481394,112.62264609679876,12.455083873837388,6.560329766150727,581.0,19.978869442715222,0.0100000000001045,1.7648380255595588,3.3397283375467994,2.5544714116300526,1.0511105275607628,0.2629232940472753,2.6335237359546704,1.9563720758911296,3.489426072595172,2.5544714116300526,0.2629232940472753,3.620270970720952,62.8,1.0,Tinggi,False,3761.7,load_profile,0.4702125,False,0.628,28.21275,25.12,53.332750000000004,Sedang,1.5923861900000003,0.019978869442715222,0.0003181407579239272,0.015414405496161628,6278.915643855454,False
20260811_212352_867,session_20260811_212352_867 (1).zip,tt,dashboard_center,100 Hz,186,3720.0,3740.0,654.11,656.17,-7.942008455188104,112.62226095455588,34.96811511965094,9.81325788110659,207,19.8642066772195,0.0100000000001045,2.3998458565256824,5.007021546526994,1.7906465046071276,0.4530762363805499,0.127609718521124,3.772056282935952,OK,True,3720.0,3740.0,654.11,656.17,-7.942008455188104,112.62226095455588,34.96811511965094,9.81325788110659,207.0,19.8642066772195,0.0100000000001045,2.3998458565256824,5.007021546526994,1.7906465046071276,0.4530762363805499,0.127609718521124,3.772056282935952,2.3977706691685223,5.005178512165126,1.7906465046071276,0.127609718521124,3.761991140063581,73.3,1.0,Tinggi,False,3590.5,load_profile,0.4488125,False,0.733,26.92875,29.32,56.24875,Sedang,1.6282834125,0.019864206677219498,0.0003234455823498825,0.01573785107851151,6140.470472238597,False
20260811_212352_867,session_20260811_212352_867 (1).zip,tt,dashboard_center,100 Hz,187,3740.0,3760.0,656.1800000000001,658.0500000000001,-7.942148705961156,112.62207336516332,38.64921179396346,8.294234491199791,188,19.874566547679933,0.0100000000001045,2.3697596730437502,4.314126892345026,1.5979822867359856,0.352208939158834,0.5875495913932576,4.945858835672247,OK,True,3740.0,3760.0,656.1800000000001,658.0500000000001,-7.942148705961156,112.62207336516332,38.64921179396346,8.294234491199791,188.0,19.874566547679933,0.0100000000001045,2.3697596730437502,4.314126892345026,1.5979822867359856,0.352208939158834,0.5875495913932576,4.945858835672247,2.343978723342631,4.2940903715574015,1.5979822867359856,0.5875495913932576,4.781552695875671,73.3,1.0,Tinggi,False,3844.7,load_profile,0.4805875,False,0.733,28.83525,29.32,58.155249999999995,Sedang,1.6520066274999998,0.019874566547679932,0.0003283291565545704,0.01606618023506608,6052.271955535175,False
20260811_212352_867,session_20260811_212352_867 (1).zip,tt,dashboard_center,100 Hz,188,3760.0,3780.0,658.0600000000001,660.03,-7.942261221350569,112.62194904163204,36.21318279504423,6.225971294358358,198,19.908665905059024,0.0100000000001045,2.529239363913665,6.1704834450824055,2.1182147678161907,0.3516056793248621,0.1717251503636472,7.819518023909021,OK,True,3760.0,3780.0,658.0600000000001,660.03,-7.942261221350569,112.62194904163204,36.21318279504423,6.225971294358358,198.0,19.908665905059024,0.0100000000001045,2.529239363913665,6.1704834450824055,2.1182147678161907,0.3516056793248621,0.1717251503636472,7.819518023909021,2.5181695067652705,6.158975699912568,2.1182147678161907,0.1717251503636472,7.71429622170602,80.2,1.0,Tinggi,False,3933.1,load_profile,0.4916375,False,0.802,29.49825,32.08,61.57825,Sedang,1.694641155,0.019908665905059023,0.0003373804458385834,0.016403560680904664,5899.986327153673,False
20260811_212352_867,session_20260811_212352_867 (1).zip,tt,dashboard_center,100 Hz,189,3780.0,3800.0,660.04,662.1800000000001,-7.942391836756485,112.62180428536232,34.11398805654228,7.101290492635417,215,19.964683142886315,0.0100000000001045,1.3847556541414878,2.588803896670889,1.0128688406965294,0.4507960349577008,0.0739360697861685,1.6517104030119223,OK,True,3780.0,3800.0,660.04,662.1800000000001,-7.942391836756485,112.62180428536232,34.11398805654228,7.101290492635417,215.0,19.964683142886315,0.0100000000001045,1.3847556541414878,2.588803896670889,1.0128688406965294,0.4507960349577008,0.0739360697861685,1.6517104030119223,1.3870060546637448,2.590593494116465,1.0128688406965294,0.0739360697861685,1.6600149792345578,25.6,0.0,Rendah,False,3910.3,load_profile,0.48878750000000004,False,0.256,29.327250000000003,10.24,39.56725,Rendah,1.4206984200000001,0.019964683142886314,0.00028363793796899224,0.016687198618873657,7037.616949090513,False
20260811_212352_867,session_20260811_212352_867 (1).zip,tt,dashboard_center,100 Hz,190,3800.0,3820.0,662.19,664.96,-7.94249789598442,112.6216464502206,25.53809560033254,7.169558351568654,278,19.91636329507992,0.0100000000001045,1.519066487586848,3.355369186669328,1.3069550430036283,0.5020996982150036,0.0086554585386012,2.035850299395782,OK,True,3800.0,3820.0,662.19,664.96,-7.94249789598442,112.6216464502206,25.53809560033254,7.169558351568654,278.0,19.91636329507992,0.0100000000001045,1.519066487586848,3.355369186669328,1.3069550430036283,0.5020996982150036,0.0086554585386012,2.035850299395782,1.5665261851037875,3.39958820977448,1.3069550430036283,0.0086554585386012,2.2387834476845168,39.5,2.0,Sedang,False,4092.2,load_profile,0.511525,False,0.395,30.6915,15.8,46.4915,Sedang,1.505325475,0.019916363295079918,0.0002998060903743874,0.016987004709248042,6641.9531626733915,False
20260811_212352_867,session_20260811_212352_867 (1).zip,tt,dashboard_center,100 Hz,191,3820.0,3840.0,664.97,667.24,-7.942604542132521,112.6214915005693,31.18806399018652,8.863864635043267,228,19.837894969224635,0.0100000000001045,1.4841796316523037,2.8739901771847367,1.0854928874937375,0.4032685933870876,0.0104949897697147,2.1659478076708085,OK,True,3820.0,3840.0,664.97,667.24,-7.942604542132521,112.6214915005693,31.18806399018652,8.863864635043267,228.0,19.837894969224635,0.0100000000001045,1.4841796316523037,2.8739901771847367,1.0854928874937375,0.4032685933870876,0.0104949897697147,2.1659478076708085,1.5000690615625254,2.887044346824967,1.0854928874937375,0.0104949897697147,2.238370896195522,31.4,0.0,Rendah,False,4020.6,load_profile,0.502575,False,0.314,30.1545,12.56,42.7145,Sedang,1.45870671,0.019837894969224636,0.0002893767050388322,0.017276381414286876,6854.2033112732925,False
20260811_212352_867,session_20260811_212352_867 (1).zip,tt,dashboard_center,100 Hz,192,3840.0,3860.0,667.25,669.36,-7.942722440603907,112.6213565488442,34.21586123872923,8.408452036612989,212,19.93874544814525,0.0100000000001045,2.7923614691265723,5.047438159427646,2.064683861107685,0.4513824615197743,0.2272448104344229,6.490569757949673,OK,True,3840.0,3860.0,667.25,669.36,-7.942722440603907,112.6213565488442,34.21586123872923,8.408452036612989,212.0,19.93874544814525,0.0100000000001045,2.7923614691265723,5.047438159427646,2.064683861107685,0.4513824615197743,0.2272448104344229,6.490569757949673,2.796060158690444,5.05028232073533,2.064683861107685,0.2272448104344229,6.517159842648083,80.2,1.0,Tinggi,False,4097.5,load_profile,0.5121875,False,0.802,30.731250000000003,32.08,62.81125,Sedang,1.7102673750000001,0.01993874544814525,0.0003410058583839258,0.0176173872726708,5846.008879911384,False
20260811_212352_867,session_20260811_212352_867 (1).zip,tt,dashboard_center,100 Hz,193,3860.0,3880.0,669.37,671.3100000000001,-7.942842951901762,112.62120956157376,36.86368619629547,8.631327554054156,195,19.910493473560564,0.0100000000001045,1.8342953829747597,3.826979775375962,1.3982278698638653,0.4520229502071976,0.0833153381081629,2.3112222413906545,OK,True,3860.0,3880.0,669.37,671.3100000000001,-7.942842951901762,112.62120956157376,36.86368619629547,8.631327554054156,195.0,19.910493473560564,0.0100000000001045,1.8342953829747597,3.826979775375962,1.3982278698638653,0.4520229502071976,0.0833153381081629,2.3112222413906545,1.8229976031270412,3.816930790486196,1.3982278698638653,0.0833153381081629,2.267537530945547,54.7,2.0,Sedang,False,3852.4,load_profile,0.48155000000000003,False,0.547,28.893,21.880000000000003,50.773,Sedang,1.5604115700000003,0.019910493473560564,0.000310685643805534,0.017928072916476336,6407.4167257734125,False
20260811_212352_867,session_20260811_212352_867 (1).zip,tt,dashboard_center,100 Hz,194,3880.0,3900.0,671.32,673.1,-7.942966349712443,112.62107331445056,40.16081594016377,9.88807799578118,179,19.835722284759868,0.0100000000001045,2.3269151417205545,4.570181263755351,1.7924805235270174,0.4537268606001233,0.1239437839225511,1.5515411688382894,OK,True,3880.0,3900.0,671.32,673.1,-7.942966349712443,112.62107331445056,40.16081594016377,9.88807799578118,179.0,19.835722284759868,0.0100000000001045,2.3269151417205545,4.570181263755351,1.7924805235270174,0.4537268606001233,0.1239437839225511,1.5515411688382894,2.292730186839739,4.541486486757798,1.7924805235270174,0.1239437839225511,1.4822146554951547,70.9,2.0,Sedang,False,4172.9,load_profile,0.5216124999999999,False,0.7090000000000001,31.296749999999996,28.360000000000003,59.65675,Sedang,1.6705321525,0.01983572228475987,0.00033136211844752124,0.018259435034923856,5985.023419952708,False
20260811_212352_867,session_20260811_212352_867 (1).zip,tt,dashboard_center,100 Hz,195,3900.0,3920.0,673.11,674.87,-7.943099661036652,112.6209007973673,41.12995361105991,9.223761256523842,177,19.97287417719508,0.0100000000001045,2.66759881523468,4.856146343378645,1.7726027544972662,0.2002716266328447,0.0113206075161251,9.046782173224802,OK,True,3900.0,3920.0,673.11,674.87,-7.943099661036652,112.6209007973673,41.12995361105991,9.223761256523842,177.0,19.97287417719508,0.0100000000001045,2.66759881523468,4.856146343378645,1.7726027544972662,0.2002716266328447,0.0113206075161251,9.046782173224802,2.622108493333764,4.820730022971791,1.7726027544972662,0.0113206075161251,8.57872634697188,75.6,1.0,Tinggi,False,4329.8,load_profile,0.5412250000000001,False,0.7559999999999999,32.4735,30.239999999999995,62.713499999999996,Sedang,1.70896822,0.01997287417719508,0.0003413300723088504,0.018600765107232707,5850.3954646326165,False
20260811_212352_867,session_20260811_212352_867 (1).zip,tt,dashboard_center,100 Hz,196,3920.0,3940.0,674.88,676.65,-7.9432204157006066,112.62075949184316,39.99445355428644,9.17042433425747,178,19.862583514514423,0.0100000000001045,1.730348163529291,3.43206117830257,1.282447419108493,0.5034591795519742,0.1156419228343666,2.7065068702827912,OK,True,3920.0,3940.0,674.88,676.65,-7.9432204157006066,112.62075949184316,39.99445355428644,9.17042433425747,178.0,19.862583514514423,0.0100000000001045,1.730348163529291,3.43206117830257,1.282447419108493,0.5034591795519742,0.1156419228343666,2.7065068702827912,1.7056398764882557,3.411118742461709,1.282447419108493,0.1156419228343666,2.5889122486427656,46.5,2.0,Sedang,False,3847.8,load_profile,0.48097500000000004,False,0.465,28.858500000000003,18.6,47.4585,Sedang,1.519315675,0.019862583514514424,0.0003017753447959836,0.01890254045202869,6580.666487203061,False
20260811_212352_867,session_20260811_212352_867 (1).zip,tt,dashboard_center,100 Hz,197,3940.0,3960.0,676.66,678.26,-7.943349524619645,112.62062996050577,44.76220307497958,7.964916638747788,161,19.83534061552018,0.0100000000001045,2.3632112859971213,4.975601124560246,1.7833017705733374,0.3024903941052211,0.3076165924660676,4.336897009367284,OK,True,3940.0,3960.0,676.66,678.26,-7.943349524619645,112.62062996050577,44.76220307497958,7.964916638747788,161.0,19.83534061552018,0.0100000000001045,2.3632112859971213,4.975601124560246,1.7833017705733374,0.3024903941052211,0.3076165924660676,4.336897009367284,2.3032104199611365,4.921442114992117,1.7833017705733374,0.3076165924660676,4.005740984722281,74.4,1.0,Tinggi,False,3881.3,load_profile,0.4851625,False,0.7440000000000001,29.10975,29.760000000000005,58.86975,Sedang,1.6608896800000001,0.01983534061552018,0.0003294431252760232,0.019231983577304712,6019.711557026635,False
20260811_212352_867,session_20260811_212352_867 (1).zip,tt,dashboard_center,100 Hz,198,3960.0,3980.0,678.27,679.84,-7.943483416956967,112.62050496840618,45.70316721801505,7.97646368545258,158,19.931163970765283,0.0100000000001045,3.2208830641329738,6.070589716011535,2.185321444689053,0.2508634220928552,0.5778740222695782,5.951460022650907,OK,True,3960.0,3980.0,678.27,679.84,-7.943483416956967,112.62050496840618,45.70316721801505,7.97646368545258,158.0,19.931163970765283,0.0100000000001045,3.2208830641329738,6.070589716011535,2.185321444689053,0.2508634220928552,0.5778740222695782,5.951460022650907,3.132540530473336,5.999163856668598,2.185321444689053,0.5778740222695782,5.46158565762221,88.4,1.0,Tinggi,True,4326.4,load_profile,0.5408,False,0.884,32.44799999999999,35.36,67.80799999999999,Sedang,1.77369344,0.019931163970765282,0.0003535177478651073,0.01958550132516982,5636.84863708324,False
20260811_212352_867,session_20260811_212352_867 (1).zip,tt,dashboard_center,100 Hz,199,3980.0,4000.0,679.85,681.42,-7.94362704114002,112.62038727376432,45.48306713840088,8.761447338583459,158,19.795662244839605,0.0100000000001045,2.4688325459263005,4.371819247085042,1.5896133337745773,0.3030967050149635,0.1002576871059181,7.390126101681481,OK,True,3980.0,4000.0,679.85,681.42,-7.94362704114002,112.62038727376432,45.48306713840088,8.761447338583459,158.0,19.795662244839605,0.0100000000001045,2.4688325459263005,4.371819247085042,1.5896133337745773,0.3030967050149635,0.1002576871059181,7.390126101681481,2.40228420247365,4.321274351425392,1.5896133337745773,0.1002576871059181,6.792017590732891,69.8,1.0,Tinggi,False,4051.9,load_profile,0.5064875,False,0.698,30.389249999999997,27.919999999999998,58.30924999999999,Sedang,1.6537981549999998,0.019795662244839606,0.00032738029697518896,0.01991288162214501,6045.483048587503,False
20260811_212352_867,session_20260811_212352_867 (1).zip,tt,dashboard_center,100 Hz,200,4000.0,4020.0,681.4300000000001,683.11,-7.943763327424623,112.62026634212698,42.49911036623177,9.83780727548257,169,19.87719025978913,0.0100000000001045,1.582241021584275,2.735265689323494,1.083211409039084,0.4024713702209574,0.1104749735072377,1.410042612317026,OK,True,4000.0,4020.0,681.4300000000001,683.11,-7.943763327424623,112.62026634212698,42.49911036623177,9.83780727548257,169.0,19.87719025978913,0.0100000000001045,1.582241021584275,2.735265689323494,1.083211409039084,0.4024713702209574,0.1104749735072377,1.410042612317026,1.5501418027166078,2.711511304706393,1.083211409039084,0.1104749735072377,1.3235491002127926,26.7,0.0,Rendah,False,4377.4,load_profile,0.547175,False,0.267,32.8305,10.68,43.5105,Sedang,1.464324145,0.01987719025978913,0.00029106649632168046,0.02020394811846669,6827.709315131284,False
20260811_212352_867,session_20260811_212352_867 (1).zip,tt,dashboard_center,100 Hz,202,4040.0,4060.0,684.77,686.38,-7.944054103842577,112.61999633169732,44.10654398544883,8.645833699792542,162,19.806800884960467,0.0100000000001045,2.1729509550849686,4.028232440934246,1.5148943793986998,0.4039016722823973,0.5194696561585832,6.141189336634609,OK,True,4040.0,4060.0,684.77,686.38,-7.944054103842577,112.61999633169732,44.10654398544883,8.645833699792542,162.0,19.806800884960467,0.0100000000001045,2.1729509550849686,4.028232440934246,1.5148943793986998,0.4039016722823973,0.5194696561585832,6.141189336634609,2.120928230773939,3.986904503637607,1.5148943793986998,0.5194696561585832,5.698339661217902,68.6,1.0,Tinggi,False,4427.2,load_profile,0.5534,False,0.6859999999999999,33.204,27.439999999999998,60.644,Sedang,1.68236648,0.019806800884960465,0.0003332229788489182,0.02053717109731561,5942.787378223483,False
20260811_212352_867,session_20260811_212352_867 (1).zip,tt,dashboard_center,100 Hz,203,4060.0,4080.0,686.39,687.96,-7.944183127677421,112.6198601450308,45.620214072939945,9.311892963683038,158,19.8685933345555,0.0100000000001045,2.218692128204376,4.661384629687821,1.5955709809587273,0.3019841364191992,0.45022470352205,2.8239559544360207,OK,True,4060.0,4080.0,686.39,687.96,-7.944183127677421,112.6198601450308,45.620214072939945,9.311892963683038,158.0,19.8685933345555,0.0100000000001045,2.218692128204376,4.661384629687821,1.5955709809587273,0.3019841364191992,0.45022470352205,2.8239559544360207,2.1582323171315085,4.606897776608854,1.5955709809587273,0.45022470352205,2.5929754524399136,70.9,1.0,Tinggi,False,4193.8,load_profile,0.524225,False,0.7090000000000001,31.453500000000002,28.360000000000003,59.813500000000005,Sedang,1.6724701050000002,0.019868593334555498,0.0003322962838044634,0.020869467381120072,5977.932295095874,False
20260811_212352_867,session_20260811_212352_867 (1).zip,tt,dashboard_center,100 Hz,205,4100.0,4120.0,689.5500000000001,691.27,-7.944446255517168,112.619596624766,41.54085330742519,7.982639353671383,173,19.883105465299195,0.0100000000001045,2.0426358110458493,4.075578210487722,1.4845676393943212,0.3017637265200572,0.0747275679940996,2.3212129144845464,OK,True,4100.0,4120.0,689.5500000000001,691.27,-7.944446255517168,112.619596624766,41.54085330742519,7.982639353671383,173.0,19.883105465299195,0.0100000000001045,2.0426358110458493,4.075578210487722,1.4845676393943212,0.3017637265200572,0.0747275679940996,2.3212129144845464,2.005795134253875,4.044132360346652,1.4845676393943212,0.0747275679940996,2.1943284704019854,57.0,2.0,Sedang,False,4511.7,load_profile,0.5639624999999999,False,0.57,33.83774999999999,22.799999999999997,56.63774999999999,Sedang,1.6306692249999999,0.019883105465299197,0.00032422768179692703,0.021193695062917,6131.151846870544,False
20260811_212352_867,session_20260811_212352_867 (1).zip,tt,dashboard_center,100 Hz,206,4120.0,4140.0,691.28,693.07,-7.9445649542714465,112.6194749512958,40.2165715429564,6.127517671975525,180,19.921658565920552,0.0100000000001045,1.6168120982289451,2.8449674771745466,1.1533196797305092,0.3513763664223576,0.0717356228054697,2.021973993979924,OK,True,4120.0,4140.0,691.28,693.07,-7.9445649542714465,112.6194749512958,40.2165715429564,6.127517671975525,180.0,19.921658565920552,0.0100000000001045,1.6168120982289451,2.8449674771745466,1.1533196797305092,0.3513763664223576,0.0717356228054697,2.021973993979924,1.5928369165186516,2.8269368023250494,1.1533196797305092,0.0717356228054697,1.9307945736580965,32.6,0.0,Rendah,False,4163.8,load_profile,0.520475,False,0.326,31.2285,13.040000000000001,44.2685,Sedang,1.47661997,0.019921658565920552,0.0002941671887395985,0.0214878622516566,6770.7679815374795,False
20260811_212352_867,session_20260811_212352_867 (1).zip,tt,dashboard_center,100 Hz,207,4140.0,4160.0,693.08,694.89,-7.944694010321558,112.61936079401158,39.58979321069559,4.982276788644656,182,19.854758046810275,0.0100000000001045,2.6639865161319816,5.105025230046105,1.8280781847269605,0.3021945664537532,0.0467297905238322,11.12085536113373,OK,True,4140.0,4160.0,693.08,694.89,-7.944694010321558,112.61936079401158,39.58979321069559,4.982276788644656,182.0,19.854758046810275,0.0100000000001045,2.6639865161319816,5.105025230046105,1.8280781847269605,0.3021945664537532,0.0467297905238322,11.12085536113373,2.6286355354887294,5.076084924026911,1.8280781847269605,0.0467297905238322,10.671348185500127,82.6,1.0,Tinggi,False,4075.0,load_profile,0.509375,False,0.826,30.5625,33.04,63.6025,Sedang,1.72017375,0.019854758046810275,0.00034153633604724307,0.02182939858770384,5812.097214099,False
20260811_212352_867,session_20260811_212352_867 (1).zip,tt,dashboard_center,100 Hz,208,4160.0,4180.0,694.9,696.8000000000001,-7.944830628034252,112.61925631086746,37.50231613041754,5.090890814129535,191,19.87629845427091,0.0100000000001045,1.978986112574015,3.686606430454341,1.3969300076717466,0.4024894282205248,0.0364494531722784,3.942851175133459,OK,True,4160.0,4180.0,694.9,696.8000000000001,-7.944830628034252,112.61925631086746,37.50231613041754,5.090890814129535,191.0,19.87629845427091,0.0100000000001045,1.978986112574015,3.686606430454341,1.3969300076717466,0.4024894282205248,0.0364494531722784,3.942851175133459,1.963400138919606,3.674222017487823,1.3969300076717466,0.0364494531722784,3.847728238596941,59.3,2.0,Sedang,False,4192.4,load_profile,0.5240499999999999,False,0.593,31.442999999999994,23.72,55.163,Sedang,1.61378233,0.01987629845427091,0.00032076019231308707,0.02215015878001693,6195.2500025960735,False
20260811_212352_867,session_20260811_212352_867 (1).zip,tt,dashboard_center,100 Hz,209,4180.0,4200.0,696.8100000000001,698.82,-7.9449739904056145,112.61914116539528,35.73969349904803,4.986386670322272,202,19.885970476465445,0.0100000000001045,1.7398893210233517,3.227877159251048,1.2634006851867028,0.4525803762331478,0.0307329551166403,2.2000601275772302,OK,True,4180.0,4200.0,696.8100000000001,698.82,-7.9449739904056145,112.61914116539528,35.73969349904803,4.986386670322272,202.0,19.885970476465445,0.0100000000001045,1.7398893210233517,3.227877159251048,1.2634006851867028,0.4525803762331478,0.0307329551166403,2.2000601275772302,1.734570405086889,3.2236740335318306,1.2634006851867028,0.0307329551166403,2.179353519689252,39.5,2.0,Sedang,False,4388.5,load_profile,0.5485625,False,0.395,32.91375,15.8,48.713750000000005,Sedang,1.5304739374999998,0.019885970476465446,0.0003043495953612482,0.022454508375378174,6532.456583673424,False
20260811_212352_867,session_20260811_212352_867 (1).zip,tt,dashboard_center,100 Hz,210,4200.0,4220.0,698.83,701.26,-7.945118966540907,112.61902486942584,29.45838453692973,4.403796557819942,244,19.953232123304588,0.0100000000001045,1.3509128761782785,2.563083348543509,1.0495193530667306,0.4510547436316523,0.0072754029233654,1.4302698414635169,OK,True,4200.0,4220.0,698.83,701.26,-7.945118966540907,112.61902486942584,29.45838453692973,4.403796557819942,244.0,19.953232123304588,0.0100000000001045,1.3509128761782785,2.563083348543509,1.0495193530667306,0.4510547436316523,0.0072754029233654,1.4302698414635169,1.3732388825417492,2.5810253113865205,1.0495193530667306,0.0072754029233654,1.5045439274817785,22.1,0.0,Rendah,False,4024.6,load_profile,0.5030749999999999,False,0.221,30.184499999999996,8.84,39.024499999999996,Rendah,1.412480915,0.019953232123304587,0.00028183559566732653,0.022736343971045504,7078.132001240452,False
20260811_212352_867,session_20260811_212352_867 (1).zip,tt,dashboard_center,100 Hz,211,4220.0,4240.0,701.27,704.03,-7.945261919657603,112.61892387681976,25.89428084505328,5.037251879219458,277,19.914838937243985,0.0100000000001045,1.613837621556658,3.2927977909399333,1.275921142472143,0.6025657570123778,0.0295893973687557,2.536412911980087,OK,True,4220.0,4240.0,701.27,704.03,-7.945261919657603,112.61892387681976,25.89428084505328,5.037251879219458,277.0,19.914838937243985,0.0100000000001045,1.613837621556658,3.2927977909399333,1.275921142472143,0.6025657570123778,0.0295893973687557,2.536412911980087,1.661939802715512,3.334213564055028,1.275921142472143,0.0295893973687557,2.7772584852259965,43.0,2.0,Sedang,False,4471.4,load_profile,0.558925,False,0.43,33.5355,17.2,50.7355,Sedang,1.55542255,0.019914838937243984,0.0003097598956260733,0.023046103866671577,6427.639479454205,False
20260811_212352_867,session_20260811_212352_867 (1).zip,tt,dashboard_center,100 Hz,212,4240.0,4260.0,704.04,706.37,-7.945400774245807,112.61880037255456,30.882593076564863,6.125956541789667,234,19.97605963523074,0.0100000000001045,3.22634620978348,6.57719657457417,2.687260172571185,0.4505393037637496,0.1515194480005432,11.297623183954457,OK,True,4240.0,4260.0,704.04,706.37,-7.945400774245807,112.61880037255456,30.882593076564863,6.125956541789667,234.0,19.97605963523074,0.0100000000001045,3.22634620978348,6.57719657457417,2.687260172571185,0.4505393037637496,0.1515194480005432,11.297623183954457,3.26411900150652,6.609857400779849,2.687260172571185,0.1515194480005432,11.711160879878689,91.9,1.0,Tinggi,True,4269.7,load_profile,0.5337124999999999,False,0.919,32.022749999999995,36.760000000000005,68.78275,Sedang,1.7859238575,0.01997605963523074,0.0003567572148140133,0.02340286108148559,5598.032453571079,False
20260811_212352_867,session_20260811_212352_867 (1).zip,tt,dashboard_center,100 Hz,213,4260.0,4280.0,706.38,708.3000000000001,-7.945547606876372,112.6187143890113,37.24026396240761,5.76828766529142,193,19.85136738869187,0.0100000000001045,2.13301748481392,4.254053350958839,1.5141603186693515,0.352620545624856,0.0792512865143897,4.583839170177392,OK,True,4260.0,4280.0,706.38,708.3000000000001,-7.945547606876372,112.6187143890113,37.24026396240761,5.76828766529142,193.0,19.85136738869187,0.0100000000001045,2.13301748481392,4.254053350958839,1.5141603186693515,0.352620545624856,0.0792512865143897,4.583839170177392,2.1177124432276417,4.241036299708152,1.5141603186693515,0.0792512865143897,4.483013394049734,67.4,2.0,Sedang,False,4618.0,load_profile,0.57725,False,0.674,34.635000000000005,26.96,61.595000000000006,Sedang,1.6937633,0.01985136738869187,0.00033623517537783123,0.02373909625686342,5902.611120676846,False
20260811_212352_867,session_20260811_212352_867 (1).zip,tt,dashboard_center,100 Hz,214,4280.0,4300.0,708.3100000000001,710.2,-7.945699226736908,112.61860836732124,37.8124979694527,7.900901620683026,190,19.890407451030114,0.0100000000001045,1.483070301449115,2.829639124530983,1.0227819122192334,0.4524794186422709,0.0462785836646467,2.117613705825413,OK,True,4280.0,4300.0,708.3100000000001,710.2,-7.945699226736908,112.61860836732124,37.8124979694527,7.900901620683026,190.0,19.890407451030114,0.0100000000001045,1.483070301449115,2.829639124530983,1.0227819122192334,0.4524794186422709,0.0462785836646467,2.117613705825413,1.4701707205525114,2.819138730993498,1.0227819122192334,0.0462785836646467,2.061240800372732,30.2,0.0,Rendah,False,3962.7,load_profile,0.4953375,False,0.302,29.72025,12.08,41.80025,Sedang,1.447920885,0.019890407451030115,0.0002879973635950612,0.024027093620458483,6904.795278671564,False
20260811_212352_867,session_20260811_212352_867 (1).zip,tt,dashboard_center,100 Hz,215,4300.0,4320.0,710.21,712.15,-7.945880163104138,112.61848855313042,36.88166441145892,7.190567121905091,195,19.888315294719177,0.0100000000001045,1.658409216931183,3.425852945856298,1.2118307503995789,0.3519654579218516,0.0413839081884141,2.117527244313763,OK,True,4300.0,4320.0,710.21,712.15,-7.945880163104138,112.61848855313042,36.88166441145892,7.190567121905091,195.0,19.888315294719177,0.0100000000001045,1.658409216931183,3.425852945856298,1.2118307503995789,0.3519654579218516,0.0413839081884141,2.117527244313763,1.6481138746410826,3.416785893825776,1.2118307503995789,0.0413839081884141,2.0771887344727045,36.0,2.0,Sedang,False,4296.4,load_profile,0.5370499999999999,False,0.36,32.22299999999999,14.399999999999999,46.62299999999999,Sedang,1.5048975999999998,0.019888315294719176,0.0002992987795506618,0.024326392400009143,6643.353913754663,False
20260811_212352_867,session_20260811_212352_867 (1).zip,tt,dashboard_center,100 Hz,216,4320.0,4340.0,712.16,714.13,-7.946028788901644,112.61838836335936,36.49949690148987,8.437726015036642,198,19.904311279925423,0.0100000000001045,1.838649260133665,3.498230713427628,1.27900623556818,0.4521633465950157,0.1186302981466752,3.848528843877348,OK,True,4320.0,4340.0,712.16,714.13,-7.946028788901644,112.61838836335936,36.49949690148987,8.437726015036642,198.0,19.904311279925423,0.0100000000001045,1.838649260133665,3.498230713427628,1.27900623556818,0.4521633465950157,0.1186302981466752,3.848528843877348,1.8291515567979135,3.49052902628341,1.27900623556818,0.1186302981466752,3.787458577120786,57.0,2.0,Sedang,False,4148.8,load_profile,0.5186000000000001,False,0.57,31.116000000000003,22.799999999999997,53.916,Sedang,1.5982804000000002,0.019904311279925424,0.0003181267059420372,0.024644519105951182,6255.182474920798,False
20260811_212352_867,session_20260811_212352_867 (1).zip,tt,dashboard_center,100 Hz,217,4340.0,4360.0,714.14,716.2,-7.946145041647961,112.61828426487426,34.75460633492857,9.687985574949945,207,19.918994226555697,0.0100000000001045,2.7143451897651354,5.068048491184213,1.946577533371041,0.3514233660787806,0.3109469707467189,8.92289438961779,OK,True,4340.0,4360.0,714.14,716.2,-7.946145041647961,112.61828426487426,34.75460633492857,9.687985574949945,207.0,19.918994226555697,0.0100000000001045,2.7143451897651354,5.068048491184213,1.946577533371041,0.3514233660787806,0.3109469707467189,8.92289438961779,2.713670270969226,5.067512163350499,1.946577533371041,0.3109469707467189,8.916043618330404,84.9,1.0,Tinggi,False,4339.4,load_profile,0.5424249999999999,False,0.8490000000000001,32.5455,33.96,66.5055,Sedang,1.757158765,0.019918994226555697,0.00035000835295176744,0.02499452745890295,5689.582948558498,False
20260811_212352_867,session_20260811_212352_867 (1).zip,tt,dashboard_center,100 Hz,218,4360.0,4380.0,716.21,718.57,-7.946291238614573,112.6181756201453,30.410900571895045,8.110071083287476,237,19.89239877464479,0.0100000000001045,1.774319514822324,3.0978567254040934,1.343539669862222,0.4021636651582183,0.0430769655413444,3.625209573365181,OK,True,4360.0,4380.0,716.21,718.57,-7.946291238614573,112.6181756201453,30.410900571895045,8.110071083287476,237.0,19.89239877464479,0.0100000000001045,1.774319514822324,3.0978567254040934,1.343539669862222,0.4021636651582183,0.0430769655413444,3.625209573365181,1.7978754919111748,3.115293054309495,1.343539669862222,0.0430769655413444,3.775929552677345,50.0,2.0,Sedang,False,4571.3,load_profile,0.5714125,False,0.5,34.28475,20.0,54.28475,Sedang,1.5999887499999998,0.019892398774644788,0.00031827614249945444,0.025312803601402402,6248.461884272537,False
20260811_212352_867,session_20260811_212352_867 (1).zip,tt,dashboard_center,100 Hz,219,4380.0,4400.0,718.58,722.58,-7.946487139044404,112.618078874292,17.94446397964321,7.894430627845617,401,19.97677828027463,0.0100000000001045,1.6112467115983944,3.1445884821876757,1.4129986383328463,0.7008137049718277,0.0523178321011674,2.248251926592858,OK,True,4380.0,4400.0,718.58,722.58,-7.946487139044404,112.618078874292,17.94446397964321,7.894430627845617,401.0,19.97677828027463,0.0100000000001045,1.6112467115983944,3.1445884821876757,1.4129986383328463,0.7008137049718277,0.0523178321011674,2.248251926592858,1.7216615147073184,3.234552410985562,1.4129986383328463,0.0523178321011674,2.759003428474601,46.5,2.0,Sedang,False,4515.2,load_profile,0.5644,False,0.465,33.864000000000004,18.6,52.464000000000006,Sedang,1.5771292,0.01997677828027463,0.00031505960347746897,0.02562786320487987,6339.009647199173,False
20260811_212352_867,session_20260811_212352_867 (1).zip,tt,dashboard_center,100 Hz,220,4400.0,4420.0,722.59,727.2,-7.946586724617597,112.61809706982616,15.633128520776822,8.119218383435104,462,19.95915840353973,0.0100000000001045,1.6422063357057337,3.40879309459796,1.6496023277504683,0.901841632601489,0.0511690996114639,2.7618298134898933,OK,True,4400.0,4420.0,722.59,727.2,-7.946586724617597,112.61809706982616,15.633128520776822,8.119218383435104,462.0,19.95915840353973,0.0100000000001045,1.6422063357057337,3.40879309459796,1.6496023277504683,0.901841632601489,0.0511690996114639,2.7618298134898933,1.7792649069957058,3.5270856063590936,1.6496023277504683,0.0511690996114639,3.537688608466101,57.0,2.0,Sedang,False,4526.9,load_profile,0.5658624999999999,False,0.57,33.95175,22.799999999999997,56.751749999999994,Sedang,1.632025825,0.019959158403539727,0.00032573861959842606,0.025953601824478298,6125.763751206297,False
20260811_212352_867,session_20260811_212352_867 (1).zip,tt,dashboard_center,100 Hz,221,4420.0,4440.0,727.21,730.16,-7.946736454773372,112.61825188372931,24.2771250639186,6.728923128629111,296,19.916337196974386,0.0100000000001045,1.089998182449838,2.1079970925393257,0.9812291594294552,0.5523103917758071,0.0146135043899871,0.712837393118153,OK,True,4420.0,4440.0,727.21,730.16,-7.946736454773372,112.61825188372931,24.2771250639186,6.728923128629111,296.0,19.916337196974386,0.0100000000001045,1.089998182449838,2.1079970925393257,0.9812291594294552,0.5523103917758071,0.0146135043899871,0.712837393118153,1.1297958828290593,2.140414787130489,0.9812291594294552,0.0146135043899871,0.7963295118975882,10.5,0.0,Rendah,False,4571.2,load_profile,0.5714,False,0.105,34.284,4.2,38.484,Rendah,1.3968394000000002,0.019916337196974384,0.0002781992450041938,0.02623180106948249,7157.141200264719,False
20260811_212352_867,session_20260811_212352_867 (1).zip,tt,dashboard_center,100 Hz,222,4440.0,4460.0,730.17,732.7,-7.946816485316442,112.61843124991536,28.303487765896865,5.62072528554435,254,19.923362095981247,0.0100000000001045,1.5406239922591125,2.8755114844116294,1.140151514861674,0.4517309857965887,0.0656186686412618,1.8019676464644552,OK,True,4440.0,4460.0,730.17,732.7,-7.946816485316442,112.61843124991536,28.303487765896865,5.62072528554435,254.0,19.923362095981247,0.0100000000001045,1.5406239922591125,2.8755114844116294,1.140151514861674,0.4517309857965887,0.0656186686412618,1.8019676464644552,1.5724017918308704,2.900605000016568,1.140151514861674,0.0656186686412618,1.9192569029754971,33.7,0.0,Rendah,False,4667.0,load_profile,0.583375,False,0.337,35.0025,13.48,48.4825,Sedang,1.5241444750000002,0.019923362095981247,0.00030366082262014244,0.026535461892102635,6559.31679561466,False
20260811_212352_867,session_20260811_212352_867 (1).zip,tt,dashboard_center,100 Hz,223,4460.0,4480.0,732.71,735.14,-7.946907080752081,112.61859452199684,29.411422221212103,5.825461131102681,244,19.904320437104616,0.0100000000001045,1.261795679107201,2.469637335584007,1.0607851314434673,0.5526438360334254,0.0313830534209396,0.8763053768752016,OK,True,4460.0,4480.0,732.71,735.14,-7.946907080752081,112.61859452199684,29.411422221212103,5.825461131102681,244.0,19.904320437104616,0.0100000000001045,1.261795679107201,2.469637335584007,1.0607851314434673,0.5526438360334254,0.0313830534209396,0.8763053768752016,1.2828548616922892,2.487095117696149,1.0607851314434673,0.0313830534209396,0.9222693145310086,18.6,0.0,Rendah,False,4460.7,load_profile,0.5575875,False,0.18600000000000003,33.45525,7.440000000000001,40.895250000000004,Sedang,1.429694755,0.019904320437104616,0.0002845710253076778,0.02682003291741031,6992.624098077676,False
20260811_212352_867,session_20260811_212352_867 (1).zip,tt,dashboard_center,100 Hz,224,4480.0,4500.0,735.15,737.5500000000001,-7.946976018921589,112.6187644087462,29.96167354205637,5.756755672425394,241,19.90874306209662,0.0100000000001045,1.9965964781980168,3.967783189376189,1.5743566469269312,0.4018335047595671,0.0096121868692937,3.547780393930371,OK,True,4480.0,4500.0,735.15,737.5500000000001,-7.946976018921589,112.6187644087462,29.96167354205637,5.756755672425394,241.0,19.90874306209662,0.0100000000001045,1.9965964781980168,3.967783189376189,1.5743566469269312,0.4018335047595671,0.0096121868692937,3.547780393930371,2.0261359499650657,3.9926601510193303,1.5743566469269312,0.0096121868692937,3.712415834597384,62.8,2.0,Sedang,False,4816.5,load_profile,0.6020625,False,0.628,36.123749999999994,25.12,61.24374999999999,Sedang,1.68805655,0.01990874306209662,0.00033607084128239254,0.027156103758692703,5922.363436002265,False
20260811_212352_867,session_20260811_212352_867 (1).zip,tt,dashboard_center,100 Hz,225,4500.0,4520.0,737.5600000000001,740.95,-7.947053120743825,112.61893809898402,21.33958720838046,5.750550374950564,340,19.973732263119928,0.0100000000001045,1.364515653032574,3.0042246341931858,1.2337119612248513,0.7009205798682904,0.004625824730436,1.5140756875161188,OK,True,4500.0,4520.0,737.5600000000001,740.95,-7.947053120743825,112.61893809898402,21.33958720838046,5.750550374950564,340.0,19.973732263119928,0.0100000000001045,1.364515653032574,3.0042246341931858,1.2337119612248513,0.7009205798682904,0.004625824730436,1.5140756875161188,1.4328148036242674,3.0673223569374004,1.2337119612248513,0.004625824730436,1.760602429988966,29.1,0.0,Rendah,False,4834.5,load_profile,0.6043125,False,0.29100000000000004,36.25875,11.64,47.89875,Sedang,1.5141584875,0.019973732263119926,0.0003024339623325562,0.02745853772102526,6602.515013295724,False
20260811_224202_660,session_20260811_224202_660.zip,tt,dashboard_center,100 Hz,0,0.0,20.0,16.73,18.88,-7.954050362417231,112.62502208343474,33.36217358421244,5.244093507990097,216,19.24007124843,0.0100000000000015,2.739042931031291,5.837957222209133,2.45549780584754,0.3638240165337851,0.3025661134356613,9.019329770330325,OK,True,0.0,20.0,16.73,18.88,-7.954050362417231,112.62502208343474,33.36217358421244,5.244093507990097,216.0,19.24007124843,0.0100000000000015,2.739042931031291,5.837957222209133,2.45549780584754,0.3638240165337851,0.3025661134356613,9.019329770330325,2.739042931031291,5.837957222209133,2.45549780584754,0.31693809578012,9.019329770330325,84.2,0.0,Tinggi,False,4724.0,load_profile,0.5905,False,0.8420000000000001,35.43,33.68000000000001,69.11000000000001,Sedang,1.7905402000000001,0.01924007124843,0.0003445012102117811,0.0003445012102117811,5584.887482492143,False
20260811_224202_660,session_20260811_224202_660.zip,tt,dashboard_center,100 Hz,1,20.0,40.0,18.89,21.53,-7.953986067799423,112.6247953504691,27.128620438415187,4.281759074259997,265,19.922388638400005,0.0100000000000015,1.0075368726357206,2.017541784173794,0.8201184980260853,0.5521426270541535,0.018578065059687,0.5403461200332279,OK,True,20.0,40.0,18.89,21.53,-7.953986067799423,112.6247953504691,27.128620438415187,4.281759074259997,265.0,19.922388638400005,0.0100000000000015,1.0075368726357206,2.017541784173794,0.8201184980260853,0.5521426270541535,0.018578065059687,0.5403461200332279,1.0075368726357206,2.017541784173794,0.8201184980260853,0.0224739721698583,0.5403461200332279,2.9,1.0,Rendah,False,5080.8,load_profile,0.6351,False,0.028999999999999998,38.106,1.16,39.266,Rendah,1.39634358,0.019922388638400006,0.00027818499473494785,0.000622686204946729,7161.516602797361,False
20260811_224202_660,session_20260811_224202_660.zip,tt,dashboard_center,100 Hz,2,40.0,60.0,21.54,24.94,-7.953917825244363,112.62464405142754,21.08155226497488,3.797881320546608,341,19.956713934165016,0.0100000000000015,2.5578592249236864,6.201907826738751,2.6540411407339355,0.7516267482453942,0.1839926517774545,3.916528805591063,OK,True,40.0,60.0,21.54,24.94,-7.953917825244363,112.62464405142754,21.08155226497488,3.797881320546608,341.0,19.956713934165016,0.0100000000000015,2.5578592249236864,6.201907826738751,2.6540411407339355,0.7516267482453942,0.1839926517774545,3.916528805591063,2.5578592249236864,6.201907826738751,2.6540411407339355,0.2652873120538219,3.916528805591063,77.0,0.0,Tinggi,False,4696.3,load_profile,0.5870375,False,0.77,35.22225,30.8,66.02225,Sedang,1.750626275,0.019956713934165017,0.00034936747775807903,0.0009720536827048079,5712.185940218297,False
20260811_224202_660,session_20260811_224202_660.zip,tt,dashboard_center,100 Hz,3,60.0,80.0,24.95,27.85,-7.953837614085807,112.62448173478091,24.67519401178348,4.212090660577402,291,19.898016256375,0.0100000000000015,0.8210915430701995,1.597158461247238,0.6454953953084769,0.6030751932949796,0.0323834709775773,0.6218081884449139,OK,True,60.0,80.0,24.95,27.85,-7.953837614085807,112.62448173478091,24.67519401178348,4.212090660577402,291.0,19.898016256375,0.0100000000000015,0.8210915430701995,1.597158461247238,0.6454953953084769,0.6030751932949796,0.0323834709775773,0.6218081884449139,0.8210915430701995,1.597158461247238,0.6454953953084769,0.041846367969619,0.6218081884449139,0.7,1.0,Rendah,False,4676.9,load_profile,0.5846125,False,0.006999999999999999,35.07675,0.27999999999999997,35.35675,Rendah,1.3543859575,0.019898016256375002,0.00026949593799741023,0.0012415496207022181,7383.328060707489,False
20260811_224202_660,session_20260811_224202_660.zip,tt,dashboard_center,100 Hz,4,80.0,100.0,27.86,30.12,-7.953738862401198,112.62429267140848,31.54648986437145,3.79821703316492,227,19.94370750452501,0.0100000000000015,1.0551765529512942,1.8743680207863245,0.7940902448866954,0.4011290276988312,0.0058912290567741,0.881058256813632,OK,True,80.0,100.0,27.86,30.12,-7.953738862401198,112.62429267140848,31.54648986437145,3.79821703316492,227.0,19.94370750452501,0.0100000000000015,1.0551765529512942,1.8743680207863245,0.7940902448866954,0.4011290276988312,0.0058912290567741,0.881058256813632,1.0551765529512942,1.8743680207863245,0.7940902448866954,0.0064161830760019,0.881058256813632,2.2,1.0,Rendah,False,4614.1,load_profile,0.5767625000000001,False,0.022000000000000002,34.60575,0.8800000000000001,35.48575,Rendah,1.3573952550000001,0.019943707504525007,0.00027071493933750136,0.0015122645600397196,7366.939538582662,False
20260811_224202_660,session_20260811_224202_660.zip,tt,dashboard_center,100 Hz,5,100.0,120.0,30.13,32.230000000000004,-7.953657720613446,112.62411642757492,34.57571475624765,3.79,211,19.913335066520048,0.0100000000000051,1.281381344600392,2.58906384367586,0.9325340022505432,0.5021760527101675,0.179822827169619,1.4122445957486494,OK,True,100.0,120.0,30.13,32.230000000000004,-7.953657720613446,112.62411642757492,34.57571475624765,3.79,211.0,19.913335066520048,0.0100000000000051,1.281381344600392,2.58906384367586,0.9325340022505432,0.5021760527101675,0.179822827169619,1.4122445957486494,1.281381344600392,2.58906384367586,0.9325340022505432,0.1837376901200079,1.4122445957486494,8.6,1.0,Rendah,False,4583.3,load_profile,0.5729125,False,0.086,34.374750000000006,3.4399999999999995,37.814750000000004,Rendah,1.388001595,0.019913335066520047,0.0002763974083409926,0.0017886619683807122,7204.473805956371,False
20260811_224202_660,session_20260811_224202_660.zip,tt,dashboard_center,100 Hz,6,120.0,140.0,32.24,34.57,-7.953560004904999,112.62395384694216,30.56028231404542,3.8888335660748448,234,19.861515642719997,0.0100000000000051,2.20362282565509,5.456424960142908,2.178564710317457,0.3020917490855855,0.0995742940626732,7.576333078983598,OK,True,120.0,140.0,32.24,34.57,-7.953560004904999,112.62395384694216,30.56028231404542,3.8888335660748448,234.0,19.861515642719997,0.0100000000000051,2.20362282565509,5.456424960142908,2.178564710317457,0.3020917490855855,0.0995742940626732,7.576333078983598,2.20362282565509,5.456424960142908,2.178564710317457,0.1108713607519342,7.576333078983598,78.4,0.0,Tinggi,False,4565.3,load_profile,0.5706625000000001,False,0.784,34.23975,31.36,65.59975,Sedang,1.7454773800000003,0.01986151564272,0.0003466782628688393,0.0021353402312495515,5728.96938141752,False
20260811_224202_660,session_20260811_224202_660.zip,tt,dashboard_center,100 Hz,7,140.0,160.0,34.58,36.95,-7.953467222068867,112.62379834871273,30.22574845081595,4.097007744132155,238,19.91673190014504,0.0100000000000051,1.6616637187443242,3.790231718254576,1.3703003145136523,0.5522994462721013,0.0927829828043351,2.6336226641759946,OK,True,140.0,160.0,34.58,36.95,-7.953467222068867,112.62379834871273,30.22574845081595,4.097007744132155,238.0,19.91673190014504,0.0100000000000051,1.6616637187443242,3.790231718254576,1.3703003145136523,0.5522994462721013,0.0927829828043351,2.6336226641759946,1.6616637187443242,3.790231718254576,1.3703003145136523,0.1041041090428371,2.6336226641759946,43.2,2.0,Sedang,False,4656.3,load_profile,0.5820375,False,0.43200000000000005,34.92225,17.28,52.20225,Sedang,1.5723105400000001,0.019916731900145042,0.0003131528748895228,0.002448493106139074,6359.911033026201,False
20260811_224202_660,session_20260811_224202_660.zip,tt,dashboard_center,100 Hz,8,160.0,180.0,36.96,39.35,-7.953395626021712,112.62363440891323,30.045855431374704,4.1271456764092544,240,19.954032146545018,0.0100000000000051,1.7640589444643082,3.429446916892533,1.3420567954118097,0.4510366593529982,0.2919327154440041,2.0821908948157897,OK,True,160.0,180.0,36.96,39.35,-7.953395626021712,112.62363440891323,30.045855431374704,4.1271456764092544,240.0,19.954032146545018,0.0100000000000051,1.7640589444643082,3.429446916892533,1.3420567954118097,0.4510366593529982,0.2919327154440041,2.0821908948157897,1.7640589444643082,3.429446916892533,1.3420567954118097,0.3289174018879452,2.0821908948157897,30.9,2.0,Sedang,False,4835.9,load_profile,0.6044875,False,0.309,36.26925,12.36,48.62925,Sedang,1.5236498275,0.01995403214654502,0.0003040295763801278,0.002752522682519202,6563.007173465353,False
20260811_224202_660,session_20260811_224202_660.zip,tt,dashboard_center,100 Hz,9,180.0,200.0,39.36,41.95,-7.953304234401266,112.62347966146206,27.708050947427186,4.365901946301186,260,19.917932563320026,0.0100000000000051,2.002899377617418,3.591787812801154,1.7912500519743593,0.602472167322158,0.1759417380817874,2.895782360553085,OK,True,180.0,200.0,39.36,41.95,-7.953304234401266,112.62347966146206,27.708050947427186,4.365901946301186,260.0,19.917932563320026,0.0100000000000051,2.002899377617418,3.591787812801154,1.7912500519743593,0.602472167322158,0.1759417380817874,2.895782360553085,2.002899377617418,3.591787812801154,1.7912500519743593,0.2097295200290674,2.895782360553085,51.1,2.0,Sedang,False,4936.1,load_profile,0.6170125000000001,False,0.511,37.02075000000001,20.44,57.460750000000004,Sedang,1.6376661774999999,0.019917932563320025,0.0003261892448467508,0.0030787119273659527,6106.062557921554,False
20260811_224202_660,session_20260811_224202_660.zip,tt,dashboard_center,100 Hz,10,200.0,220.0,41.96,45.52,-7.95318992957373,112.62333457766282,20.31733104921541,4.219824188781939,357,19.921553073495005,0.0100000000000051,4.964757495464087,10.371590796877207,5.074326560357198,0.4517720062686385,2.126610146404857,10.549851149572714,OK,True,200.0,220.0,41.96,45.52,-7.95318992957373,112.62333457766282,20.31733104921541,4.219824188781939,357.0,19.921553073495005,0.0100000000000051,4.964757495464087,10.371590796877207,5.074326560357198,0.4517720062686385,2.126610146404857,10.549851149572714,4.964757495464087,10.371590796877207,5.074326560357198,3.14605228613191,10.549851149572714,100.0,0.0,Tinggi,True,4904.1,load_profile,0.6130125000000001,False,1.0,36.780750000000005,40.0,76.78075000000001,Tinggi,1.89041,0.019921553073495003,0.00037659903145665686,0.0034553109588226095,5289.674974690209,False
20260811_224202_660,session_20260811_224202_660.zip,tt,dashboard_center,100 Hz,11,220.0,240.0,45.53,49.32,-7.953086666183738,112.62321921440794,18.661219635270523,4.549358579337081,380,19.986025165084985,0.0100000000000051,3.3289178793230123,7.114808962349868,3.3470215201958946,0.6004195381963022,0.4045015997645322,12.932797186694383,OK,True,220.0,240.0,45.53,49.32,-7.953086666183738,112.62321921440794,18.661219635270523,4.549358579337081,380.0,19.986025165084985,0.0100000000000051,3.3289178793230123,7.114808962349868,3.3470215201958946,0.6004195381963022,0.4045015997645322,12.932797186694383,3.3289178793230123,7.114808962349868,3.3470215201958946,0.634894619737571,12.932797186694383,92.1,0.0,Tinggi,True,4769.5,load_profile,0.5961875,False,0.9209999999999999,35.77125,36.839999999999996,72.61125,Tinggi,1.8359302375,0.019986025165084985,0.0003669294792801545,0.0038222404381027643,5446.621865966294,False
20260811_224202_660,session_20260811_224202_660.zip,tt,dashboard_center,100 Hz,12,240.0,260.0,49.33,51.68,-7.952962418604923,112.6230481676668,30.759129606484176,6.288149529655312,236,19.932882870759983,0.0100000000000051,2.0338881637093955,4.069863126463517,1.5888335478751288,0.5016835780773706,0.2552567306682004,2.5951055329392894,OK,True,240.0,260.0,49.33,51.68,-7.952962418604923,112.6230481676668,30.759129606484176,6.288149529655312,236.0,19.932882870759983,0.0100000000000051,2.0338881637093955,4.069863126463517,1.5888335478751288,0.5016835780773706,0.2552567306682004,2.5951055329392894,2.0338881637093955,4.069863126463517,1.5888335478751288,0.2829363526630628,2.5951055329392894,60.4,2.0,Sedang,False,5111.4,load_profile,0.638925,False,0.604,38.335499999999996,24.16,62.49549999999999,Sedang,1.70213714,0.019932882870759984,0.00033928500241590394,0.004161525440518668,5874.72278964311,False
20260811_224202_660,session_20260811_224202_660.zip,tt,dashboard_center,100 Hz,13,260.0,280.0,51.69,53.95,-7.952863347279517,112.62289710362614,31.655892188157697,8.073604552450298,227,19.870375907705068,0.0100000000000051,1.257037559431602,2.223112970828407,0.943300280543902,0.4529355680941144,0.0140001696751882,1.47635590761526,OK,True,260.0,280.0,51.69,53.95,-7.952863347279517,112.62289710362614,31.655892188157697,8.073604552450298,227.0,19.870375907705068,0.0100000000000051,1.257037559431602,2.223112970828407,0.943300280543902,0.4529355680941144,0.0140001696751882,1.47635590761526,1.257037559431602,2.223112970828407,0.943300280543902,0.0152109939228549,1.47635590761526,5.8,1.0,Rendah,False,5102.5,load_profile,0.6378125,False,0.057999999999999996,38.26875,2.32,40.58875,Sedang,1.413286125,0.019870375907705067,0.0002808252656889385,0.004442350706207607,7075.393714014831,False
20260811_224202_660,session_20260811_224202_660.zip,tt,dashboard_center,100 Hz,16,320.0,340.0,58.49,60.93,-7.952572003278903,112.62242493186815,29.372383736979284,9.964058812716749,245,19.96826542516493,0.0100000000000051,1.5698434086149238,2.9692939565853957,1.2359378195198754,0.5007946252255611,0.0244831491005984,2.225966271870655,OK,True,320.0,340.0,58.49,60.93,-7.952572003278903,112.62242493186815,29.372383736979284,9.964058812716749,245.0,19.96826542516493,0.0100000000000051,1.5698434086149238,2.9692939565853957,1.2359378195198754,0.5007946252255611,0.0244831491005984,2.225966271870655,1.5698434086149238,2.9692939565853957,1.2359378195198754,0.0280236299256109,2.225966271870655,17.3,1.0,Rendah,False,5130.5,load_profile,0.6413125,False,0.17300000000000001,38.47875,6.920000000000001,45.39875,Sedang,1.4761769124999997,0.01996826542516493,0.0002947669240330046,0.004737117630240611,6773.934887859844,False
20260811_224202_660,session_20260811_224202_660.zip,tt,dashboard_center,100 Hz,19,380.0,400.0,66.47,71.46000000000001,-7.952265115062442,112.622019913054,14.239526546558563,4.875641527632636,500,19.98331439915012,0.0100000000000051,0.9934964541239544,1.971538463393786,0.9201540839316908,0.8507097301498195,0.0807125077168153,0.7108657556819409,OK,True,380.0,400.0,66.47,71.46000000000001,-7.952265115062442,112.622019913054,14.239526546558563,4.875641527632636,500.0,19.98331439915012,0.0100000000000051,0.9934964541239544,1.971538463393786,0.9201540839316908,0.8507097301498195,0.0807125077168153,0.7108657556819409,0.9934964541239544,1.971538463393786,0.9201540839316908,0.1529224584050277,0.7108657556819409,3.6,1.0,Rendah,False,5075.0,load_profile,0.634375,False,0.036000000000000004,38.0625,1.4400000000000002,39.5025,Rendah,1.3995925,0.01998331439915012,0.00027968496958192515,0.005016802599822536,7144.578382450618,False
20260811_224202_660,session_20260811_224202_660.zip,tt,dashboard_center,100 Hz,20,400.0,420.0,71.47,74.11,-7.952092855607402,112.62209910058444,27.1547309546286,4.1390964848010485,265,19.934701348189947,0.0100000000000051,4.751317948843544,11.55434777159319,4.856300438186329,0.4013102509171221,0.270168528623298,30.20305574395171,OK,True,400.0,420.0,71.47,74.11,-7.952092855607402,112.62209910058444,27.1547309546286,4.1390964848010485,265.0,19.934701348189947,0.0100000000000051,4.751317948843544,11.55434777159319,4.856300438186329,0.4013102509171221,0.270168528623298,30.20305574395171,4.751317948843544,11.55434777159319,4.856300438186329,0.3266053573962568,30.20305574395171,99.3,0.0,Tinggi,True,5158.9,load_profile,0.6448625,False,0.993,38.69175,39.72,78.41175,Tinggi,1.9121871925,0.019934701348189948,0.00038118880604321305,0.005397991405865749,5229.331228699468,False
20260811_224202_660,session_20260811_224202_660.zip,tt,dashboard_center,100 Hz,21,420.0,440.0,74.12,76.2,-7.951938530205117,112.62220432293394,34.531724543636734,4.083934189949647,209,19.872833352269996,0.0100000000000051,1.6216106425911412,3.0781254301500103,1.164988875921705,0.3522396568177541,0.1813727958764717,2.477985758589368,OK,True,420.0,440.0,74.12,76.2,-7.951938530205117,112.62220432293394,34.531724543636734,4.083934189949647,209.0,19.872833352269996,0.0100000000000051,1.6216106425911412,3.0781254301500103,1.164988875921705,0.3522396568177541,0.1813727958764717,2.477985758589368,1.6216106425911412,3.0781254301500103,1.164988875921705,0.1854856995675744,2.477985758589368,23.0,1.0,Rendah,False,4956.1,load_profile,0.6195125,False,0.23,37.17075,9.200000000000001,46.37075,Sedang,1.4922050750000002,0.019872833352269997,0.00029654342782886557,0.005694534833694615,6701.1101316061595,False
20260811_224202_660,session_20260811_224202_660.zip,tt,dashboard_center,100 Hz,22,440.0,460.0,76.21000000000001,78.05,-7.951774086625162,112.62229768952778,39.0306086176484,3.9392616908131664,185,19.90846269162984,0.0100000000000051,2.134538493180672,4.106199665932122,1.450720656357303,0.4520690592440315,0.1370094650755058,2.6695832725937616,OK,True,440.0,460.0,76.21000000000001,78.05,-7.951774086625162,112.62229768952778,39.0306086176484,3.9392616908131664,185.0,19.90846269162984,0.0100000000000051,2.134538493180672,4.106199665932122,1.450720656357303,0.4520690592440315,0.1370094650755058,2.6695832725937616,2.134538493180672,4.106199665932122,1.450720656357303,0.1286670044290841,2.6695832725937616,54.0,2.0,Sedang,False,5185.2,load_profile,0.64815,False,0.54,38.889,21.6,60.489000000000004,Sedang,1.6748901999999999,0.01990846269162984,0.0003334448905927643,0.006027979724287379,5970.180733057947,False
20260811_224202_660,session_20260811_224202_660.zip,tt,dashboard_center,100 Hz,23,460.0,480.0,78.06,79.81,-7.951614839941769,112.6224000163363,40.57351657249138,4.001567813577617,176,19.824642829215065,0.0100000000000051,2.643459978213709,5.151782863214471,1.850628841059952,0.4035381655507359,1.5437663704022706,3.661420028227002,OK,True,460.0,480.0,78.06,79.81,-7.951614839941769,112.6224000163363,40.57351657249138,4.001567813577617,176.0,19.824642829215065,0.0100000000000051,2.643459978213709,5.151782863214471,1.850628841059952,0.4035381655507359,1.5437663704022706,3.661420028227002,2.643459978213709,5.151782863214471,1.850628841059952,1.4111666874068671,3.661420028227002,77.0,0.0,Tinggi,False,4889.2,load_profile,0.61115,False,0.77,36.669,30.8,67.469,Sedang,1.7688071,0.019824642829215065,0.00035065968991279694,0.006378639414200176,5653.167118143398,False
20260811_224202_660,session_20260811_224202_660.zip,tt,dashboard_center,100 Hz,24,480.0,500.0,79.82000000000001,81.42,-7.95144284894719,112.62249426925077,45.077217581525936,5.077354866243199,161,19.88727736023992,0.0100000000000051,2.255439788181837,4.118836237158456,1.6593170586909054,0.2011336156047729,0.2767733985511641,5.108943921477213,OK,True,480.0,500.0,79.82000000000001,81.42,-7.95144284894719,112.62249426925077,45.077217581525936,5.077354866243199,161.0,19.88727736023992,0.0100000000000051,2.255439788181837,4.118836237158456,1.6593170586909054,0.2011336156047729,0.2767733985511641,5.108943921477213,2.255439788181837,4.118836237158456,1.6593170586909054,0.2351261009676611,5.108943921477213,66.2,0.0,Tinggi,False,5444.5,load_profile,0.6805625,False,0.662,40.833749999999995,26.48,67.31375,Sedang,1.7632439750000002,0.01988727736023992,0.00035066121984596944,0.006729300634046146,5670.983262504325,False
20260811_224202_660,session_20260811_224202_660.zip,tt,dashboard_center,100 Hz,25,500.0,520.0,81.43,83.08,-7.951280507894433,112.62258588232952,43.25343902173047,5.369852704655125,166,19.875532898989945,0.0100000000000051,2.4602807356623,4.983023849607601,1.736139631727226,0.3521918147088138,0.9389080100504056,3.649373953710826,OK,True,500.0,520.0,81.43,83.08,-7.951280507894433,112.62258588232952,43.25343902173047,5.369852704655125,166.0,19.875532898989945,0.0100000000000051,2.4602807356623,4.983023849607601,1.736139631727226,0.3521918147088138,0.9389080100504056,3.649373953710826,2.4602807356623,4.983023849607601,1.736139631727226,0.8208890944955358,3.649373953710826,74.8,0.0,Tinggi,False,5446.6,load_profile,0.680825,False,0.748,40.8495,29.92,70.7695,Tinggi,1.8095464200000002,0.019875532898989946,0.0003596569940295949,0.007088957628075741,5525.854984276773,False
20260811_224202_660,session_20260811_224202_660.zip,tt,dashboard_center,100 Hz,26,520.0,540.0,83.09,84.91,-7.951109394671654,112.62264870225756,39.56326148134892,6.673366395039224,183,19.93005769151989,0.0100000000000051,1.7481468334386776,3.402309017166916,1.2329459585197708,0.3512282858558133,0.478572741693734,1.561209697901611,OK,True,520.0,540.0,83.09,84.91,-7.951109394671654,112.62264870225756,39.56326148134892,6.673366395039224,183.0,19.93005769151989,0.0100000000000051,1.7481468334386776,3.402309017166916,1.2329459585197708,0.3512282858558133,0.478572741693734,1.561209697901611,1.7481468334386776,3.402309017166916,1.2329459585197708,0.4452121484436037,1.561209697901611,28.1,2.0,Sedang,False,5177.3,load_profile,0.6471625,False,0.281,38.82975,11.240000000000002,50.06975,Sedang,1.5370680325000001,0.01993005769151989,0.00030633854563515974,0.007395296173710901,6505.411770303425,False
20260811_224202_660,session_20260811_224202_660.zip,tt,dashboard_center,100 Hz,27,540.0,560.0,84.92,88.3,-7.950944641290444,112.62269245670798,21.272753346645622,7.795146601727603,339,19.913178199364893,0.0100000000000051,1.0409228105822568,1.984726742635212,0.8603413496553095,0.7030520120814523,0.0206499690227866,0.945947736628241,OK,True,540.0,560.0,84.92,88.3,-7.950944641290444,112.62269245670798,21.272753346645622,7.795146601727603,339.0,19.913178199364893,0.0100000000000051,1.0409228105822568,1.984726742635212,0.8603413496553095,0.7030520120814523,0.0206499690227866,0.945947736628241,1.0409228105822568,1.984726742635212,0.8603413496553095,0.0295873487028137,0.945947736628241,4.3,1.0,Rendah,False,5314.1,load_profile,0.6642625000000001,False,0.043,39.85575000000001,1.7199999999999998,41.575750000000006,Sedang,1.4214701575000002,0.019913178199364893,0.00028305988551376784,0.0076783560592246685,7034.429890515711,False
20260811_224202_660,session_20260811_224202_660.zip,tt,dashboard_center,100 Hz,28,560.0,580.0,88.31,94.73,-7.950853039476788,112.62277964903473,10.988095193525584,4.999841668987772,643,19.95831910425011,0.0100000000000051,0.8336763858489767,1.6321189354367305,0.7954114659576794,1.1524016566656743,0.0064013801239057,0.5639508342645103,OK,True,560.0,580.0,88.31,94.73,-7.950853039476788,112.62277964903473,10.988095193525584,4.999841668987772,643.0,19.95831910425011,0.0100000000000051,0.8336763858489767,1.6321189354367305,0.7954114659576794,1.1524016566656743,0.0064013801239057,0.5639508342645103,0.8336763858489767,1.6321189354367305,0.7954114659576794,0.0145265440218268,0.5639508342645103,1.4,1.0,Rendah,False,4799.8,load_profile,0.599975,False,0.013999999999999999,35.9985,0.5599999999999999,36.5585,Rendah,1.3672649300000002,0.019958319104250107,0.00027288309772990183,0.00795123915695457,7313.289953311611,False
20260811_224202_660,session_20260811_224202_660.zip,tt,dashboard_center,100 Hz,29,580.0,600.0,94.74,96.98,-7.950690484655123,112.62286295224273,31.942779740794258,5.376289070271856,225,19.91560212796503,0.0100000000000051,1.3724986453213872,2.6867796388357106,1.0567583053058158,0.5021188882839867,0.0609730057175502,1.6708253821715011,OK,True,580.0,600.0,94.74,96.98,-7.950690484655123,112.62286295224273,31.942779740794258,5.376289070271856,225.0,19.91560212796503,0.0100000000000051,1.3724986453213872,2.6867796388357106,1.0567583053058158,0.5021188882839867,0.0609730057175502,1.6708253821715011,1.3724986453213872,2.6867796388357106,1.0567583053058158,0.0658316303469935,1.6708253821715011,12.2,1.0,Rendah,False,5058.3,load_profile,0.6322875,False,0.122,37.93725,4.88,42.81725,Sedang,1.443600315,0.019915602127965032,0.0002875016950534499,0.00823874085200802,6926.5544084581325,False
20260811_224202_660,session_20260811_224202_660.zip,tt,dashboard_center,100 Hz,30,600.0,620.0,96.99,98.73,-7.950516636620241,112.62294290578708,41.79539519212303,6.231001933998603,175,19.86660194278488,0.0100000000000051,4.06568792940461,9.78664891621863,3.3724823760426155,0.2516786722963406,0.1437696979344779,34.39485634611012,OK,True,600.0,620.0,96.99,98.73,-7.950516636620241,112.62294290578708,41.79539519212303,6.231001933998603,175.0,19.86660194278488,0.0100000000000051,4.06568792940461,9.78664891621863,3.3724823760426155,0.2516786722963406,0.1437696979344779,34.39485634611012,4.06568792940461,9.78664891621863,3.3724823760426155,0.1287344409683353,34.39485634611012,97.8,0.0,Tinggi,True,5241.4,load_profile,0.655175,False,0.978,39.3105,39.12,78.4305,Tinggi,1.91245723,0.01986660194278488,0.00037994026521010984,0.00861868111721813,5228.4244452819885,False
20260811_224202_660,session_20260811_224202_660.zip,tt,dashboard_center,100 Hz,31,620.0,640.0,98.74,100.47,-7.950354951200332,112.62303549099774,41.33010767565073,6.08002923115892,174,19.900549110339853,0.0100000000000051,2.2083556440585967,4.1264857624224245,1.5292648525150463,0.4019989576992823,0.0904241360128065,2.892650359667601,OK,True,620.0,640.0,98.74,100.47,-7.950354951200332,112.62303549099774,41.33010767565073,6.08002923115892,174.0,19.900549110339853,0.0100000000000051,2.2083556440585967,4.1264857624224245,1.5292648525150463,0.4019989576992823,0.0904241360128065,2.892650359667601,2.2083556440585967,4.1264857624224245,1.5292648525150463,0.0816010897307707,2.892650359667601,57.6,2.0,Sedang,False,5109.0,load_profile,0.638625,False,0.5760000000000001,38.3175,23.040000000000003,61.3575,Sedang,1.6871445999999999,0.019900549110339852,0.00033575103968544684,0.008954432156903577,5926.643487928842,False
20260811_224202_660,session_20260811_224202_660.zip,tt,dashboard_center,100 Hz,32,640.0,660.0,100.48,102.11,-7.950196164911598,112.62313498173056,43.98120826547454,5.795790244071799,164,19.855913104879846,0.0100000000000051,1.8301869960752757,3.584679482062859,1.2158740234160053,0.2518141559942255,0.0546903299642387,4.5882439442056455,OK,True,640.0,660.0,100.48,102.11,-7.950196164911598,112.62313498173056,43.98120826547454,5.795790244071799,164.0,19.855913104879846,0.0100000000000051,1.8301869960752757,3.584679482062859,1.2158740234160053,0.2518141559942255,0.0546903299642387,4.5882439442056455,1.8301869960752757,3.584679482062859,1.2158740234160053,0.0472637241770321,4.5882439442056455,35.3,2.0,Sedang,False,5468.8,load_profile,0.6836,False,0.353,41.016,14.12,55.135999999999996,Sedang,1.5996221599999998,0.019855913104879847,0.000317619586096002,0.009272051742999578,6250.896646009018,False
20260811_224202_660,session_20260811_224202_660.zip,tt,dashboard_center,100 Hz,33,660.0,680.0,102.12,103.75,-7.95003966225774,112.62321721729973,43.99852463109218,5.408992431908157,164,19.92824748167993,0.0100000000000051,1.3394115165645617,2.571197443677661,0.9058947129025906,0.4516202444933361,0.2652138980527508,0.6250289551564538,OK,True,660.0,680.0,102.12,103.75,-7.95003966225774,112.62321721729973,43.99852463109218,5.408992431908157,164.0,19.92824748167993,0.0100000000000051,1.3394115165645617,2.571197443677661,0.9058947129025906,0.4516202444933361,0.2652138980527508,0.6250289551564538,1.3394115165645617,2.571197443677661,0.9058947129025906,0.2291367118660074,0.6250289551564538,8.6,1.0,Rendah,False,5731.5,load_profile,0.7164375,False,0.086,42.98625,3.4399999999999995,46.426249999999996,Sedang,1.476585225,0.019928247481679928,0.0002942575579159204,0.0095663093009155,6771.734675233464,False
20260811_224202_660,session_20260811_224202_660.zip,tt,dashboard_center,100 Hz,34,680.0,700.0,103.76,105.43,-7.949884512542106,112.62332534269557,42.77520305974527,5.122282064082894,168,19.868199685859963,0.0100000000000051,1.9506614784731204,3.59597220270217,1.2831913729061613,0.3523218062370212,0.2290126911879459,4.557099699894291,OK,True,680.0,700.0,103.76,105.43,-7.949884512542106,112.62332534269557,42.77520305974527,5.122282064082894,168.0,19.868199685859963,0.0100000000000051,1.9506614784731204,3.59597220270217,1.2831913729061613,0.3523218062370212,0.2290126911879459,4.557099699894291,1.9506614784731204,3.59597220270217,1.2831913729061613,0.2017817981468992,4.557099699894291,46.8,2.0,Sedang,False,5138.0,load_profile,0.64225,False,0.46799999999999997,38.535,18.72,57.254999999999995,Sedang,1.6326645999999998,0.019868199685859962,0.0003243810629283468,0.009890690363843846,6124.35091136515,False
20260811_224202_660,session_20260811_224202_660.zip,tt,dashboard_center,100 Hz,35,700.0,720.0,105.44,107.19,-7.94971352980569,112.62339577309416,41.39078687046981,6.216694072854846,176,19.91011763090501,0.0100000000000051,1.8424595255799971,3.749510223110248,1.2970261685456903,0.3515800423566768,0.3026268724388984,1.7213930263713015,OK,True,700.0,720.0,105.44,107.19,-7.94971352980569,112.62339577309416,41.39078687046981,6.216694072854846,176.0,19.91011763090501,0.0100000000000051,1.8424595255799971,3.749510223110248,1.2970261685456903,0.3515800423566768,0.3026268724388984,1.7213930263713015,1.8424595255799971,3.749510223110248,1.2970261685456903,0.2728196107716205,1.7213930263713015,38.1,2.0,Sedang,False,5218.7,load_profile,0.6523375,False,0.381,39.14025,15.24,54.380250000000004,Sedang,1.5935106175,0.01991011763090501,0.0003172698384052108,0.010207960202249056,6274.811786109592,False
20260811_224202_660,session_20260811_224202_660.zip,tt,dashboard_center,100 Hz,36,720.0,740.0,107.2,109.19,-7.949572512342525,112.6234719877184,35.83167258433709,6.925739522056805,200,19.91452339166483,0.0100000000000051,3.434470694531314,7.50165996534671,2.744488236527857,0.3515022610548556,1.6926698823110755,14.027299997968926,OK,True,720.0,740.0,107.2,109.19,-7.949572512342525,112.6234719877184,35.83167258433709,6.925739522056805,200.0,19.91452339166483,0.0100000000000051,3.434470694531314,7.50165996534671,2.744488236527857,0.3515022610548556,1.6926698823110755,14.027299997968926,3.434470694531314,7.50165996534671,2.744488236527857,1.687094964141752,14.027299997968926,93.5,0.0,Tinggi,True,5439.9,load_profile,0.6799875,False,0.935,40.79925,37.400000000000006,78.19925,Tinggi,1.9091501625,0.01991452339166483,0.0003801981556930696,0.010588158357942126,5237.378065154791,False
20260811_224202_660,session_20260811_224202_660.zip,tt,dashboard_center,100 Hz,37,740.0,760.0,109.2,111.25,-7.949433012779031,112.62355843855464,34.65417569454863,6.699551704192406,206,19.83488463626486,0.0100000000000051,1.808099246364148,3.868297565385674,1.4686260771399149,0.4537460219730728,0.0622953642809955,1.5399785605235174,OK,True,740.0,760.0,109.2,111.25,-7.949433012779031,112.62355843855464,34.65417569454863,6.699551704192406,206.0,19.83488463626486,0.0100000000000051,1.808099246364148,3.868297565385674,1.4686260771399149,0.4537460219730728,0.0622953642809955,1.5399785605235174,1.808099246364148,3.868297565385674,1.4686260771399149,0.0635512284150643,1.5399785605235174,34.5,2.0,Sedang,False,5718.8,load_profile,0.71485,False,0.345,42.891,13.799999999999999,56.690999999999995,Sedang,1.6162346499999998,0.01983488463626486,0.0003205782782788391,0.010908736636220965,6186.54545386487,False
20260811_224202_660,session_20260811_224202_660.zip,tt,dashboard_center,100 Hz,38,760.0,780.0,111.26,113.21,-7.949270685677568,112.62365462908612,36.81161763469958,7.09088910207241,196,19.896147381740093,0.0100000000000051,2.233104875027151,4.432239023348348,1.7070551843247326,0.3518269072747383,0.156962164987788,4.233288692716016,OK,True,760.0,780.0,111.26,113.21,-7.949270685677568,112.62365462908612,36.81161763469958,7.09088910207241,196.0,19.896147381740093,0.0100000000000051,2.233104875027151,4.432239023348348,1.7070551843247326,0.3518269072747383,0.156962164987788,4.233288692716016,2.233104875027151,4.432239023348348,1.7070551843247326,0.1535344626703869,4.233288692716016,66.2,0.0,Tinggi,False,5189.1,load_profile,0.6486375000000001,False,0.662,38.91825000000001,26.48,65.39825,Sedang,1.7398621050000003,0.019896147381740094,0.00034616552864984564,0.01125490216487081,5746.935047926405,False
20260811_224202_660,session_20260811_224202_660.zip,tt,dashboard_center,100 Hz,39,780.0,800.0,113.22,115.14,-7.9491069423305,112.62376564231349,37.29661091166918,6.915563805565173,193,19.93566478993989,0.0100000000000051,3.685145187308088,9.00248547418965,3.150955517082902,0.2508067853610351,1.0895749717950678,18.164374677474378,OK,True,780.0,800.0,113.22,115.14,-7.9491069423305,112.62376564231349,37.29661091166918,6.915563805565173,193.0,19.93566478993989,0.0100000000000051,3.685145187308088,9.00248547418965,3.150955517082902,0.2508067853610351,1.0895749717950678,18.164374677474378,3.685145187308088,9.00248547418965,3.150955517082902,1.0561150973164175,18.164374677474378,96.4,0.0,Tinggi,True,5485.5,load_profile,0.6856875,False,0.9640000000000001,41.14125,38.56,79.70125,Tinggi,1.9292130500000002,0.01993566478993989,0.00038460144673177547,0.011639503611602587,5182.85735711711,False
20260811_224202_660,session_20260811_224202_660.zip,tt,dashboard_center,100 Hz,40,800.0,820.0,115.15,117.2,-7.948952631479599,112.623857056568,34.90707953386652,6.941383957695041,206,19.895065249114964,0.0100000000000051,1.3294428931502262,2.417046956276605,0.9107194318526972,0.402109764397776,0.0208244113454433,1.969113416087631,OK,True,800.0,820.0,115.15,117.2,-7.948952631479599,112.623857056568,34.90707953386652,6.941383957695041,206.0,19.895065249114964,0.0100000000000051,1.3294428931502262,2.417046956276605,0.9107194318526972,0.402109764397776,0.0208244113454433,1.969113416087631,1.3294428931502262,2.417046956276605,0.9107194318526972,0.0211369743006447,1.969113416087631,6.5,1.0,Rendah,False,5800.8,load_profile,0.7251000000000001,False,0.065,43.50600000000001,2.6,46.10600000000001,Sedang,1.4704863000000001,0.019895065249114965,0.00029255420886429645,0.011932057820466883,6799.659945296975,False
20260811_224202_660,session_20260811_224202_660.zip,tt,dashboard_center,100 Hz,41,820.0,840.0,117.21,119.42,-7.948794738394818,112.62394825051236,32.56211330772129,6.622484223741784,222,19.94437324771502,0.0100000000000051,1.7662824433387918,3.27989148843064,1.3246209372534257,0.3509761832602071,0.041931549429359,1.6966512180468214,OK,True,820.0,840.0,117.21,119.42,-7.948794738394818,112.62394825051236,32.56211330772129,6.622484223741784,222.0,19.94437324771502,0.0100000000000051,1.7662824433387918,3.27989148843064,1.3246209372534257,0.3509761832602071,0.041931549429359,1.6966512180468214,1.7662824433387918,3.27989148843064,1.3246209372534257,0.0446717347557436,1.6966512180468214,24.5,1.0,Rendah,False,5147.0,load_profile,0.643375,False,0.245,38.6025,9.8,48.4025,Sedang,1.5155503750000001,0.01994437324771502,0.00030226702354714465,0.012234324844014027,6597.455770822265,False
20260811_224202_660,session_20260811_224202_660.zip,tt,dashboard_center,100 Hz,42,840.0,860.0,119.43,121.76,-7.948632310638935,112.62402736529748,30.69059792120098,6.837568700153771,234,19.85786697227502,0.0100000000000051,2.1873228882975497,4.279886489454296,1.6526192491690783,0.3525051310784385,0.2829003401881841,5.3472201203283225,OK,True,840.0,860.0,119.43,121.76,-7.948632310638935,112.62402736529748,30.69059792120098,6.837568700153771,234.0,19.85786697227502,0.0100000000000051,2.1873228882975497,4.279886489454296,1.6526192491690783,0.3525051310784385,0.2829003401881841,5.3472201203283225,2.1873228882975497,4.279886489454296,1.6526192491690783,0.3140648197259644,5.3472201203283225,67.6,0.0,Tinggi,False,5230.7,load_profile,0.6538375,False,0.6759999999999999,39.23025,27.04,66.27025,Sedang,1.75110133,0.01985786697227502,0.0003477313726611386,0.012582056216675167,5709.973274007126,False
20260811_224202_660,session_20260811_224202_660.zip,tt,dashboard_center,100 Hz,43,860.0,880.0,121.77,124.28,-7.948475111757297,112.6241183447016,28.476930258619603,7.401872015922805,252,19.905289729950027,0.0100000000000051,1.841966916935164,3.576433557558302,1.415167659196822,0.4521411203805972,0.0417940144039021,4.545715520472439,OK,True,860.0,880.0,121.77,124.28,-7.948475111757297,112.6241183447016,28.476930258619603,7.401872015922805,252.0,19.905289729950027,0.0100000000000051,1.841966916935164,3.576433557558302,1.415167659196822,0.4521411203805972,0.0417940144039021,4.545715520472439,1.841966916935164,3.576433557558302,1.415167659196822,0.0488799225821697,4.545715520472439,39.6,2.0,Sedang,False,5407.5,load_profile,0.6759375,False,0.396,40.55625,15.84,56.396249999999995,Sedang,1.6174967500000001,0.019905289729950027,0.0003219674144600255,0.012904023631135192,6181.594861094395,False
20260811_224202_660,session_20260811_224202_660.zip,tt,dashboard_center,100 Hz,44,880.0,900.0,124.29,126.8,-7.948326848154766,112.62421435597642,28.69598713447589,7.552595918501588,252,19.975372788619893,0.0100000000000051,2.2043896406302896,4.289696709522347,1.703735245411599,0.5006164393436036,0.0624452228611358,3.717360539776451,OK,True,880.0,900.0,124.29,126.8,-7.948326848154766,112.62421435597642,28.69598713447589,7.552595918501588,252.0,19.975372788619893,0.0100000000000051,2.2043896406302896,4.289696709522347,1.703735245411599,0.5006164393436036,0.0624452228611358,3.717360539776451,2.2043896406302896,4.289696709522347,1.703735245411599,0.0726438976197062,3.717360539776451,64.0,2.0,Sedang,False,5400.5,load_profile,0.6750625,False,0.64,40.503750000000004,25.6,66.10375,Sedang,1.7474455,0.019975372788619893,0.0003490587529029628,0.013253082384038155,5721.880706300481,False
20260811_224202_660,session_20260811_224202_660.zip,tt,dashboard_center,100 Hz,45,900.0,920.0,126.81,129.36,-7.948155449195983,112.62426263958636,28.14775467481967,7.461112721609861,256,19.88211825964015,0.0100000000000193,2.081547798163511,4.067000431122333,1.579746148402997,0.5029645166279677,0.0402683785591151,4.759608897577448,OK,True,900.0,920.0,126.81,129.36,-7.948155449195983,112.62426263958636,28.14775467481967,7.461112721609861,256.0,19.88211825964015,0.0100000000000193,2.081547798163511,4.067000431122333,1.579746148402997,0.5029645166279677,0.0402683785591151,4.759608897577448,2.081547798163511,4.067000431122333,1.579746148402997,0.0474783137818785,4.759608897577448,59.7,2.0,Sedang,False,5667.6,load_profile,0.70845,False,0.597,42.507000000000005,23.88,66.387,Sedang,1.7484589300000002,0.01988211825964015,0.0003476306721838389,0.013600713056221993,5718.544346188547,False
20260811_224202_660,session_20260811_224202_660.zip,tt,dashboard_center,100 Hz,46,920.0,940.0,129.37,132.69,-7.947995956549885,112.6243726440543,21.613103647638543,7.104845317408796,333,19.97191266029995,0.0100000000000193,2.223765333387768,4.247253965480993,1.779636904848838,0.5507734881029064,0.1076875592063053,5.176984287058604,OK,True,920.0,940.0,129.37,132.69,-7.947995956549885,112.6243726440543,21.613103647638543,7.104845317408796,333.0,19.97191266029995,0.0100000000000193,2.223765333387768,4.247253965480993,1.779636904848838,0.5507734881029064,0.1076875592063053,5.176984287058604,2.223765333387768,4.247253965480993,1.779636904848838,0.1525997775269192,5.176984287058604,66.2,0.0,Tinggi,False,5568.6,load_profile,0.696075,False,0.662,41.7645,26.48,68.2445,Sedang,1.77460533,0.019971912660299948,0.0003544226265726277,0.013955135682794622,5634.269387904814,False
20260811_224202_660,session_20260811_224202_660.zip,tt,dashboard_center,100 Hz,68,1360.0,1380.0,350.51,354.0,-7.945288842877821,112.6260484244286,20.866753115929452,9.935,350,19.98292033479493,0.0100000000000477,2.727094952609172,5.7459029083176425,2.959105853378812,0.6005128279025964,0.1505774560216305,7.154152397210639,OK,True,1360.0,1380.0,350.51,354.0,-7.945288842877821,112.6260484244286,20.866753115929452,9.935,350.0,19.98292033479493,0.0100000000000477,2.727094952609172,5.7459029083176425,2.959105853378812,0.6005128279025964,0.1505774560216305,7.154152397210639,2.727094952609172,5.7459029083176425,2.959105853378812,0.2186612625446637,7.154152397210639,82.7,0.0,Tinggi,False,5905.3,load_profile,0.7381625,False,0.8270000000000001,44.289750000000005,33.080000000000005,77.36975000000001,Tinggi,1.8957895775,0.01998292033479493,0.00037883412098717035,0.014333969803781791,5274.090923215671,False
20260811_224202_660,session_20260811_224202_660.zip,tt,dashboard_center,100 Hz,72,1440.0,1460.0,362.91,365.42,-7.944772507878669,112.62650416021972,28.432498453799333,6.757843898691393,252,19.882728190850003,0.0100000000000477,2.170721516974148,3.971939920087757,2.2725735164412835,0.5029490874698967,0.5820479275792833,5.405768228099266,OK,True,1440.0,1460.0,362.91,365.42,-7.944772507878669,112.62650416021972,28.432498453799333,6.757843898691393,252.0,19.882728190850003,0.0100000000000477,2.170721516974148,3.971939920087757,2.2725735164412835,0.5029490874698967,0.5820479275792833,5.405768228099266,2.170721516974148,3.971939920087757,2.2725735164412835,0.6814707243375944,5.405768228099266,79.9,0.0,Tinggi,False,5500.6,load_profile,0.687575,False,0.799,41.2545,31.96,73.2145,Tinggi,1.842019485,0.01988272819085,0.00036624372742504504,0.014700213531206836,5428.026174569417,False
20260811_224202_660,session_20260811_224202_660.zip,tt,dashboard_center,100 Hz,73,1460.0,1480.0,365.43,367.6,-7.944798726415632,112.62668978963856,33.10572616654444,3.986485042514589,218,19.87849992275005,0.0100000000000477,2.223422036049825,4.097562535926013,1.5476147687229882,0.5533616743087839,0.0932132163713349,5.017389304315961,OK,True,1460.0,1480.0,365.43,367.6,-7.944798726415632,112.62668978963856,33.10572616654444,3.986485042514589,218.0,19.87849992275005,0.0100000000000477,2.223422036049825,4.097562535926013,1.5476147687229882,0.5533616743087839,0.0932132163713349,5.017389304315961,2.223422036049825,4.097562535926013,1.5476147687229882,0.0981667287214023,5.017389304315961,61.9,2.0,Sedang,False,5706.9,load_profile,0.7133624999999999,False,0.619,42.80174999999999,24.759999999999998,67.56174999999999,Sedang,1.7639317774999999,0.019878499922750047,0.000350643177027701,0.015050856708234537,5668.300238062454,False
20260811_224202_660,session_20260811_224202_660.zip,tt,dashboard_center,100 Hz,74,1480.0,1500.0,367.61,369.73,-7.9447860480363985,112.62687186540828,33.72567365400955,4.188359722483145,213,19.932176454829914,0.0100000000000477,2.1252398717073078,4.497358902291388,1.8045368157289796,0.3511909507656289,0.0518510886729102,3.5374797091039083,OK,True,1480.0,1500.0,367.61,369.73,-7.9447860480363985,112.62687186540828,33.72567365400955,4.188359722483145,213.0,19.932176454829914,0.0100000000000477,2.1252398717073078,4.497358902291388,1.8045368157289796,0.3511909507656289,0.0518510886729102,3.5374797091039083,2.1252398717073078,4.497358902291388,1.8045368157289796,0.0539058809447116,3.5374797091039083,57.6,2.0,Sedang,False,5510.3,load_profile,0.6887875,False,0.5760000000000001,41.32725,23.040000000000003,64.36725,Sedang,1.7230208200000001,0.019932176454829913,0.0003434355501958573,0.015394292258430396,5802.866950135956,False
20260811_224202_660,session_20260811_224202_660.zip,tt,dashboard_center,100 Hz,75,1500.0,1520.0,369.74,371.54,-7.944806000365073,112.6270379457434,39.8065705444926,3.921770425673439,181,19.890471077730357,0.0100000000000477,1.898941341375542,3.4363437858214407,1.2941763316715127,0.4524779712269622,0.0646040501418039,2.218896955120688,OK,True,1500.0,1520.0,369.74,371.54,-7.944806000365073,112.6270379457434,39.8065705444926,3.921770425673439,181.0,19.890471077730357,0.0100000000000477,1.898941341375542,3.4363437858214407,1.2941763316715127,0.4524779712269622,0.0646040501418039,2.218896955120688,1.898941341375542,3.4363437858214407,1.2941763316715127,0.0598446589169447,2.218896955120688,33.8,2.0,Sedang,False,5529.5,load_profile,0.6911875,False,0.33799999999999997,41.47125,13.52,54.991249999999994,Sedang,1.5966367750000001,0.019890471077730357,0.00031757857594778176,0.015711870834378177,6262.181210824585,False
20260811_224202_660,session_20260811_224202_660.zip,tt,dashboard_center,100 Hz,76,1520.0,1540.0,371.55,373.35,-7.944870240478462,112.6272092297872,40.27895859087496,3.842318063402328,181,19.861687587865163,0.0100000000000477,3.5930876519911403,7.800332002338624,2.766514557159917,0.2517409448658751,0.0477694899833314,3.5675114617802604,OK,True,1520.0,1540.0,371.55,373.35,-7.944870240478462,112.6272092297872,40.27895859087496,3.842318063402328,181.0,19.861687587865163,0.0100000000000477,3.5930876519911403,7.800332002338624,2.766514557159917,0.2517409448658751,0.0477694899833314,3.5675114617802604,3.5930876519911403,7.800332002338624,2.766514557159917,0.0438884239298798,3.5675114617802604,88.5,0.0,Tinggi,True,5865.4,load_profile,0.7331749999999999,False,0.885,43.9905,35.4,79.3905,Tinggi,1.923676975,0.019861687587865162,0.00038207471097419503,0.016093945545352373,5197.541341599446,False
20260811_224202_660,session_20260811_224202_660.zip,tt,dashboard_center,100 Hz,77,1540.0,1560.0,373.36,376.05,-7.944908445776031,112.62738625429022,26.394780142562443,3.806171432368667,270,19.99023408628477,0.0100000000000477,2.4613197417185373,5.755150148169957,2.386268211046621,0.5502686938292064,0.1060635875105443,8.637384328371,OK,True,1540.0,1560.0,373.36,376.05,-7.944908445776031,112.62738625429022,26.394780142562443,3.806171432368667,270.0,19.99023408628477,0.0100000000000477,2.4613197417185373,5.755150148169957,2.386268211046621,0.5502686938292064,0.1060635875105443,8.637384328371,2.4613197417185373,5.755150148169957,2.386268211046621,0.1307782656917508,8.637384328371,82.0,0.0,Tinggi,False,5398.7,load_profile,0.6748375,False,0.82,40.490249999999996,32.8,73.29024999999999,Tinggi,1.84357585,0.01999023408628477,0.00036853512797321413,0.016462480673325584,5423.34819146859,False
20260811_224202_660,session_20260811_224202_660.zip,tt,dashboard_center,100 Hz,78,1560.0,1580.0,376.06,380.82,-7.944916042939744,112.62753210803264,14.96561566449817,6.0413231540872445,477,19.90077294188518,0.0100000000000477,1.957562212196976,4.11431447044338,2.166341977045153,0.9547367861280744,0.1357545260539739,3.536209947825628,OK,True,1560.0,1580.0,376.06,380.82,-7.944916042939744,112.62753210803264,14.96561566449817,6.0413231540872445,477.0,19.90077294188518,0.0100000000000477,1.957562212196976,4.11431447044338,2.166341977045153,0.9547367861280744,0.1357545260539739,3.536209947825628,1.957562212196976,4.11431447044338,2.166341977045153,0.2484565248468125,3.536209947825628,64.0,2.0,Sedang,False,5129.4,load_profile,0.6411749999999999,False,0.64,38.470499999999994,25.6,64.0705,Sedang,1.7227753999999997,0.019900772941885178,0.0003428456206526541,0.01680532629397824,5803.611699685637,False
20260811_224202_660,session_20260811_224202_660.zip,tt,dashboard_center,100 Hz,80,1600.0,1620.0,383.67,385.33,-7.94461406664634,112.62797838562796,42.90081972840934,9.160126272785476,167,19.813120024799677,0.0100000000000477,2.25974263048275,4.360435580008109,1.548321633058037,0.5047160662976455,0.5749020249394385,4.1647334609801465,OK,True,1600.0,1620.0,383.67,385.33,-7.94461406664634,112.62797838562796,42.90081972840934,9.160126272785476,167.0,19.813120024799677,0.0100000000000477,2.25974263048275,4.360435580008109,1.548321633058037,0.5047160662976455,0.5749020249394385,4.1647334609801465,2.25974263048275,4.360435580008109,1.548321633058037,0.5055100908497256,4.1647334609801465,69.8,0.0,Tinggi,False,6068.9,load_profile,0.7586124999999999,False,0.698,45.516749999999995,27.919999999999998,73.43674999999999,Tinggi,1.8402698049999997,0.019813120024799676,0.00036461486524479685,0.017169941159223035,5433.052794062488,False
20260811_224202_660,session_20260811_224202_660.zip,tt,dashboard_center,100 Hz,81,1620.0,1640.0,385.34,386.92,-7.944455094904932,112.62809899020668,45.47072001671086,7.498658019970794,159,19.89258867016474,0.0100000000000477,1.7853840668636491,3.613685246233261,1.2389131718748891,0.4524298043471014,0.495081689747824,2.130060178120135,OK,True,1620.0,1640.0,385.34,386.92,-7.944455094904932,112.62809899020668,45.47072001671086,7.498658019970794,159.0,19.89258867016474,0.0100000000000477,1.7853840668636491,3.613685246233261,1.2389131718748891,0.4524298043471014,0.495081689747824,2.130060178120135,1.7853840668636491,3.613685246233261,1.2389131718748891,0.4180477606324331,2.130060178120135,32.4,2.0,Sedang,False,5494.2,load_profile,0.686775,False,0.324,41.2065,12.96,54.1665,Sedang,1.5861680200000001,0.019892588670164742,0.0003155298798362964,0.017485471039059335,6303.39997202572,False
20260811_224202_660,session_20260811_224202_660.zip,tt,dashboard_center,100 Hz,82,1640.0,1660.0,386.93,388.51,-7.944305480440494,112.62820949538737,45.40161928751027,5.697976395313604,159,19.93357113098477,0.0100000000000477,2.141773270201705,3.609146933636701,1.3536055545645898,0.3511663792705558,0.0269552362463252,4.267686442592167,OK,True,1640.0,1660.0,386.93,388.51,-7.944305480440494,112.62820949538737,45.40161928751027,5.697976395313604,159.0,19.93357113098477,0.0100000000000477,2.141773270201705,3.609146933636701,1.3536055545645898,0.3511663792705558,0.0269552362463252,4.267686442592167,2.141773270201705,3.609146933636701,1.3536055545645898,0.022785151602762,4.267686442592167,43.9,2.0,Sedang,False,5192.3,load_profile,0.6490375,False,0.439,38.94225,17.56,56.502250000000004,Sedang,1.6220079925,0.01993357113098477,0.0003233241169352456,0.017808795155994577,6164.099786631848,False
20260811_224202_660,session_20260811_224202_660.zip,tt,dashboard_center,100 Hz,83,1660.0,1680.0,388.52,390.28,-7.944142888820218,112.62831105052793,40.977651967665736,4.578618426653498,177,19.881687300580552,0.0100000000000477,3.365795947082462,6.493399874739636,2.414380189822434,0.3017852513868276,0.0169010346743115,5.8965899954686645,OK,True,1660.0,1680.0,388.52,390.28,-7.944142888820218,112.62831105052793,40.977651967665736,4.578618426653498,177.0,19.881687300580552,0.0100000000000477,3.365795947082462,6.493399874739636,2.414380189822434,0.3017852513868276,0.0169010346743115,5.8965899954686645,3.365795947082462,6.493399874739636,2.414380189822434,0.0153431268487031,5.8965899954686645,82.7,0.0,Tinggi,False,5496.1,load_profile,0.6870125,False,0.8270000000000001,41.22075,33.080000000000005,74.30075000000001,Tinggi,1.8566393675000001,0.019881687300580552,0.00036913123334582663,0.018177926389340404,5385.096525677901,False
20260811_224202_660,session_20260811_224202_660.zip,tt,dashboard_center,100 Hz,84,1680.0,1700.0,390.29,392.17,-7.944002158748963,112.6284284293471,37.55604554296392,4.229681064772251,189,19.898906849259674,0.0100000000000477,1.7873637065980696,3.677573863784712,1.4345979463124927,0.3517781179150768,0.1564735324799262,4.113575398863069,OK,True,1680.0,1700.0,390.29,392.17,-7.944002158748963,112.6284284293471,37.55604554296392,4.229681064772251,189.0,19.898906849259674,0.0100000000000477,1.7873637065980696,3.677573863784712,1.4345979463124927,0.3517781179150768,0.1564735324799262,4.113575398863069,1.7873637065980696,3.677573863784712,1.4345979463124927,0.1509383241254765,4.113575398863069,53.2,2.0,Sedang,False,5491.8,load_profile,0.6864750000000001,False,0.532,41.188500000000005,21.28,62.468500000000006,Sedang,1.6977259400000002,0.019898906849259674,0.0003378289033563182,0.018515755292696723,5889.141579865787,False
20260811_224202_660,session_20260811_224202_660.zip,tt,dashboard_center,100 Hz,85,1700.0,1720.0,392.18,393.9,-7.943848749887681,112.62854236134817,41.5268945968981,3.956992904426712,173,19.77874647985027,0.0100000000000477,2.249280791613657,3.945184709289002,1.5673995472300288,0.4044745711337194,0.3977760370880117,2.040816352430203,OK,True,1700.0,1720.0,392.18,393.9,-7.943848749887681,112.62854236134817,41.5268945968981,3.956992904426712,173.0,19.77874647985027,0.0100000000000477,2.249280791613657,3.945184709289002,1.5673995472300288,0.4044745711337194,0.3977760370880117,2.040816352430203,2.249280791613657,3.945184709289002,1.5673995472300288,0.3577785347510114,2.040816352430203,60.4,2.0,Sedang,False,5500.9,load_profile,0.6876125,False,0.604,41.25675,24.16,65.41675,Sedang,1.73723109,0.01977874647985027,0.00034360253306023954,0.018859357825756963,5755.200975719024,False
20260811_224202_660,session_20260811_224202_660.zip,tt,dashboard_center,100 Hz,86,1720.0,1740.0,393.91,395.62,-7.943689948922313,112.62862321980433,42.030935271973824,3.809887410823516,172,19.903287063044672,0.0100000000000477,2.0934969993532286,3.556690242993943,1.3902173965840503,0.4521866147783551,0.10569739133132,4.847131495187521,OK,True,1720.0,1740.0,393.91,395.62,-7.943689948922313,112.62862321980433,42.030935271973824,3.809887410823516,172.0,19.903287063044672,0.0100000000000477,2.0934969993532286,3.556690242993943,1.3902173965840503,0.4521866147783551,0.10569739133132,4.847131495187521,2.0934969993532286,3.556690242993943,1.3902173965840503,0.0942741945006431,4.847131495187521,48.2,2.0,Sedang,False,5313.6,load_profile,0.6642,False,0.48200000000000004,39.852000000000004,19.28,59.132000000000005,Sedang,1.65534888,0.019903287063044672,0.0003294688394812949,0.01918882666523826,6039.863401685737,False
20260811_224202_660,session_20260811_224202_660.zip,tt,dashboard_center,100 Hz,87,1740.0,1760.0,395.63,397.58,-7.943527814693585,112.62871250167592,36.85663588512563,3.892500581228689,196,19.968989470929955,0.0100000000000477,2.0276970810396504,3.619464147892758,1.4139039111411744,0.3004658802957734,0.1229909651140737,3.130132934564412,OK,True,1740.0,1760.0,395.63,397.58,-7.943527814693585,112.62871250167592,36.85663588512563,3.892500581228689,196.0,19.968989470929955,0.0100000000000477,2.0276970810396504,3.619464147892758,1.4139039111411744,0.3004658802957734,0.1229909651140737,3.130132934564412,2.0276970810396504,3.619464147892758,1.4139039111411744,0.120202814919833,3.130132934564412,50.4,2.0,Sedang,False,5628.2,load_profile,0.703525,False,0.504,42.2115,20.16,62.3715,Sedang,1.69463032,0.019968989470929954,0.00033840055017198657,0.019527227215410243,5899.839722729887,False
20260811_224202_660,session_20260811_224202_660.zip,tt,dashboard_center,100 Hz,88,1760.0,1780.0,397.59,399.91,-7.94336742823596,112.62877756326344,30.799482262405306,4.010178207745279,233,19.84274939920465,0.0100000000000477,1.9762534406579084,3.5133244714065754,1.3673187278860786,0.4535661776971665,0.0507498424892741,3.7933928137100232,OK,True,1760.0,1780.0,397.59,399.91,-7.94336742823596,112.62877756326344,30.799482262405306,4.010178207745279,233.0,19.84274939920465,0.0100000000000477,1.9762534406579084,3.5133244714065754,1.3673187278860786,0.4535661776971665,0.0507498424892741,3.7933928137100232,1.9762534406579084,3.5133244714065754,1.3673187278860786,0.056201761209799,3.7933928137100232,46.8,2.0,Sedang,False,5606.8,load_profile,0.70085,False,0.46799999999999997,42.051,18.72,60.771,Sedang,1.6733095599999999,0.01984274939920465,0.0003320306226637339,0.01985925783807398,5974.993697051605,False
20260811_224202_660,session_20260811_224202_660.zip,tt,dashboard_center,100 Hz,89,1780.0,1800.0,399.92,402.47,-7.943209082175308,112.62887775391172,28.18677758231988,5.195310230137692,256,19.95163641732006,0.0100000000000477,1.684106372416398,3.513098514631684,1.3223787108075085,0.5513332224945156,0.1150888930474244,2.1753662160723977,OK,True,1780.0,1800.0,399.92,402.47,-7.943209082175308,112.62887775391172,28.18677758231988,5.195310230137692,256.0,19.95163641732006,0.0100000000000477,1.684106372416398,3.513098514631684,1.3223787108075085,0.5513332224945156,0.1150888930474244,2.1753662160723977,1.684106372416398,3.513098514631684,1.3223787108075085,0.1355644305214609,2.1753662160723977,34.5,2.0,Sedang,False,5207.7,load_profile,0.6509625,False,0.345,39.05775,13.799999999999999,52.857749999999996,Sedang,1.5734939125,0.01995163641732006,0.00031393778447066424,0.020173195622544642,6354.001500109232,False
20260811_224202_660,session_20260811_224202_660.zip,tt,dashboard_center,100 Hz,90,1800.0,1820.0,402.48,404.89,-7.943017569663715,112.62896298381688,29.791683187835066,6.42094951222458,242,19.90753254561469,0.0100000000000477,1.449478497437545,3.0138243028039966,1.1265223081312006,0.4520901814113853,0.0237188138743123,1.783380836973862,OK,True,1800.0,1820.0,402.48,404.89,-7.943017569663715,112.62896298381688,29.791683187835066,6.42094951222458,242.0,19.90753254561469,0.0100000000000477,1.449478497437545,3.0138243028039966,1.1265223081312006,0.4520901814113853,0.0237188138743123,1.783380836973862,1.449478497437545,3.0138243028039966,1.1265223081312006,0.0268822246965474,1.783380836973862,18.0,1.0,Rendah,False,5617.1,load_profile,0.7021375000000001,False,0.18,42.12825000000001,7.199999999999999,49.32825000000001,Sedang,1.5185594500000001,0.01990753254561469,0.00030230771673325747,0.0204755033392779,6583.840000248966,False
20260811_224202_660,session_20260811_224202_660.zip,tt,dashboard_center,100 Hz,91,1820.0,1840.0,404.9,407.51,-7.942840774329301,112.62903184496815,27.48013657897089,8.256032590890758,262,19.923992258894486,0.0100000000000477,1.7626362764517989,2.989600806949076,1.282529915106556,0.5019074425476044,0.0159089008498215,2.6667544130709984,OK,True,1820.0,1840.0,404.9,407.51,-7.942840774329301,112.62903184496815,27.48013657897089,8.256032590890758,262.0,19.923992258894486,0.0100000000000477,1.7626362764517989,2.989600806949076,1.282529915106556,0.5019074425476044,0.0159089008498215,2.6667544130709984,1.7626362764517989,2.989600806949076,1.282529915106556,0.0190733821199637,2.6667544130709984,29.5,1.0,Rendah,False,5864.6,load_profile,0.733075,False,0.295,43.984500000000004,11.799999999999999,55.7845,Sedang,1.601096425,0.019923992258894487,0.00031900232777443637,0.020794505667052335,6244.421256160943,False
20260811_224202_660,session_20260811_224202_660.zip,tt,dashboard_center,100 Hz,92,1840.0,1860.0,407.52,410.16,-7.942638130773464,112.6291108894445,26.708955999772208,5.746880173805679,265,19.9054319675854,0.0100000000000477,2.573891264400436,5.367675701065402,2.1542245697512885,0.4019003462485737,0.0682625005595017,4.289340035384179,OK,True,1840.0,1860.0,407.52,410.16,-7.942638130773464,112.6291108894445,26.708955999772208,5.746880173805679,265.0,19.9054319675854,0.0100000000000477,2.573891264400436,5.367675701065402,2.1542245697512885,0.4019003462485737,0.0682625005595017,4.289340035384179,2.573891264400436,5.367675701065402,2.1542245697512885,0.0834784677959079,4.289340035384179,77.0,0.0,Tinggi,False,5490.7,load_profile,0.6863374999999999,False,0.77,41.180249999999994,30.8,71.98025,Tinggi,1.8254984749999998,0.019905431967585402,0.000363373357010434,0.02115787902406277,5476.796803184179,False
20260811_224202_660,session_20260811_224202_660.zip,tt,dashboard_center,100 Hz,93,1860.0,1880.0,410.17,412.48,-7.942478218285883,112.62917178067804,31.264006399934125,5.273232543680158,232,19.94682840979499,0.0100000000000477,1.9293304949119008,3.607158409468629,1.5829204866142983,0.3007996999188939,0.025913856295877,1.8089591991697216,OK,True,1860.0,1880.0,410.17,412.48,-7.942478218285883,112.62917178067804,31.264006399934125,5.273232543680158,232.0,19.94682840979499,0.0100000000000477,1.9293304949119008,3.607158409468629,1.5829204866142983,0.3007996999188939,0.025913856295877,1.8089591991697216,1.9293304949119008,3.607158409468629,1.5829204866142983,0.0284002395032653,1.8089591991697216,43.2,2.0,Sedang,False,5379.7,load_profile,0.6724625,False,0.43200000000000005,40.34775,17.28,57.62775,Sedang,1.63437826,0.01994682840979499,0.00032600662708919307,0.021483885651151963,6117.220141826216,False
20260811_224202_660,session_20260811_224202_660.zip,tt,dashboard_center,100 Hz,94,1880.0,1900.0,412.49,414.52,-7.942293651594627,112.62923095818611,35.66225022774848,4.80322119426821,204,19.92883716012966,0.0100000000000477,1.6883751574612975,3.2028485628591303,1.2183303613526475,0.3512497966516806,0.1515074299326836,3.1171766289598257,OK,True,1880.0,1900.0,412.49,414.52,-7.942293651594627,112.62923095818611,35.66225022774848,4.80322119426821,204.0,19.92883716012966,0.0100000000000477,1.6883751574612975,3.2028485628591303,1.2183303613526475,0.3512497966516806,0.1515074299326836,3.1171766289598257,1.6883751574612975,3.2028485628591303,1.2183303613526475,0.1515074299326836,3.1171766289598257,28.8,2.0,Sedang,False,5403.5,load_profile,0.6754375,False,0.28800000000000003,40.526250000000005,11.520000000000001,52.04625000000001,Sedang,1.5593677000000001,0.01992883716012966,0.00031076384966065925,0.021794649500812623,6411.458012789361,False
20260811_224202_660,session_20260811_224202_660.zip,tt,dashboard_center,100 Hz,95,1900.0,1920.0,414.53,416.77,-7.94211792493443,112.62925982248927,31.86800396202602,4.238290300890196,225,19.85475348628438,0.0100000000000477,1.5143708481556744,2.7939667661498597,1.0821304000874443,0.5540234990879527,0.0925891062575043,2.0028051192846115,OK,True,1900.0,1920.0,414.53,416.77,-7.94211792493443,112.62925982248927,31.86800396202602,4.238290300890196,225.0,19.85475348628438,0.0100000000000477,1.5143708481556744,2.7939667661498597,1.0821304000874443,0.5540234990879527,0.0925891062575043,2.0028051192846115,1.5143708481556744,2.7939667661498597,1.0821304000874443,0.1001302693372052,2.0028051192846115,15.1,1.0,Rendah,False,5534.8,load_profile,0.6918500000000001,False,0.151,41.511,6.04,47.551,Sedang,1.4964038700000002,0.01985475348628438,0.00029710729954771943,0.02209175680036034,6681.211553081564,False
20260811_224202_660,session_20260811_224202_660.zip,tt,dashboard_center,100 Hz,96,1920.0,1940.0,416.78,419.27,-7.941930085265847,112.62928216775002,29.022542524768085,3.79,250,19.97801298358968,0.0100000000000477,3.1209788774079303,6.222368977179734,2.5205148414152325,0.3503851962529974,1.9593384247690544,4.250137468379645,OK,True,1920.0,1940.0,416.78,419.27,-7.941930085265847,112.62928216775002,29.022542524768085,3.79,250.0,19.97801298358968,0.0100000000000477,3.1209788774079303,6.222368977179734,2.5205148414152325,0.3503851962529974,1.9593384247690544,4.250137468379645,3.1209788774079303,6.222368977179734,2.5205148414152325,2.261458947474368,4.250137468379645,87.1,0.0,Tinggi,False,5069.8,load_profile,0.633725,False,0.871,38.0235,34.84,72.8635,Tinggi,1.839029895,0.01997801298358968,0.0003674016311951956,0.022459158431555538,5436.428255646624,False
20260811_224202_660,session_20260811_224202_660.zip,tt,dashboard_center,100 Hz,97,1940.0,1960.0,419.28,422.16,-7.941757827345698,112.6293337982916,24.77438770659645,3.79,289,19.926578593379872,0.0100000000000477,2.8583798591961838,5.087613601449719,2.302855859722614,0.451658068535159,0.2386254904782699,7.262431615891763,OK,True,1940.0,1960.0,419.28,422.16,-7.941757827345698,112.6293337982916,24.77438770659645,3.79,289.0,19.926578593379872,0.0100000000000477,2.8583798591961838,5.087613601449719,2.302855859722614,0.451658068535159,0.2386254904782699,7.262431615891763,2.8583798591961838,5.087613601449719,2.302855859722614,0.3074952528694107,7.262431615891763,81.3,0.0,Tinggi,False,5418.7,load_profile,0.6773374999999999,False,0.813,40.640249999999995,32.519999999999996,73.16024999999999,Tinggi,1.8417375775,0.019926578593379873,0.00036699528586434804,0.022826153717419886,5428.415810573457,False
20260811_224202_660,session_20260811_224202_660.zip,tt,dashboard_center,100 Hz,98,1960.0,1980.0,422.17,426.83,-7.941608566005742,112.62937557925736,15.498788784897846,3.875208474352892,467,19.89950654808968,0.0100000000000477,1.9565612269564252,3.754772806478046,1.8125744114206737,0.8542925403158791,0.2131047742350122,2.4502813114024606,OK,True,1960.0,1980.0,422.17,426.83,-7.941608566005742,112.62937557925736,15.498788784897846,3.875208474352892,467.0,19.89950654808968,0.0100000000000477,1.9565612269564252,3.754772806478046,1.8125744114206737,0.8542925403158791,0.2131047742350122,2.4502813114024606,1.9565612269564252,3.754772806478046,1.8125744114206737,0.3806333761508582,2.4502813114024606,51.8,2.0,Sedang,False,5296.8,load_profile,0.6621,False,0.518,39.726,20.72,60.446,Sedang,1.67305356,0.01989950654808968,0.0003329294027252475,0.023159083120145134,5975.710718841532,False
20260811_224202_660,session_20260811_224202_660.zip,tt,dashboard_center,100 Hz,99,1980.0,2000.0,426.84,429.48,-7.941508059666781,112.6292245309656,26.9602717484976,4.970188332504619,265,19.97006244459999,0.0100000000000477,1.7904064831004711,3.4424574166560693,1.4912678544044755,0.5508245169746306,0.3775895895917667,2.9071826737504947,OK,True,1980.0,2000.0,426.84,429.48,-7.941508059666781,112.6292245309656,26.9602717484976,4.970188332504619,265.0,19.97006244459999,0.0100000000000477,1.7904064831004711,3.4424574166560693,1.4912678544044755,0.5508245169746306,0.3775895895917667,2.9071826737504947,1.7904064831004711,3.4424574166560693,1.4912678544044755,0.4587553530004079,2.9071826737504947,48.9,2.0,Sedang,False,5710.8,load_profile,0.71385,False,0.489,42.830999999999996,19.56,62.39099999999999,Sedang,1.69372453,0.01997006244459999,0.00033823784628050766,0.02349732096642564,5902.76050846554,False
20260811_224202_660,session_20260811_224202_660.zip,tt,dashboard_center,100 Hz,100,2000.0,2020.0,429.49,431.54,-7.941440012880571,112.6290331280104,35.03032578382595,7.597174016760762,206,19.86384033349509,0.0100000000000477,1.8987873903126165,3.519112430071699,1.3580482335813762,0.453084592349642,0.2584249636560775,2.2059415921970293,OK,True,2000.0,2020.0,429.49,431.54,-7.941440012880571,112.6290331280104,35.03032578382595,7.597174016760762,206.0,19.86384033349509,0.0100000000000477,1.8987873903126165,3.519112430071699,1.3580482335813762,0.453084592349642,0.2584249636560775,2.2059415921970293,1.8987873903126165,3.519112430071699,1.3580482335813762,0.2616610678973398,2.2059415921970293,41.7,2.0,Sedang,False,5306.4,load_profile,0.6633,False,0.41700000000000004,39.798,16.68,56.478,Sedang,1.6200992200000002,0.01986384033349509,0.0003218139223049994,0.02381913488873064,6170.991235037522,False
20260811_224202_660,session_20260811_224202_660.zip,tt,dashboard_center,100 Hz,101,2020.0,2040.0,431.55,433.52,-7.941329095239496,112.62887800416576,36.27234404240431,7.88022732509806,198,19.87598611958469,0.0100000000000477,1.7557698840846043,3.434118093837274,1.3006288308492693,0.4528077221352,0.2170850197300279,2.2535992763679955,OK,True,2020.0,2040.0,431.55,433.52,-7.941329095239496,112.62887800416576,36.27234404240431,7.88022732509806,198.0,19.87598611958469,0.0100000000000477,1.7557698840846043,3.434118093837274,1.3006288308492693,0.4528077221352,0.2170850197300279,2.2535992763679955,1.7557698840846043,3.434118093837274,1.3006288308492693,0.214536912509538,2.2535992763679955,35.3,2.0,Sedang,False,5643.5,load_profile,0.7054375,False,0.353,42.32625,14.12,56.44625,Sedang,1.6142663875,0.01987598611958469,0.0003208513631126213,0.02413998625184326,6193.269016062453,False
20260811_224202_660,session_20260811_224202_660.zip,tt,dashboard_center,100 Hz,102,2040.0,2060.0,433.53,435.28,-7.941224289801322,112.6286874044856,40.96495922106924,8.40857346365793,176,19.950988160605448,0.0100000000000477,2.17439276500982,4.111211578497257,1.51238259819482,0.3007369836371011,0.0524087993786851,1.4432139467123897,OK,True,2040.0,2060.0,433.53,435.28,-7.941224289801322,112.6286874044856,40.96495922106924,8.40857346365793,176.0,19.950988160605448,0.0100000000000477,2.17439276500982,4.111211578497257,1.51238259819482,0.3007369836371011,0.0524087993786851,1.4432139467123897,2.17439276500982,4.111211578497257,1.51238259819482,0.0475881085967292,1.4432139467123897,56.8,2.0,Sedang,False,5094.5,load_profile,0.6368125,False,0.568,38.20875,22.72,60.92875,Sedang,1.6816294,0.01995098816060545,0.0003355016824992605,0.02447548793434252,5945.157982612914,False
20260811_224202_660,session_20260811_224202_660.zip,tt,dashboard_center,100 Hz,103,2060.0,2080.0,435.29,437.01,-7.941144895539522,112.62850546820609,41.49121675874628,6.166313839575133,173,19.820215355569417,0.0100000000000477,1.9773339315877725,3.514276871370648,1.4261199939614106,0.5045353857464536,0.090404625028246,1.8806936137131176,OK,True,2060.0,2080.0,435.29,437.01,-7.941144895539522,112.62850546820609,41.49121675874628,6.166313839575133,173.0,19.820215355569417,0.0100000000000477,1.9773339315877725,3.514276871370648,1.4261199939614106,0.5045353857464536,0.090404625028246,1.8806936137131176,1.9773339315877725,3.514276871370648,1.4261199939614106,0.0813628483657841,1.8806936137131176,36.0,2.0,Sedang,False,5401.8,load_profile,0.6752250000000001,False,0.36,40.51350000000001,14.399999999999999,54.913500000000006,Sedang,1.5977512,0.019820215355569416,0.0003166777286861946,0.024792165663028717,6257.245047560407,False
20260811_224202_660,session_20260811_224202_660.zip,tt,dashboard_center,100 Hz,104,2080.0,2100.0,437.02,438.87,-7.941049909804791,112.62835339974164,39.016884188728326,6.486568609814972,186,19.968296629470387,0.0100000000000477,1.591277188015489,2.968589857538133,1.13248201224234,0.350555689846323,0.0572860894395947,1.8407807377462169,OK,True,2080.0,2100.0,437.02,438.87,-7.941049909804791,112.62835339974164,39.016884188728326,6.486568609814972,186.0,19.968296629470387,0.0100000000000477,1.591277188015489,2.968589857538133,1.13248201224234,0.350555689846323,0.0572860894395947,1.8407807377462169,1.591277188015489,2.968589857538133,1.13248201224234,0.0538111300251923,1.8407807377462169,19.4,1.0,Rendah,False,5332.8,load_profile,0.6666,False,0.19399999999999998,39.995999999999995,7.759999999999999,47.75599999999999,Sedang,1.50342408,0.01996829662947039,0.00030020817989328624,0.025092373842922004,6649.814177923575,False
20260811_224202_660,session_20260811_224202_660.zip,tt,dashboard_center,100 Hz,105,2100.0,2120.0,438.88,440.89,-7.94094888667053,112.62817773661232,35.84224174730934,6.417349814980149,202,19.90152000662465,0.0100000000000477,2.029735253356408,3.6233597959835255,1.3917030257072145,0.4522267644383019,0.0831714100837032,3.8750294980336313,OK,True,2100.0,2120.0,438.88,440.89,-7.94094888667053,112.62817773661232,35.84224174730934,6.417349814980149,202.0,19.90152000662465,0.0100000000000477,2.029735253356408,3.6233597959835255,1.3917030257072145,0.4522267644383019,0.0831714100837032,3.8750294980336313,2.029735253356408,3.6233597959835255,1.3917030257072145,0.0828804636930761,3.8750294980336313,48.9,2.0,Sedang,False,5086.6,load_profile,0.6358250000000001,False,0.489,38.1495,19.56,57.709500000000006,Sedang,1.639278685,0.01990152000662465,0.0003262413754596085,0.02541861521838161,6098.693425320882,False
20260811_224202_660,session_20260811_224202_660.zip,tt,dashboard_center,100 Hz,106,2120.0,2140.0,440.9,443.24,-7.940892812101023,112.6280125794855,30.16786505098577,8.501582279849703,235,19.894816817634364,0.0100000000000477,1.3173153594054778,2.521063477484483,1.0724456969256475,0.502643482051878,0.0481438916210479,2.0794170276768003,OK,True,2120.0,2140.0,440.9,443.24,-7.940892812101023,112.6280125794855,30.16786505098577,8.501582279849703,235.0,19.894816817634364,0.0100000000000477,1.3173153594054778,2.521063477484483,1.0724456969256475,0.502643482051878,0.0481438916210479,2.0794170276768003,1.3173153594054778,2.521063477484483,1.0724456969256475,0.054090400807786,2.0794170276768003,14.4,1.0,Rendah,False,5269.2,load_profile,0.65865,False,0.14400000000000002,39.519,5.760000000000001,45.278999999999996,Sedang,1.47175912,0.019894816817634366,0.0002928037809208275,0.02571141899930244,6792.843150922734,False
20260811_224202_660,session_20260811_224202_660.zip,tt,dashboard_center,100 Hz,111,2220.0,2240.0,450.67,452.35,-7.940468076134363,112.62706297775324,42.22271329119116,8.450830915503943,169,19.8338379068,0.0100000000000477,3.0575330953975093,5.473956490127987,2.1266800042814262,0.4537699683889402,0.2562535031429496,4.399975221217071,OK,True,2220.0,2240.0,450.67,452.35,-7.940468076134363,112.62706297775324,42.22271329119116,8.450830915503943,169.0,19.8338379068,0.0100000000000477,3.0575330953975093,5.473956490127987,2.1266800042814262,0.4537699683889402,0.2562535031429496,4.399975221217071,3.0575330953975093,5.473956490127987,2.1266800042814262,0.2278359190170187,4.399975221217071,76.3,0.0,Tinggi,False,4965.6,load_profile,0.6207,False,0.763,37.242000000000004,30.52,67.762,Sedang,1.77233882,0.0198338379068,0.00035152280871809184,0.02606294180802053,5640.791474521331,False
20260811_224202_660,session_20260811_224202_660.zip,tt,dashboard_center,100 Hz,113,2260.0,2280.0,454.06,455.88,-7.940315182979022,112.62671797195225,38.99794133395499,8.961754573403885,183,19.845691564024943,0.0100000000000477,2.0630688578776133,4.021663646802684,1.4889447841590555,0.2519438530962404,0.3521135423182688,2.585174922902764,OK,True,2260.0,2280.0,454.06,455.88,-7.940315182979022,112.62671797195225,38.99794133395499,8.961754573403885,183.0,19.845691564024943,0.0100000000000477,2.0630688578776133,4.021663646802684,1.4889447841590555,0.2519438530962404,0.3521135423182688,2.585174922902764,2.0630688578776133,4.021663646802684,1.4889447841590555,0.3308662476597452,2.585174922902764,55.4,2.0,Sedang,False,5082.7,load_profile,0.6353375,False,0.5539999999999999,38.12025,22.159999999999997,60.280249999999995,Sedang,1.6731978950000002,0.019845691564024943,0.00033205769349745794,0.02639499950151799,5975.001839247382,False
20260811_224202_660,session_20260811_224202_660.zip,tt,dashboard_center,100 Hz,114,2280.0,2300.0,455.89,458.09,-7.940228714136972,112.62655269809385,32.09726312957554,9.22809850480409,221,19.948677106155174,0.0100000000000477,2.249798523788016,4.404449533726291,1.7106043718961284,0.3509004613564148,0.0568017407351741,4.454787960152911,OK,True,2280.0,2300.0,455.89,458.09,-7.940228714136972,112.62655269809385,32.09726312957554,9.22809850480409,221.0,19.948677106155174,0.0100000000000477,2.249798523788016,4.404449533726291,1.7106043718961284,0.3509004613564148,0.0568017407351741,4.454787960152911,2.249798523788016,4.404449533726291,1.7106043718961284,0.0611223704547748,4.454787960152911,67.6,0.0,Tinggi,False,4750.3,load_profile,0.5937875,False,0.6759999999999999,35.627250000000004,27.04,62.66725,Sedang,1.70695257,0.019948677106155173,0.00034051445654451735,0.026735513958062507,5856.827321572382,False
20260811_224202_660,session_20260811_224202_660.zip,tt,dashboard_center,100 Hz,115,2300.0,2320.0,458.1,460.34,-7.94017275545467,112.62638605419238,32.51972779990356,9.514587388297494,225,19.864095570410427,0.0100000000000477,3.259471895554509,6.978641246047816,2.5937828872799606,0.4027366849722977,0.4372102015029603,13.440894201452922,OK,True,2300.0,2320.0,458.1,460.34,-7.94017275545467,112.62638605419238,32.51972779990356,9.514587388297494,225.0,19.864095570410427,0.0100000000000477,3.259471895554509,6.978641246047816,2.5937828872799606,0.4027366849722977,0.4372102015029603,13.440894201452922,3.259471895554509,6.978641246047816,2.5937828872799606,0.4662039464661177,13.440894201452922,89.2,0.0,Tinggi,True,4746.7,load_profile,0.5933375,False,0.892,35.600249999999996,35.68,71.28025,Tinggi,1.81865391,0.019864095570410426,0.00036125915077740603,0.027096773108839914,5497.0823572964,False
20260811_224202_660,session_20260811_224202_660.zip,tt,dashboard_center,100 Hz,118,2360.0,2380.0,464.96,466.66,-7.93990847035653,112.62584688046076,42.175575609772366,9.080564911545274,171,19.84089950093994,0.0100000000000477,2.0359335923443136,3.65912824668069,1.404552948723167,0.2520047037062574,0.3016543791788107,3.614893954031502,OK,True,2360.0,2380.0,464.96,466.66,-7.93990847035653,112.62584688046076,42.175575609772366,9.080564911545274,171.0,19.84089950093994,0.0100000000000477,2.0359335923443136,3.65912824668069,1.404552948723167,0.2520047037062574,0.3016543791788107,3.614893954031502,2.0359335923443136,3.65912824668069,1.404552948723167,0.2684106175353798,3.614893954031502,54.0,2.0,Sedang,False,4500.6,load_profile,0.562575,False,0.54,33.7545,21.6,55.3545,Sedang,1.6143030999999999,0.01984089950093994,0.00032029225571155796,0.02741706536455147,6192.925165951516,False
20260811_224202_660,session_20260811_224202_660.zip,tt,dashboard_center,100 Hz,119,2380.0,2400.0,466.67,468.39,-7.939817816022265,112.62568671720145,41.656465151318855,9.825817030714717,173,19.904538285399667,0.0100000000000477,2.455653674203086,5.667020690375468,1.8490402037700189,0.4019183909364098,0.173947217614788,7.558208324292241,OK,True,2380.0,2400.0,466.67,468.39,-7.939817816022265,112.62568671720145,41.656465151318855,9.825817030714717,173.0,19.904538285399667,0.0100000000000477,2.455653674203086,5.667020690375468,1.8490402037700189,0.4019183909364098,0.173947217614788,7.558208324292241,2.455653674203086,5.667020690375468,1.8490402037700189,0.1561174335357668,7.558208324292241,74.1,0.0,Tinggi,False,5122.1,load_profile,0.6402625000000001,False,0.741,38.41575,29.64,68.05575,Sedang,1.7754444025000002,0.01990453828539967,0.0003533940108315979,0.02777045937538307,5630.828506927836,False
20260811_224202_660,session_20260811_224202_660.zip,tt,dashboard_center,100 Hz,121,2420.0,2440.0,470.17,472.13,-7.939599087993277,112.62532726390565,36.0485759898778,9.941035101134156,197,19.853865221414708,0.0100000000000477,2.2494243749784046,3.990720949996838,1.5479850357013425,0.4029442081318789,0.0716831223671136,5.182808164632138,OK,True,2420.0,2440.0,470.17,472.13,-7.939599087993277,112.62532726390565,36.0485759898778,9.941035101134156,197.0,19.853865221414708,0.0100000000000477,2.2494243749784046,3.990720949996838,1.5479850357013425,0.4029442081318789,0.0716831223671136,5.182808164632138,2.2494243749784046,3.990720949996838,1.5479850357013425,0.0711475199832973,5.182808164632138,59.0,2.0,Sedang,False,4790.5,load_profile,0.5988125,False,0.59,35.92875,23.599999999999998,59.52875,Sedang,1.665947375,0.019853865221414708,0.0003307549464921963,0.028101214321875265,6000.90376718401,False
20260811_224202_660,session_20260811_224202_660.zip,tt,dashboard_center,100 Hz,124,2480.0,2500.0,479.15,481.33,-7.939690405660549,112.62482288897266,33.42653949366512,8.494371328048523,219,19.992160754639823,0.0100000000000477,1.5781663308246918,2.943019514576004,1.1652993697202874,0.3501372405869347,0.0673386503550111,2.7151996474456244,OK,True,2480.0,2500.0,479.15,481.33,-7.939690405660549,112.62482288897266,33.42653949366512,8.494371328048523,219.0,19.992160754639823,0.0100000000000477,1.5781663308246918,2.943019514576004,1.1652993697202874,0.3501372405869347,0.0673386503550111,2.7151996474456244,1.5781663308246918,2.943019514576004,1.1652993697202874,0.0704426852220635,2.7151996474456244,24.5,1.0,Rendah,False,4927.8,load_profile,0.615975,False,0.245,36.9585,9.8,46.7585,Sedang,1.4977677750000002,0.01999216075463982,0.0002994361413091921,0.028400650463184456,6674.70625408113,False
20260811_224202_660,session_20260811_224202_660.zip,tt,dashboard_center,100 Hz,125,2500.0,2520.0,481.34,483.09,-7.939835128412656,112.6246564599374,40.98265070367266,8.850545755704804,176,19.849939558015198,0.0100000000000477,1.7436388648701604,3.1611284060291114,1.2061666657447805,0.403023897207268,0.0221473016565603,2.033119111934265,OK,True,2500.0,2520.0,481.34,483.09,-7.939835128412656,112.6246564599374,40.98265070367266,8.850545755704804,176.0,19.849939558015198,0.0100000000000477,1.7436388648701604,3.1611284060291114,1.2061666657447805,0.403023897207268,0.0221473016565603,2.033119111934265,1.7436388648701604,3.1611284060291114,1.2061666657447805,0.0201040950894354,2.033119111934265,25.2,1.0,Rendah,False,5295.7,load_profile,0.6619625,False,0.252,39.71775,10.08,49.79775,Sedang,1.5313404099999999,0.019849939558015197,0.00030397014581246207,0.02870462060899692,6528.352202198531,False
20260811_224202_660,session_20260811_224202_660.zip,tt,dashboard_center,100 Hz,126,2520.0,2540.0,483.1,484.71,-7.939966467995362,112.62449994460908,44.50344458457155,8.236309574281533,162,19.92459536169008,0.0100000000000477,1.678142621880121,3.3390463519394045,1.1515137460624194,0.4015138001438142,0.0330753735291758,3.139458123103273,OK,True,2520.0,2540.0,483.1,484.71,-7.939966467995362,112.62449994460908,44.50344458457155,8.236309574281533,162.0,19.92459536169008,0.0100000000000477,1.678142621880121,3.3390463519394045,1.1515137460624194,0.4015138001438142,0.0330753735291758,3.139458123103273,1.678142621880121,3.3390463519394045,1.1515137460624194,0.028350047743089,3.139458123103273,21.6,1.0,Rendah,False,4896.3,load_profile,0.6120375,False,0.21600000000000003,36.72225,8.64,45.36225,Sedang,1.48006252,0.01992459536169008,0.0002948964682100333,0.02899951707720695,6754.511997433919,False
20260811_224202_660,session_20260811_224202_660.zip,tt,dashboard_center,100 Hz,127,2540.0,2560.0,484.72,486.22,-7.940085604197306,112.62433479767397,47.91519949454373,8.123532351290836,151,19.851065568750077,0.0100000000000477,1.394183403553935,2.7070567404585484,0.9571853176281152,0.4030010365082745,0.111686597060987,1.9638354511160148,OK,True,2540.0,2560.0,484.72,486.22,-7.940085604197306,112.62433479767397,47.91519949454373,8.123532351290836,151.0,19.851065568750077,0.0100000000000477,1.394183403553935,2.7070567404585484,0.9571853176281152,0.4030010365082745,0.111686597060987,1.9638354511160148,1.394183403553935,2.7070567404585484,0.9571853176281152,0.0909327964598213,1.9638354511160148,12.2,1.0,Rendah,False,4867.4,load_profile,0.608425,False,0.122,36.5055,4.88,41.3855,Sedang,1.42870057,0.019851065568750076,0.00028361228693180604,0.02928312936413876,6997.317630428037,False
20260811_224202_660,session_20260811_224202_660.zip,tt,dashboard_center,100 Hz,128,2560.0,2580.0,486.23,487.8,-7.940199972613171,112.62420734305776,45.01024305519939,9.118906402321556,158,19.80385085744001,0.0100000000000477,1.579126532550871,2.860230784930814,1.099750221902951,0.4039618384115693,0.0606960031891286,1.7764980123172531,OK,True,2560.0,2580.0,486.23,487.8,-7.940199972613171,112.62420734305776,45.01024305519939,9.118906402321556,158.0,19.80385085744001,0.0100000000000477,1.579126532550871,2.860230784930814,1.099750221902951,0.4039618384115693,0.0606960031891286,1.7764980123172531,1.579126532550871,2.860230784930814,1.099750221902951,0.051616204783375,1.7764980123172531,17.3,1.0,Rendah,False,4738.1,load_profile,0.5922625,False,0.17300000000000001,35.53575,6.920000000000001,42.45575,Sedang,1.4450497825,0.019803850857440013,0.0002861755037420613,0.02956930486788082,6918.130565867347,False
20260811_224202_660,session_20260811_224202_660.zip,tt,dashboard_center,100 Hz,129,2580.0,2600.0,487.81,489.34,-7.940319603768607,112.62406585966376,46.98889959804672,8.85317476347188,154,19.863202644180543,0.0100000000000477,1.3333492061966314,2.6034686295458256,0.9202635098617964,0.3524104408233904,0.0474814686566505,1.8453516795029608,OK,True,2580.0,2600.0,487.81,489.34,-7.940319603768607,112.62406585966376,46.98889959804672,8.85317476347188,154.0,19.863202644180543,0.0100000000000477,1.3333492061966314,2.6034686295458256,0.9202635098617964,0.3524104408233904,0.0474814686566505,1.8453516795029608,1.3333492061966314,2.6034686295458256,0.9202635098617964,0.0391872594303246,1.8453516795029608,10.8,1.0,Rendah,False,4904.1,load_profile,0.6130125000000001,False,0.10800000000000001,36.780750000000005,4.32,41.100750000000005,Sedang,1.42424857,0.019863202644180542,0.00028290137961594356,0.029852206247496762,7019.150301393843,False
20260811_224202_660,session_20260811_224202_660.zip,tt,dashboard_center,100 Hz,130,2600.0,2620.0,489.35,490.94,-7.9404332677595875,112.62394167575684,44.73920465736788,8.849455347967357,160,19.86597285887956,0.0100000000000477,3.0396574510391634,5.790233027829854,2.024590541714557,0.3523612988764951,0.4606024885498461,13.3152385467159,OK,True,2600.0,2620.0,489.35,490.94,-7.9404332677595875,112.62394167575684,44.73920465736788,8.849455347967357,160.0,19.86597285887956,0.0100000000000477,3.0396574510391634,5.790233027829854,2.024590541714557,0.3523612988764951,0.4606024885498461,13.3152385467159,3.0396574510391634,5.790233027829854,2.024590541714557,0.3933490477283425,13.3152385467159,84.2,0.0,Tinggi,False,4844.5,load_profile,0.6055625,False,0.8420000000000001,36.33375,33.68000000000001,70.01375000000002,Tinggi,1.8021142250000002,0.01986597285887956,0.0003580075228245078,0.03021021377032127,5547.361449090701,False
20260811_224202_660,session_20260811_224202_660.zip,tt,dashboard_center,100 Hz,131,2620.0,2640.0,490.95,492.55,-7.940559664964181,112.6238016562528,44.87392751765074,8.203236998645103,161,19.886874098825047,0.0100000000000477,2.406670033425657,4.341529641278117,1.5732696842235587,0.251422117681904,0.0654852362515861,2.509312278460208,OK,True,2620.0,2640.0,490.95,492.55,-7.940559664964181,112.6238016562528,44.87392751765074,8.203236998645103,161.0,19.886874098825047,0.0100000000000477,2.406670033425657,4.341529641278117,1.5732696842235587,0.251422117681904,0.0654852362515861,2.509312278460208,2.406670033425657,4.341529641278117,1.5732696842235587,0.0558066924720149,2.509312278460208,61.2,2.0,Sedang,False,4941.9,load_profile,0.6177374999999999,False,0.612,37.064249999999994,24.48,61.54424999999999,Sedang,1.6910535699999998,0.019886874098825048,0.00033629769440958625,0.030546511464730856,5911.666860354711,False
20260811_224202_660,session_20260811_224202_660.zip,tt,dashboard_center,100 Hz,134,2680.0,2700.0,495.82,497.33,-7.940945316782463,112.62339090254945,47.14039867895045,9.764047742659326,152,19.778961019539565,0.0100000000000477,1.9482009513656675,3.685763358505464,1.2837625494745692,0.303352637889959,0.056633681308235,1.5047430306880965,OK,True,2680.0,2700.0,495.82,497.33,-7.940945316782463,112.62339090254945,47.14039867895045,9.764047742659326,152.0,19.778961019539565,0.0100000000000477,1.9482009513656675,3.685763358505464,1.2837625494745692,0.303352637889959,0.056633681308235,1.5047430306880965,1.9482009513656675,3.685763358505464,1.2837625494745692,0.0466361250332728,1.5047430306880965,36.0,2.0,Sedang,False,4540.8,load_profile,0.5676,False,0.36,34.056,14.399999999999999,48.455999999999996,Sedang,1.5254272,0.019778961019539566,0.00030171365126945384,0.03084822511600031,6553.518370125037,False
20260811_224202_660,session_20260811_224202_660.zip,tt,dashboard_center,100 Hz,136,2720.0,2740.0,498.94,500.6,-7.941188839051015,112.62311264994158,43.341600159258505,9.967675332468742,167,19.9838622184202,0.0100000000000477,2.6120283219624043,5.05061081159989,1.77102123368482,0.4003230162698965,0.1951345027698721,2.595303481052673,OK,True,2720.0,2740.0,498.94,500.6,-7.941188839051015,112.62311264994158,43.341600159258505,9.967675332468742,167.0,19.9838622184202,0.0100000000000477,2.6120283219624043,5.05061081159989,1.77102123368482,0.4003230162698965,0.1951345027698721,2.595303481052673,2.6120283219624043,5.05061081159989,1.77102123368482,0.1703648436033844,2.595303481052673,68.3,0.0,Tinggi,False,4874.6,load_profile,0.609325,False,0.6829999999999999,36.5595,27.319999999999997,63.87949999999999,Sedang,1.722028795,0.0199838622184202,0.00034412786175432166,0.031192352977754634,5805.292451397263,False
20260811_224202_660,session_20260811_224202_660.zip,tt,dashboard_center,100 Hz,139,2780.0,2800.0,504.7,509.06,-7.941494349889253,112.622771798393,16.369703091557792,9.678373486155746,437,19.964720229839717,0.0100000000000477,2.609255372386654,5.332663585423066,2.8006937068115607,0.8014136845296758,0.063355213089733,2.6082531528080803,OK,True,2780.0,2800.0,504.7,509.06,-7.941494349889253,112.622771798393,16.369703091557792,9.678373486155746,437.0,19.964720229839717,0.0100000000000477,2.609255372386654,5.332663585423066,2.8006937068115607,0.8014136845296758,0.063355213089733,2.6082531528080803,2.609255372386654,5.332663585423066,2.8006937068115607,0.1089354758648057,2.6082531528080803,77.7,0.0,Tinggi,False,4579.0,load_profile,0.572375,False,0.777,34.3425,31.080000000000002,65.4225,Sedang,1.743172075,0.01996472022983972,0.0003480194278984418,0.03154037240565307,5734.858942574234,False
20260811_224202_660,session_20260811_224202_660.zip,tt,dashboard_center,100 Hz,140,2800.0,2820.0,509.07,511.17,-7.941707135271306,112.62296984216331,34.51846913091422,7.099749448605382,211,19.83910467014493,0.0100000000000477,3.88461973702448,7.35111223250527,2.8136242927645227,0.5040550048132261,0.2374627839194634,13.367275399358457,OK,True,2800.0,2820.0,509.07,511.17,-7.941707135271306,112.62296984216331,34.51846913091422,7.099749448605382,211.0,19.83910467014493,0.0100000000000477,3.88461973702448,7.35111223250527,2.8136242927645227,0.5040550048132261,0.2374627839194634,13.367275399358457,3.88461973702448,7.35111223250527,2.8136242927645227,0.2429125216014395,13.367275399358457,92.8,0.0,Tinggi,True,4448.9,load_profile,0.5561125,False,0.9279999999999999,33.36675,37.12,70.48675,Tinggi,1.8080819799999999,0.01983910467014493,0.0003587072765342289,0.031899079682187303,5528.958422577599,False
20260811_224202_660,session_20260811_224202_660.zip,tt,dashboard_center,100 Hz,141,2820.0,2840.0,511.18,513.33,-7.941856729559542,112.62309695801454,33.07381885238629,7.039744111852372,216,19.89492297774996,0.0100000000001045,4.2606016275178815,8.210310785892126,3.051850778001867,0.4523767199332916,0.3104723565733536,17.80526772548098,OK,True,2820.0,2840.0,511.18,513.33,-7.941856729559542,112.62309695801454,33.07381885238629,7.039744111852372,216.0,19.89492297774996,0.0100000000001045,4.2606016275178815,8.210310785892126,3.051850778001867,0.4523767199332916,0.3104723565733536,17.80526772548098,4.2606016275178815,8.210310785892126,3.051850778001867,0.3271909314111831,17.80526772548098,97.1,0.0,Tinggi,True,4656.3,load_profile,0.5820375,False,0.971,34.92225,38.839999999999996,73.76225,Tinggi,1.8506541825,0.01989492297774996,0.00036818622419288317,0.03226726590638019,5401.751103982584,False
20260811_224202_660,session_20260811_224202_660.zip,tt,dashboard_center,100 Hz,142,2840.0,2860.0,513.34,515.69,-7.941987740866409,112.62321737918592,30.57622486041034,9.061540203383409,236,19.951294632970075,0.0100000000001045,4.443293718829923,7.587754988562059,3.1397242397630456,0.4510985460125102,0.1100354955439437,18.683073612721717,OK,True,2840.0,2860.0,513.34,515.69,-7.941987740866409,112.62321737918592,30.57622486041034,9.061540203383409,236.0,19.951294632970075,0.0100000000001045,4.443293718829923,7.587754988562059,3.1397242397630456,0.4510985460125102,0.1100354955439437,18.683073612721717,4.443293718829923,7.587754988562059,3.1397242397630456,0.1224749540839695,18.683073612721717,95.7,0.0,Tinggi,True,4018.8,load_profile,0.5023500000000001,False,0.9570000000000001,30.141000000000005,38.28,68.421,Sedang,1.78035979,0.019951294632970077,0.00035520482722982736,0.032622470733610014,5615.009847490791,False
20260811_224202_660,session_20260811_224202_660.zip,tt,dashboard_center,100 Hz,144,2880.0,2900.0,518.11,521.92,-7.942284417059954,112.6234087456146,18.294055087040743,9.44915641917204,382,19.90901319341947,0.0100000000001045,3.1429111683870365,6.522361558548312,2.7134415230335134,0.7031990919885183,0.0936336542648682,5.993129025476124,OK,True,2880.0,2900.0,518.11,521.92,-7.942284417059954,112.6234087456146,18.294055087040743,9.44915641917204,382.0,19.90901319341947,0.0100000000001045,3.1429111683870365,6.522361558548312,2.7134415230335134,0.7031990919885183,0.0936336542648682,5.993129025476124,3.1429111683870365,6.522361558548312,2.7134415230335134,0.1490117273851341,5.993129025476124,87.1,0.0,Tinggi,False,4256.5,load_profile,0.5320625,False,0.871,31.92375,34.84,66.76375,Sedang,1.7603227875,0.019909013193419468,0.00035046289601014434,0.03297293362962016,5678.903197540432,False
20260811_224202_660,session_20260811_224202_660.zip,tt,dashboard_center,100 Hz,145,2900.0,2920.0,521.9300000000001,524.48,-7.942418803925911,112.62331988553912,28.837775608256692,5.694342357259811,256,19.966002173319797,0.0100000000001045,2.8676630871632254,4.823019460703959,3.0286563323563738,0.5509365322367389,0.1114395220250238,5.966475180862801,OK,True,2900.0,2920.0,521.9300000000001,524.48,-7.942418803925911,112.62331988553912,28.837775608256692,5.694342357259811,256.0,19.966002173319797,0.0100000000001045,2.8676630871632254,4.823019460703959,3.0286563323563738,0.5509365322367389,0.1114395220250238,5.966475180862801,2.8676630871632254,4.823019460703959,3.0286563323563738,0.1291960299619759,5.966475180862801,82.0,0.0,Tinggi,False,3939.2,load_profile,0.4924,False,0.82,29.544,32.8,62.343999999999994,Sedang,1.7041936,0.019966002173319796,0.0003402593312135769,0.03331319296083374,5865.923144356319,False
20260811_224202_660,session_20260811_224202_660.zip,tt,dashboard_center,100 Hz,146,2920.0,2940.0,524.49,528.35,-7.942561251035554,112.6231792205143,18.57824995860059,3.948504155368777,387,19.913888515344752,0.0100000000001045,3.1842382656439754,5.956362270904523,2.981018894470733,0.7030269346547876,0.3669299304319188,9.17032899245083,OK,True,2920.0,2940.0,524.49,528.35,-7.942561251035554,112.6231792205143,18.57824995860059,3.948504155368777,387.0,19.913888515344752,0.0100000000001045,3.1842382656439754,5.956362270904523,2.981018894470733,0.7030269346547876,0.3669299304319188,9.17032899245083,3.1842382656439754,5.956362270904523,2.981018894470733,0.57771225877492,9.17032899245083,88.5,0.0,Tinggi,True,4177.8,load_profile,0.522225,False,0.885,31.333500000000004,35.4,66.7335,Sedang,1.759768825,0.01991388851534475,0.0003504384019382923,0.03366363136277203,5680.651625854164,False
20260811_224202_660,session_20260811_224202_660.zip,tt,dashboard_center,100 Hz,147,2940.0,2960.0,528.36,533.14,-7.942709236152872,112.62321289226728,14.90610836347436,3.79,479,19.959967778449936,0.0100000000001045,2.477708996829523,4.708190299311217,2.2542718552102063,0.951905344281849,0.1596480274249795,5.067649832034108,OK,True,2940.0,2960.0,528.36,533.14,-7.942709236152872,112.62321289226728,14.90610836347436,3.79,479.0,19.959967778449936,0.0100000000001045,2.477708996829523,4.708190299311217,2.2542718552102063,0.951905344281849,0.1596480274249795,5.067649832034108,2.477708996829523,4.708190299311217,2.2542718552102063,0.2929975958523358,5.067649832034108,74.1,0.0,Tinggi,False,4165.5,load_profile,0.5206875,False,0.741,31.241249999999997,29.64,60.881249999999994,Sedang,1.6859783875,0.019959967778449935,0.00033652074289662983,0.03400015210566866,5929.25749161742,False
20260811_224202_660,session_20260811_224202_660.zip,tt,dashboard_center,100 Hz,149,2980.0,3000.0,620.19,623.77,-7.942910214306291,112.62353329473656,19.66507910234186,3.985595172486631,359,19.91719507288508,0.0100000000001045,2.8980987189949063,5.674514276086362,2.795967730927433,0.552286602593716,0.1137732274124913,7.4513394760817,OK,True,2980.0,3000.0,620.19,623.77,-7.942910214306291,112.62353329473656,19.66507910234186,3.985595172486631,359.0,19.91719507288508,0.0100000000001045,2.8980987189949063,5.674514276086362,2.795967730927433,0.552286602593716,0.1137732274124913,7.4513394760817,2.8980987189949063,5.674514276086362,2.795967730927433,0.1721797392986432,7.4513394760817,84.2,0.0,Tinggi,False,4512.1,load_profile,0.5640125,False,0.8420000000000001,33.84075,33.68000000000001,67.52075,Sedang,1.770187205,0.01991719507288508,0.0003525716387751021,0.03435272374444376,5647.17940531355,False
20260811_224202_660,session_20260811_224202_660.zip,tt,dashboard_center,100 Hz,150,3000.0,3020.0,623.78,626.96,-7.942798599746555,112.62369398324256,22.65490745866277,3.791620490020267,319,19.937455164526,0.0100000000001045,2.399316236153978,4.380584829041646,1.8962855172318,0.7021959364658383,0.0601846815673808,5.724862541008462,OK,True,3000.0,3020.0,623.78,626.96,-7.942798599746555,112.62369398324256,22.65490745866277,3.791620490020267,319.0,19.937455164526,0.0100000000001045,2.399316236153978,4.380584829041646,1.8962855172318,0.7021959364658383,0.0601846815673808,5.724862541008462,2.399316236153978,4.380584829041646,1.8962855172318,0.0825359528574579,5.724862541008462,71.9,0.0,Tinggi,False,4230.3,load_profile,0.5287875000000001,False,0.7190000000000001,31.727250000000005,28.760000000000005,60.48725000000001,Sedang,1.6809121425000002,0.019937455164526,0.00033513110476601093,0.03468785484920977,5947.087275868778,False
20260811_224202_660,session_20260811_224202_660.zip,tt,dashboard_center,100 Hz,151,3020.0,3040.0,626.97,632.25,-7.942670670272672,112.62376477421464,13.34753385902104,3.79,529,19.969419111434945,0.0100000000001045,3.393780519983649,6.690007306541183,4.1354723348362885,0.8513016780876421,0.0623251518812757,10.423826919979556,OK,True,3020.0,3040.0,626.97,632.25,-7.942670670272672,112.62376477421464,13.34753385902104,3.79,529.0,19.969419111434945,0.0100000000001045,3.393780519983649,6.690007306541183,4.1354723348362885,0.8513016780876421,0.0623251518812757,10.423826919979556,3.393780519983649,6.690007306541183,4.1354723348362885,0.1235234451574829,10.423826919979556,90.6,0.0,Tinggi,True,4058.6,load_profile,0.507325,False,0.9059999999999999,30.439500000000002,36.239999999999995,66.67949999999999,Sedang,1.7587222900000001,0.019969419111434947,0.0003512066250963264,0.0350390614743061,5683.953714973709,False
20260811_224202_660,session_20260811_224202_660.zip,tt,dashboard_center,100 Hz,152,3040.0,3060.0,632.26,634.86,-7.942482613662131,112.62364084277996,28.03468018339891,4.042568625522208,261,19.9218734852102,0.0100000000001045,2.410056941103531,4.261252867637182,1.819343443378268,0.7027451514735028,0.1689691468264145,5.404939630057683,OK,True,3040.0,3060.0,632.26,634.86,-7.942482613662131,112.62364084277996,28.03468018339891,4.042568625522208,261.0,19.9218734852102,0.0100000000001045,2.410056941103531,4.261252867637182,1.819343443378268,0.7027451514735028,0.1689691468264145,5.404939630057683,2.410056941103531,4.261252867637182,1.819343443378268,0.1997815518272583,5.404939630057683,71.9,0.0,Tinggi,False,4225.0,load_profile,0.528125,False,0.7190000000000001,31.687499999999996,28.760000000000005,60.447500000000005,Sedang,1.680419375,0.019921873485210198,0.0003347710219084599,0.035373832496214556,5948.790382609328,False
20260811_224202_660,session_20260811_224202_660.zip,tt,dashboard_center,100 Hz,153,3060.0,3080.0,634.87,637.03,-7.942350561548234,112.6235069734736,33.04632527288451,4.841089103807839,217,19.874722432809904,0.0100000000001045,3.054544852163919,6.170868750044,2.268066840145994,0.5534668490182688,0.2307694662226666,9.207907435589442,OK,True,3060.0,3080.0,634.87,637.03,-7.942350561548234,112.6235069734736,33.04632527288451,4.841089103807839,217.0,19.874722432809904,0.0100000000001045,3.054544852163919,6.170868750044,2.268066840145994,0.5534668490182688,0.2307694662226666,9.207907435589442,3.054544852163919,6.170868750044,2.268066840145994,0.2433369517903771,9.207907435589442,85.6,0.0,Tinggi,False,4417.0,load_profile,0.552125,False,0.856,33.1275,34.24,67.3675,Sedang,1.7681988,0.019874722432809903,0.0003514246035602755,0.03572525709977483,5653.452244334757,False
20260811_224202_660,session_20260811_224202_660.zip,tt,dashboard_center,100 Hz,154,3080.0,3100.0,637.04,639.14,-7.942206905685661,112.6233938331014,34.16483995799015,6.528923800816465,211,19.90388465221031,0.0100000000001045,3.3339446273901867,6.136869348613027,2.415730987056381,0.5024144871583904,0.1283806940205192,9.997987454208944,OK,True,3080.0,3100.0,637.04,639.14,-7.942206905685661,112.6233938331014,34.16483995799015,6.528923800816465,211.0,19.90388465221031,0.0100000000001045,3.3339446273901867,6.136869348613027,2.415730987056381,0.5024144871583904,0.1283806940205192,9.997987454208944,3.3339446273901867,6.136869348613027,2.415730987056381,0.1322717091665107,9.997987454208944,86.3,0.0,Tinggi,False,4008.1,load_profile,0.5010125,False,0.863,30.06075,34.519999999999996,64.58075,Sedang,1.7322822574999999,0.01990388465221031,0.00034479146238350475,0.036070048562158334,5770.649068224256,False
20260811_224202_660,session_20260811_224202_660.zip,tt,dashboard_center,100 Hz,155,3100.0,3120.0,639.15,641.4,-7.9420884066910675,112.62325530741757,31.973488171309075,7.909903884146347,226,19.93893244412493,0.0100000000001045,4.211485282985064,7.935884214734135,3.105103461630697,0.2507656823659717,0.2302147630411816,13.542904512214568,OK,True,3100.0,3120.0,639.15,641.4,-7.9420884066910675,112.62325530741757,31.973488171309075,7.909903884146347,226.0,19.93893244412493,0.0100000000001045,4.211485282985064,7.935884214734135,3.105103461630697,0.2507656823659717,0.2302147630411816,13.542904512214568,4.211485282985064,7.935884214734135,3.105103461630697,0.2483931987909755,13.542904512214568,95.7,0.0,Tinggi,True,4000.8,load_profile,0.5001,False,0.9570000000000001,30.006,38.28,68.286,Sedang,1.77857914,0.01993893244412493,0.00035462969318989814,0.03642467825534824,5620.417617275363,False
20260811_224202_660,session_20260811_224202_660.zip,tt,dashboard_center,100 Hz,156,3120.0,3140.0,641.41,643.63,-7.9419704626587695,112.62308449844012,32.25329997260289,7.715781722705946,223,19.90981176800551,0.0100000000001045,3.68274613563775,7.791450793134377,2.849301491084578,0.4018119354024113,1.0399072377960643,11.062912804682473,OK,True,3120.0,3140.0,641.41,643.63,-7.9419704626587695,112.62308449844012,32.25329997260289,7.715781722705946,223.0,19.90981176800551,0.0100000000001045,3.68274613563775,7.791450793134377,2.849301491084578,0.4018119354024113,1.0399072377960643,11.062912804682473,3.68274613563775,7.791450793134377,2.849301491084578,1.1152368837462543,11.062912804682473,94.2,0.0,Tinggi,True,4263.3,load_profile,0.5329125,False,0.9420000000000001,31.97475,37.68,69.65475,Sedang,1.796948215,0.019909811768005513,0.00035776900717503495,0.03678244726252327,5562.943701899471,False
20260811_224202_660,session_20260811_224202_660.zip,tt,dashboard_center,100 Hz,157,3140.0,3160.0,643.64,645.9,-7.9418575973437715,112.62295762565772,32.0569544393133,8.256173576860343,227,19.897774217639835,0.0100000000001045,2.665044084999969,5.462116299249039,1.9836749959022184,0.6030825291686004,0.4423571172915073,5.317208584411879,OK,True,3140.0,3160.0,643.64,645.9,-7.9418575973437715,112.62295762565772,32.0569544393133,8.256173576860343,227.0,19.897774217639835,0.0100000000001045,2.665044084999969,5.462116299249039,1.9836749959022184,0.6030825291686004,0.4423571172915073,5.317208584411879,2.665044084999969,5.462116299249039,1.9836749959022184,0.4764215911735988,5.317208584411879,79.9,0.0,Tinggi,False,4094.2,load_profile,0.511775,False,0.799,30.7065,31.96,62.6665,Sedang,1.708446645,0.019897774217639837,0.0003399428560509428,0.03712239011857421,5851.097422470659,False
20260811_224202_660,session_20260811_224202_660.zip,tt,dashboard_center,100 Hz,160,3200.0,3220.0,656.49,659.0600000000001,-7.941667392897902,112.62256221000273,28.23336702080541,5.621451389340956,258,19.912026759505807,0.0100000000001045,1.2348044866550596,2.2669661585152494,0.9420028379456,0.4519881430805876,0.0207358812002663,1.4515673544732055,OK,True,3200.0,3220.0,656.49,659.0600000000001,-7.941667392897902,112.62256221000273,28.23336702080541,5.621451389340956,258.0,19.912026759505807,0.0100000000001045,1.2348044866550596,2.2669661585152494,0.9420028379456,0.4519881430805876,0.0207358812002663,1.4515673544732055,1.2348044866550596,2.2669661585152494,0.9420028379456,0.0243969528896774,1.4515673544732055,8.6,1.0,Rendah,False,4215.6,load_profile,0.52695,False,0.086,31.617,3.4399999999999995,35.057,Rendah,1.3596335400000001,0.01991202675950581,0.0002707305943160161,0.03739312071289023,7352.17276850107,False
20260811_224202_660,session_20260811_224202_660.zip,tt,dashboard_center,100 Hz,161,3220.0,3240.0,659.07,660.72,-7.941817292399964,112.62235896245532,43.14068404972837,4.831121248758079,166,19.917208966739963,0.0100000000001045,2.143794819400111,4.05223603082344,1.4203557524729304,0.4016627035122901,0.0194779853954824,2.718400282038784,OK,True,3220.0,3240.0,659.07,660.72,-7.941817292399964,112.62235896245532,43.14068404972837,4.831121248758079,166.0,19.917208966739963,0.0100000000001045,2.143794819400111,4.05223603082344,1.4203557524729304,0.4016627035122901,0.0194779853954824,2.718400282038784,2.143794819400111,4.05223603082344,1.4203557524729304,0.0170606097455772,2.718400282038784,51.8,2.0,Sedang,False,3864.1,load_profile,0.4830125,False,0.518,28.98075,20.72,49.70075,Sedang,1.547047595,0.019917208966739965,0.000308128702311075,0.0377012494152013,6461.48826148977,False
20260811_224202_660,session_20260811_224202_660.zip,tt,dashboard_center,100 Hz,162,3240.0,3260.0,660.73,662.3100000000001,-7.941932934885971,112.62221920853956,44.98925083217468,4.901524710974272,159,19.89156316205572,0.0100000000001045,1.573642302187274,2.601587880781624,1.066924484822558,0.3016354195554294,0.0828406655051856,2.9681517892858857,OK,True,3240.0,3260.0,660.73,662.3100000000001,-7.941932934885971,112.62221920853956,44.98925083217468,4.901524710974272,159.0,19.89156316205572,0.0100000000001045,1.573642302187274,2.601587880781624,1.066924484822558,0.3016354195554294,0.0828406655051856,2.9681517892858857,1.573642302187274,2.601587880781624,1.066924484822558,0.0704710227806408,2.9681517892858857,15.1,1.0,Rendah,False,4042.9,load_profile,0.5053625,False,0.151,30.32175,6.04,36.36175,Rendah,1.3788794475000001,0.01989156316205572,0.0002742806762280675,0.03797553009142937,7249.511525546802,False
20260811_224202_660,session_20260811_224202_660.zip,tt,dashboard_center,100 Hz,163,3260.0,3280.0,662.32,663.8000000000001,-7.9420485679493,112.6220676980519,48.47915570784578,4.436986228734291,149,19.79193893088041,0.0100000000001045,1.915558434452608,3.5085041736789284,1.258424244099024,0.3031537244003158,0.5290429089595957,2.6747806137094416,OK,True,3260.0,3280.0,662.32,663.8000000000001,-7.9420485679493,112.6220676980519,48.47915570784578,4.436986228734291,149.0,19.79193893088041,0.0100000000001045,1.915558434452608,3.5085041736789284,1.258424244099024,0.3031537244003158,0.5290429089595957,2.6747806137094416,1.915558434452608,3.5085041736789284,1.258424244099024,0.4272412314045231,2.6747806137094416,43.2,2.0,Sedang,False,3987.4,load_profile,0.498425,False,0.43200000000000005,29.9055,17.28,47.185500000000005,Sedang,1.5149189200000002,0.01979193893088041,0.0002998318274987531,0.03827536191892812,6598.486778294448,False
20260811_224202_660,session_20260811_224202_660.zip,tt,dashboard_center,100 Hz,164,3280.0,3300.0,663.8100000000001,665.28,-7.942157235396648,112.62192828720882,48.4677942675132,5.3282940123091205,148,19.8372961285786,0.0100000000001045,2.038724147658026,3.718951990807701,1.3437764374185537,0.3024605753279097,0.0675357577075096,4.574974415546293,OK,True,3280.0,3300.0,663.8100000000001,665.28,-7.942157235396648,112.62192828720882,48.4677942675132,5.3282940123091205,148.0,19.8372961285786,0.0100000000001045,2.038724147658026,3.718951990807701,1.3437764374185537,0.3024605753279097,0.0675357577075096,4.574974415546293,2.038724147658026,3.718951990807701,1.3437764374185537,0.0545490122579352,4.574974415546293,50.4,2.0,Sedang,False,3777.5,load_profile,0.4721875,False,0.504,28.331249999999997,20.16,48.491249999999994,Sedang,1.5325090000000001,0.0198372961285786,0.00030400834852711866,0.03857937026745524,6522.729760786562,False
20260811_224202_660,session_20260811_224202_660.zip,tt,dashboard_center,100 Hz,165,3300.0,3320.0,665.29,666.74,-7.9422850331335315,112.6217898459056,49.49321961069416,5.418568299170339,146,19.887475604575684,0.0100000000001045,1.857724689612778,3.696073413745169,1.248655881899673,0.3016974159666362,0.0780858864371127,3.377390644100178,OK,True,3300.0,3320.0,665.29,666.74,-7.9422850331335315,112.6217898459056,49.49321961069416,5.418568299170339,146.0,19.887475604575684,0.0100000000001045,1.857724689612778,3.696073413745169,1.248655881899673,0.3016974159666362,0.0780858864371127,3.377390644100178,1.857724689612778,3.696073413745169,1.248655881899673,0.0621579552648629,3.377390644100178,39.6,2.0,Sedang,False,3694.2,load_profile,0.461775,False,0.396,27.7065,15.84,43.546499999999995,Sedang,1.47203758,0.019887475604575683,0.0002927511146126863,0.03887212138206793,6790.664126836892,False
20260811_224202_660,session_20260811_224202_660.zip,tt,dashboard_center,100 Hz,166,3320.0,3340.0,666.75,668.24,-7.942403275691821,112.62164868364138,48.486604779437485,7.809593519357177,150,19.894361918980398,0.0100000000001045,1.7294000253207056,3.0754602391503254,1.095215422986257,0.3518584827453846,0.2173549465262181,2.490972837221238,OK,True,3320.0,3340.0,666.75,668.24,-7.942403275691821,112.62164868364138,48.486604779437485,7.809593519357177,150.0,19.894361918980398,0.0100000000001045,1.7294000253207056,3.0754602391503254,1.095215422986257,0.3518584827453846,0.2173549465262181,2.490972837221238,1.7294000253207056,3.0754602391503254,1.095215422986257,0.1755114049481279,2.490972837221238,23.7,1.0,Rendah,False,4109.9,load_profile,0.5137375,False,0.237,30.82425,9.48,40.304249999999996,Sedang,1.4273936575,0.019894361918980398,0.0002839708602316215,0.03915609224229955,7003.032652031922,False
20260811_224202_660,session_20260811_224202_660.zip,tt,dashboard_center,100 Hz,213,4260.0,4280.0,743.4,744.54,-7.945492192875992,112.61857786006634,62.46852549130464,9.935,115,19.719165280559537,0.0100000000001045,1.753808904183988,3.46070957745675,1.1276035761379517,0.2535604285912311,0.4188346753127445,1.8660649713933444,OK,True,4260.0,4280.0,743.4,744.54,-7.945492192875992,112.61857786006634,62.46852549130464,9.935,115.0,19.719165280559537,0.0100000000001045,1.753808904183988,3.46070957745675,1.1276035761379517,0.2535604285912311,0.4188346753127445,1.8660649713933444,1.753808904183988,3.46070957745675,1.1276035761379517,0.2835200499843502,1.8660649713933444,27.3,2.0,Sedang,False,3831.6,load_profile,0.47895,False,0.273,28.737,10.920000000000002,39.657,Rendah,1.42272067,0.019719165280559538,0.00028054864039798403,0.039436640882697535,7026.014696132678,False
20260811_224202_660,session_20260811_224202_660.zip,tt,dashboard_center,100 Hz,214,4280.0,4300.0,744.5500000000001,745.67,-7.945347851386661,112.6186908058991,63.97697723820903,9.935,113,19.89989244327808,0.0100000000001045,1.6872379521175564,2.894227565659845,1.057523186248869,0.3517606951873003,1.002094381174078,1.3351481292224583,OK,True,4280.0,4300.0,744.5500000000001,745.67,-7.945347851386661,112.6186908058991,63.97697723820903,9.935,113.0,19.89989244327808,0.0100000000001045,1.6872379521175564,2.894227565659845,1.057523186248869,0.3517606951873003,1.002094381174078,1.3351481292224583,1.6872379521175564,2.894227565659845,1.057523186248869,0.6671704824718789,1.3351481292224583,15.1,1.0,Rendah,False,3431.8,load_profile,0.428975,False,0.151,25.7385,6.04,31.778499999999998,Rendah,1.330740045,0.01989989244327808,0.0002648158376546303,0.03970145672035216,7511.632261977932,False
20260811_224202_660,session_20260811_224202_660.zip,tt,dashboard_center,100 Hz,215,4300.0,4320.0,745.6800000000001,746.77,-7.945207208187796,112.618806701079,65.21585006636349,9.935,110,19.73127249737354,0.0100000000001045,1.8853898118493329,3.6339679698424887,1.154814747697268,0.2027238740193997,0.9043301998874425,1.0652418048613732,OK,True,4300.0,4320.0,745.6800000000001,746.77,-7.945207208187796,112.618806701079,65.21585006636349,9.935,110.0,19.73127249737354,0.0100000000001045,1.8853898118493329,3.6339679698424887,1.154814747697268,0.2027238740193997,0.9043301998874425,1.0652418048613732,1.8853898118493329,3.6339679698424887,1.154814747697268,0.5940970482206888,1.0652418048613732,40.3,2.0,Sedang,False,3799.0,load_profile,0.474875,False,0.40299999999999997,28.4925,16.119999999999997,44.6125,Sedang,1.484399925,0.01973127249737354,0.0002928909941525584,0.039994347714504726,6734.034674131736,False
20260811_224202_660,session_20260811_224202_660.zip,tt,dashboard_center,100 Hz,216,4320.0,4340.0,746.78,747.88,-7.94506514220284,112.61891758816849,65.12956007107118,9.935,111,19.921246200360656,0.0100000000001045,2.2014224120861057,4.046363918994859,1.3349460797976531,0.2007906513362393,0.5319487693598057,3.897457073926822,OK,True,4320.0,4340.0,746.78,747.88,-7.94506514220284,112.61891758816849,65.12956007107118,9.935,111.0,19.921246200360656,0.0100000000001045,2.2014224120861057,4.046363918994859,1.3349460797976531,0.2007906513362393,0.5319487693598057,3.897457073926822,2.2014224120861057,4.046363918994859,1.3349460797976531,0.3497843840870159,3.897457073926822,61.2,2.0,Sedang,False,3685.4,load_profile,0.460675,False,0.612,27.6405,24.48,52.1205,Sedang,1.5775916200000002,0.019921246200360655,0.00031427591065645816,0.04030862362516118,6336.220990852805,False
20260811_224202_660,session_20260811_224202_660.zip,tt,dashboard_center,100 Hz,217,4340.0,4360.0,747.89,748.98,-7.944925328608585,112.6190311598311,65.3605058828063,9.935,110,19.83952921087985,0.0100000000001045,1.8473843830885728,3.5433023281086817,1.1366113352089684,0.2520221093380602,0.8438465168478978,1.8268293878637023,OK,True,4340.0,4360.0,747.89,748.98,-7.944925328608585,112.6190311598311,65.3605058828063,9.935,110.0,19.83952921087985,0.0100000000001045,1.8473843830885728,3.5433023281086817,1.1366113352089684,0.2520221093380602,0.8438465168478978,1.8268293878637023,1.8473843830885728,3.5433023281086817,1.1366113352089684,0.5535081714712771,1.8268293878637023,37.4,2.0,Sedang,False,3556.1,load_profile,0.4445125,False,0.374,26.670749999999998,14.96,41.63075,Sedang,1.4495570349999998,0.01983952921087985,0.0002875852913871888,0.040596208916548374,6895.858622843595,False
20260811_224202_660,session_20260811_224202_660.zip,tt,dashboard_center,100 Hz,218,4360.0,4380.0,748.99,750.0600000000001,-7.944780898242984,112.6191388389656,66.82446064363758,9.935,108,19.774831197120875,0.0100000000001045,1.4735250837008171,2.8044514772217317,0.8602351098014082,0.3539853225659478,0.1317742530799841,1.9539166338191465,OK,True,4360.0,4380.0,748.99,750.0600000000001,-7.944780898242984,112.6191388389656,66.82446064363758,9.935,108.0,19.774831197120875,0.0100000000001045,1.4735250837008171,2.8044514772217317,0.8602351098014082,0.3539853225659478,0.1317742530799841,1.9539166338191465,1.4735250837008171,2.8044514772217317,0.8602351098014082,0.0851128140440655,1.9539166338191465,13.7,1.0,Rendah,False,4134.9,load_profile,0.5168625,False,0.13699999999999998,31.01175,5.4799999999999995,36.491749999999996,Rendah,1.3790795325,0.019774831197120875,0.0002727106496259187,0.04086891956617429,7248.249917771426,False
20260811_224202_660,session_20260811_224202_660.zip,tt,dashboard_center,100 Hz,219,4380.0,4400.0,750.07,751.15,-7.944644800941979,112.61925871793645,66.13559072286697,9.995189871285788,109,19.746901464589428,0.0100000000001045,1.7324531523808824,3.1413561164256816,1.089261691814592,0.3038451379705991,0.1066321285851897,2.3682652542074694,OK,True,4380.0,4400.0,750.07,751.15,-7.944644800941979,112.61925871793645,66.13559072286697,9.995189871285788,109.0,19.746901464589428,0.0100000000001045,1.7324531523808824,3.1413561164256816,1.089261691814592,0.3038451379705991,0.1066321285851897,2.3682652542074694,1.7324531523808824,3.1413561164256816,1.089261691814592,0.0693721118641889,2.3682652542074694,24.5,1.0,Rendah,False,4154.7,load_profile,0.5193375,False,0.245,31.16025,9.8,40.96025,Sedang,1.4350500375000002,0.019746901464589427,0.0002833779168726786,0.04115229748304697,6965.530475624056,False
20260811_224202_660,session_20260811_224202_660.zip,tt,dashboard_center,100 Hz,220,4400.0,4420.0,751.16,752.27,-7.944502560769509,112.61937450179406,63.87509208585807,9.947643752265476,112,19.90142230212041,0.0100000000001045,1.7593473302415343,3.0914303707294613,1.037571252750258,0.2009906598270525,0.1173990007119058,1.8918842682012256,OK,True,4400.0,4420.0,751.16,752.27,-7.944502560769509,112.61937450179406,63.87509208585807,9.947643752265476,112.0,19.90142230212041,0.0100000000001045,1.7593473302415343,3.0914303707294613,1.037571252750258,0.2009906598270525,0.1173990007119058,1.8918842682012256,1.7593473302415343,3.0914303707294613,1.037571252750258,0.0782482075226583,1.8918842682012256,25.2,1.0,Rendah,False,4094.8,load_profile,0.51185,False,0.252,30.711000000000002,10.08,40.791000000000004,Sedang,1.43370724,0.01990142230212041,0.000285328132408475,0.04143762561545544,6972.034428338699,False
20260811_224202_660,session_20260811_224202_660.zip,tt,dashboard_center,100 Hz,221,4420.0,4440.0,752.28,753.39,-7.944368655822004,112.61950128297435,64.76874653977215,9.945836730467873,112,19.803865932919507,0.0100000000001045,1.9322812209107707,4.049612272348619,1.2211060142386525,0.3029711481749803,1.5467019807963758,1.815406879870587,OK,True,4420.0,4440.0,752.28,753.39,-7.944368655822004,112.61950128297435,64.76874653977215,9.945836730467873,112.0,19.803865932919507,0.0100000000001045,1.9322812209107707,4.049612272348619,1.2211060142386525,0.3029711481749803,1.5467019807963758,1.815406879870587,1.9322812209107707,4.049612272348619,1.2211060142386525,1.0209785397828144,1.815406879870587,45.3,2.0,Sedang,False,3894.5,load_profile,0.4868125,False,0.45299999999999996,29.20875,18.119999999999997,47.32875,Sedang,1.5173927125000002,0.019803865932919506,0.0003005024184593908,0.041738128033914836,6587.501116126922,False
20260811_224202_660,session_20260811_224202_660.zip,tt,dashboard_center,100 Hz,222,4440.0,4460.0,753.4,754.59,-7.944240487300828,112.6196274352852,59.68804219708386,9.994417165611534,120,19.783165152745823,0.0100000000001045,2.2703382297071086,4.083150322377966,1.3666050423794556,0.1010960574083064,1.2532942997661296,2.9476837508737237,OK,True,4440.0,4460.0,753.4,754.59,-7.944240487300828,112.6196274352852,59.68804219708386,9.994417165611534,120.0,19.783165152745823,0.0100000000001045,2.2703382297071086,4.083150322377966,1.3666050423794556,0.1010960574083064,1.2532942997661296,2.9476837508737237,2.2703382297071086,4.083150322377966,1.3666050423794556,0.8757056510249739,2.9476837508737237,61.2,2.0,Sedang,False,4116.9,load_profile,0.5146124999999999,False,0.612,30.876749999999994,24.48,55.35674999999999,Sedang,1.6165560699999997,0.019783165152745825,0.00031980595711483736,0.042057933991029674,6183.388496138521,False
20260811_224202_660,session_20260811_224202_660.zip,tt,dashboard_center,100 Hz,247,4940.0,4960.0,785.84,787.2,-7.94116243988721,112.62289903948506,52.67272441001808,9.973819534437691,137,19.937500527150405,0.0100000000001045,1.8411821931696888,3.559286557705792,1.215324566106629,0.3009404309145645,0.0331898438836049,3.559761492490741,OK,True,4940.0,4960.0,785.84,787.2,-7.94116243988721,112.62289903948506,52.67272441001808,9.973819534437691,137.0,19.937500527150405,0.0100000000001045,1.8411821931696888,3.559286557705792,1.215324566106629,0.3009404309145645,0.0331898438836049,3.559761492490741,1.8411821931696888,3.559286557705792,1.215324566106629,0.0252992545684514,3.559761492490741,36.7,2.0,Sedang,False,4484.8,load_profile,0.5606,False,0.36700000000000005,33.635999999999996,14.680000000000001,48.315999999999995,Sedang,1.52430804,0.019937500527150404,0.00030390892351039595,0.042361842914540065,6557.574685303468,False
20260811_224202_660,session_20260811_224202_660.zip,tt,dashboard_center,100 Hz,248,4960.0,4980.0,787.21,788.57,-7.941042647932245,112.62304433792774,52.56096870678399,9.946630619300525,137,19.880172620474696,0.0100000000001045,1.5890749054772195,3.326061472960194,1.165009670172909,0.2515068704609975,0.0370366047710014,1.095058750224325,OK,True,4960.0,4980.0,787.21,788.57,-7.941042647932245,112.62304433792774,52.56096870678399,9.946630619300525,137.0,19.880172620474696,0.0100000000001045,1.5890749054772195,3.326061472960194,1.165009670172909,0.2515068704609975,0.0370366047710014,1.095058750224325,1.5890749054772195,3.326061472960194,1.165009670172909,0.0282732509582452,1.095058750224325,17.3,1.0,Rendah,False,4316.5,load_profile,0.5395625,False,0.17300000000000001,32.373749999999994,6.920000000000001,39.293749999999996,Rendah,1.4116063625,0.019880172620474694,0.0002806297815866038,0.04264247269612667,7081.107041078803,False
20260811_224202_660,session_20260811_224202_660.zip,tt,dashboard_center,100 Hz,249,4980.0,5000.0,788.58,789.98,-7.940923177704116,112.62318363079012,51.01407237613918,9.935,141,19.781316023850195,0.0100000000001045,1.896688824100772,3.446307363362515,1.2184516314611622,0.3538692770268747,0.1143712286515831,5.316646701873378,OK,True,4980.0,5000.0,788.58,789.98,-7.940923177704116,112.62318363079012,51.01407237613918,9.935,141.0,19.781316023850195,0.0100000000001045,1.896688824100772,3.446307363362515,1.2184516314611622,0.3538692770268747,0.1143712286515831,5.316646701873378,1.896688824100772,3.446307363362515,1.2184516314611622,0.0891439098691283,5.316646701873378,38.8,2.0,Sedang,False,4168.2,load_profile,0.521025,False,0.38799999999999996,31.261499999999998,15.519999999999998,46.781499999999994,Sedang,1.50824654,0.019781316023850196,0.0002983510144961862,0.042940823710622855,6627.3687043425525,False
20260811_224202_660,session_20260811_224202_660.zip,tt,dashboard_center,100 Hz,250,5000.0,5020.0,789.99,791.57,-7.940809462994957,112.62332103518295,45.356407320798674,9.948230681652277,159,19.89857921205112,0.0100000000001045,1.9553256932182463,3.850948807547412,1.355490316046342,0.3015290657720043,0.5016594789609264,1.5559211350480555,OK,True,5000.0,5020.0,789.99,791.57,-7.940809462994957,112.62332103518295,45.356407320798674,9.948230681652277,159.0,19.89857921205112,0.0100000000001045,1.9553256932182463,3.850948807547412,1.355490316046342,0.3015290657720043,0.5016594789609264,1.5559211350480555,1.9553256932182463,3.850948807547412,1.355490316046342,0.4243449003594244,1.5559211350480555,47.5,2.0,Sedang,False,4143.9,load_profile,0.5179874999999999,False,0.475,31.079249999999995,19.0,50.079249999999995,Sedang,1.5500013125,0.019898579212051123,0.0003084282389556446,0.0432492519495785,6448.817168214521,False
20260811_224202_660,session_20260811_224202_660.zip,tt,dashboard_center,100 Hz,251,5020.0,5040.0,791.58,793.28,-7.940692635736607,112.6234611923435,41.83788950542149,9.935,171,19.884362186038743,0.0100000000001045,1.6390230178906968,3.3291315368942094,1.137553889563142,0.2514538788430746,0.073302430036398,1.79922925670219,OK,True,5020.0,5040.0,791.58,793.28,-7.940692635736607,112.6234611923435,41.83788950542149,9.935,171.0,19.884362186038743,0.0100000000001045,1.6390230178906968,3.3291315368942094,1.137553889563142,0.2514538788430746,0.073302430036398,1.79922925670219,1.6390230178906968,3.3291315368942094,1.137553889563142,0.0655901413659369,1.79922925670219,20.9,1.0,Rendah,False,4439.9,load_profile,0.5549875,False,0.209,33.29925,8.36,41.65925,Sedang,1.4397909775000002,0.019884362186038743,0.0002862932526880076,0.04353554520226651,6942.428867581769,False
20260811_224202_660,session_20260811_224202_660.zip,tt,dashboard_center,100 Hz,252,5040.0,5060.0,793.29,794.83,-7.940562453567769,112.6235961707724,46.47744377204863,9.935,155,19.795418261391205,0.0100000000001045,1.9301963744730075,3.5982883456054795,1.323717390894503,0.3031004407571596,0.1460484805924133,4.680846712523105,OK,True,5040.0,5060.0,793.29,794.83,-7.940562453567769,112.6235961707724,46.47744377204863,9.935,155.0,19.795418261391205,0.0100000000001045,1.9301963744730075,3.5982883456054795,1.323717390894503,0.3031004407571596,0.1460484805924133,4.680846712523105,1.9301963744730075,3.5982883456054795,1.323717390894503,0.121458025940746,4.680846712523105,44.6,2.0,Sedang,False,4468.5,load_profile,0.5585625,False,0.446,33.513749999999995,17.84,51.35374999999999,Sedang,1.5633612749999999,0.019795418261391206,0.0003094739033228684,0.043845019105589376,6393.669625780799,False
20260811_224202_660,session_20260811_224202_660.zip,tt,dashboard_center,100 Hz,253,5060.0,5080.0,794.84,796.39,-7.940440813816047,112.623736028299,46.63622187910554,9.935,156,19.984052379383684,0.0100000000001045,1.8352356970960328,3.3629562376617126,1.1915497683269152,0.3502793060741508,0.6316946108572025,2.548741124025414,OK,True,5060.0,5080.0,794.84,796.39,-7.940440813816047,112.623736028299,46.63622187910554,9.935,156.0,19.984052379383684,0.0100000000001045,1.8352356970960328,3.3629562376617126,1.1915497683269152,0.3502793060741508,0.6316946108572025,2.548741124025414,1.8352356970960328,3.3629562376617126,1.1915497683269152,0.5240894129189578,2.548741124025414,36.0,2.0,Sedang,False,4664.9,load_profile,0.5831124999999999,False,0.36,34.986749999999994,14.399999999999999,49.38674999999999,Sedang,1.5358516,0.019984052379383683,0.00030692538821360237,0.044151944493802976,6508.170975340729,False
20260811_224202_660,session_20260811_224202_660.zip,tt,dashboard_center,100 Hz,254,5080.0,5100.0,796.4,798.08,-7.940319990080008,112.62387083778316,42.42587572747669,9.935,169,19.860902512936264,0.0100000000001045,1.780780068964095,3.1927015596996173,1.1966254437475987,0.4028014333582904,0.6536969922857879,1.424730379673978,OK,True,5080.0,5100.0,796.4,798.08,-7.940319990080008,112.62387083778316,42.42587572747669,9.935,169.0,19.860902512936264,0.0100000000001045,1.780780068964095,3.1927015596996173,1.1966254437475987,0.4028014333582904,0.6536969922857879,1.424730379673978,1.780780068964095,3.1927015596996173,1.1966254437475987,0.5792656780552479,1.424730379673978,25.9,2.0,Sedang,False,4651.2,load_profile,0.5814,False,0.259,34.884,10.36,45.244,Sedang,1.48255652,0.019860902512936263,0.0002944491051363804,0.04444639359893936,6742.107451417843,False
20260811_224202_660,session_20260811_224202_660.zip,tt,dashboard_center,100 Hz,255,5100.0,5120.0,798.09,799.91,-7.940198942574579,112.62400150018397,39.34079935879252,9.935,183,19.886990517444247,0.0100000000001045,1.7450099165559456,3.510649205826753,1.2866736022164609,0.4022730333673489,0.0954947772631597,0.9662194973803284,OK,True,5100.0,5120.0,798.09,799.91,-7.940198942574579,112.62400150018397,39.34079935879252,9.935,183.0,19.886990517444247,0.0100000000001045,1.7450099165559456,3.510649205826753,1.2866736022164609,0.4022730333673489,0.0954947772631597,0.9662194973803284,1.7450099165559456,3.510649205826753,1.2866736022164609,0.0891873513483436,0.9662194973803284,33.8,1.0,Rendah,False,4436.9,load_profile,0.5546125,False,0.33799999999999997,33.27675,13.52,46.79675,Sedang,1.5054593049999998,0.019886990517444247,0.000299390549229332,0.04474578414816869,6639.518842115221,False
20260811_224202_660,session_20260811_224202_660.zip,tt,dashboard_center,100 Hz,256,5120.0,5140.0,799.9200000000001,801.9300000000001,-7.940076494203452,112.62413031488984,35.67884781150907,9.976560607927688,202,19.911218069540155,0.0100000000001045,1.2891530664182267,2.513724918842425,0.9378892364297924,0.3515606114880777,0.0217461795914201,1.5843274912367522,OK,True,5120.0,5140.0,799.9200000000001,801.9300000000001,-7.940076494203452,112.62413031488984,35.67884781150907,9.976560607927688,202.0,19.911218069540155,0.0100000000001045,1.2891530664182267,2.513724918842425,0.9378892364297924,0.3515606114880777,0.0217461795914201,1.5843274912367522,1.2891530664182267,2.513724918842425,0.9378892364297924,0.0217391375637403,1.5843274912367522,7.2,1.0,Rendah,False,4245.9,load_profile,0.5307375,False,0.07200000000000001,31.84425,2.8800000000000003,34.72425,Rendah,1.3548851199999998,0.019911218069540156,0.0002697741308349508,0.045015558279003644,7377.377090223044,False
