session_id,archive_name,vehicle,mount_position,sampling_label,segment_id,segment_start_m,segment_end_m,start_time_s,end_time_s,latitude,longitude,mean_speed_kmh,median_gps_accuracy_m,n_samples,distance_coverage_m,max_sample_gap_s,rms_vertical,p95_abs,vdv_per_m,peak_density_per_m,psd_0_5_3hz,psd_3_15hz,data_quality_flag,valid_segment,segment_start_m_model,segment_end_m_model,start_time_s_model,end_time_s_model,latitude_model,longitude_model,mean_speed_kmh_model,median_gps_accuracy_m_model,n_samples_model,distance_coverage_m_model,max_sample_gap_s_model,rms_vertical_model,p95_abs_model,vdv_per_m_model,peak_density_per_m_model,psd_0_5_3hz_model,psd_3_15hz_model,rms_vertical_speed_corrected,p95_abs_speed_corrected,vdv_per_m_speed_corrected,psd_0_5_3hz_speed_corrected,psd_3_15hz_speed_corrected,relative_roughness_score,raw_cluster,roughness_class,hotspot_flag
20260811_131526_089,Data (1).zip,sepeda,dashboard_center,50 Hz,0,0.0,20.0,8.9,12.94,-7.943986321870552,112.6047778160623,15.182740249079682,2.0,203,16.89873240994205,0.02000000000000135,0.8863597163666346,1.6501462870497603,0.8298461464358189,0.7692884699654571,0.019569380471970873,0.7637456112043164,coverage<18m,False,,,,,,,,,,,,,,,,,,,,,,,,,,
20260811_131526_089,Data (1).zip,sepeda,dashboard_center,50 Hz,1,20.0,40.0,12.96,16.72,-7.944069131856826,112.60496332316355,19.008345327520974,2.0,189,19.892223496645688,0.020000000000003126,1.3034076242454657,2.662694048170057,1.384613841186267,0.5027090109703545,0.019131146561812706,1.166178062321925,OK,True,20.0,40.0,12.96,16.72,-7.944069131856826,112.60496332316355,19.008345327520974,2.0,189.0,19.892223496645688,0.020000000000003126,1.3034076242454657,2.662694048170057,1.384613841186267,0.5027090109703545,0.019131146561812706,1.166178062321925,1.7641010971698379,3.568335533089887,1.384613841186267,0.04168072568058041,2.242651582937439,57.1,2.0,Sedang,False
20260811_131526_089,Data (1).zip,sepeda,dashboard_center,50 Hz,2,40.0,60.0,16.740000000000002,20.22,-7.9441209269234365,112.60512927925257,20.68602007261773,2.0,175,19.966939276842687,0.020000000000003126,0.9785365388620102,1.984700134504747,0.8377036511586653,0.4507450979448836,0.029449514365194954,1.2199674499772457,OK,True,40.0,60.0,16.740000000000002,20.22,-7.9441209269234365,112.60512927925257,20.68602007261773,2.0,175.0,19.966939276842687,0.020000000000003126,0.9785365388620102,1.984700134504747,0.8377036511586653,0.4507450979448836,0.029449514365194954,1.2199674499772457,1.2667420987636202,2.5476484952382497,0.8377036511586653,0.057217960147724733,2.1309645998804365,19.8,0.0,Rendah,False
20260811_131526_089,Data (1).zip,sepeda,dashboard_center,50 Hz,3,60.0,80.0,20.240000000000002,23.38,-7.944182584200826,112.6053150513664,22.784456356249276,1.9,158,19.843617858800542,0.020000000000003126,1.2768199794635284,2.5362449793781328,1.152802238638011,0.5039403636552622,0.0886702122170594,1.2674854413163066,OK,True,60.0,80.0,20.240000000000002,23.38,-7.944182584200826,112.6053150513664,22.784456356249276,1.9,158.0,19.843617858800542,0.020000000000003126,1.2768199794635284,2.5362449793781328,1.152802238638011,0.5039403636552622,0.0886702122170594,1.2674854413163066,1.5709296688569094,3.099373920026442,1.152802238638011,0.15115104774301685,1.9836085615767196,45.1,2.0,Sedang,False
20260811_131526_089,Data (1).zip,sepeda,dashboard_center,50 Hz,4,80.0,100.0,23.400000000000002,26.240000000000002,-7.94425021699037,112.60550681926448,25.04997545891511,1.8714880174949693,143,19.777574038177747,0.020000000000003126,0.7966171225073475,1.4334390758880498,0.642234146288009,0.45506086755770964,0.010121971366235931,0.532493125951746,OK,True,80.0,100.0,23.400000000000002,26.240000000000002,-7.94425021699037,112.60550681926448,25.04997545891511,1.8714880174949693,143.0,19.777574038177747,0.020000000000003126,0.7966171225073475,1.4334390758880498,0.642234146288009,0.45506086755770964,0.010121971366235931,0.532493125951746,0.9324166559045106,1.6691829003520726,0.642234146288009,0.015175801494407157,0.7481933383083085,2.7,0.0,Rendah,False
20260811_131526_089,Data (1).zip,sepeda,dashboard_center,50 Hz,5,100.0,120.0,26.26,28.560000000000002,-7.944317885212522,112.60568704935451,31.011475530509177,1.9,116,19.82947131553722,0.020000000000003126,1.5131055514723255,3.062993738488795,1.1515033617313102,0.3025799278520728,0.027448257141648214,1.8553062576196166,OK,True,100.0,120.0,26.26,28.560000000000002,-7.944317885212522,112.60568704935451,31.011475530509177,1.9,116.0,19.82947131553722,0.020000000000003126,1.5131055514723255,3.062993738488795,1.1515033617313102,0.3025799278520728,0.027448257141648214,1.8553062576196166,1.5828306954430051,3.1994216193568352,1.1515033617313102,0.03082157143268556,2.0449767481273824,46.7,2.0,Sedang,False
20260811_131526_089,Data (1).zip,sepeda,dashboard_center,50 Hz,6,120.0,140.0,28.580000000000002,30.54,-7.944384588208901,112.60585912070987,36.573218039602764,1.9,99,19.85044245564619,0.020000000000003126,1.5481394634486834,2.90306974030808,1.1036513595339543,0.30226026515058263,0.23971189513138375,1.4837954131672526,OK,True,120.0,140.0,28.580000000000002,30.54,-7.944384588208901,112.60585912070987,36.573218039602764,1.9,99.0,19.85044245564619,0.020000000000003126,1.5481394634486834,2.90306974030808,1.1036513595339543,0.30226026515058263,0.23971189513138375,1.4837954131672526,1.4848118787367925,2.7881236991230653,1.1036513595339543,0.2152881380817004,1.3557623214091554,35.7,2.0,Sedang,False
20260811_131526_089,Data (1).zip,sepeda,dashboard_center,50 Hz,7,140.0,160.0,30.560000000000002,32.52,-7.944451486064654,112.60604502242269,36.270301092447234,1.9,99,19.748948661430603,0.020000000000003126,1.4859209335016443,2.6004169339197634,1.1733718111397802,0.3038136410632283,0.08690380956306146,1.4170646633635646,OK,True,140.0,160.0,30.560000000000002,32.52,-7.944451486064654,112.60604502242269,36.270301092447234,1.9,99.0,19.748948661430603,0.020000000000003126,1.4859209335016443,2.6004169339197634,1.1733718111397802,0.3038136410632283,0.08690380956306146,1.4170646633635646,1.4313901491173657,2.5080509515444023,1.1733718111397802,0.07893332507168081,1.3070928917039875,28.6,0.0,Rendah,False
20260811_131526_089,Data (1).zip,sepeda,dashboard_center,50 Hz,8,160.0,180.0,32.54,34.9,-7.944520579619505,112.60622577373921,30.385106049053018,1.9,119,19.87938428554142,0.020000000000003126,1.6364283992386335,3.6012149092928105,1.3903386840503587,0.3521235818702497,0.14751548894643857,1.1824667206906736,OK,True,160.0,180.0,32.54,34.9,-7.944520579619505,112.60622577373921,30.385106049053018,1.9,119.0,19.87938428554142,0.020000000000003126,1.6364283992386335,3.6012149092928105,1.3903386840503587,0.3521235818702497,0.14751548894643857,1.1824667206906736,1.730318564365557,3.800893470632895,1.3903386840503587,0.17028536050332657,1.3339463651337908,55.5,2.0,Sedang,False
20260811_131526_089,Data (1).zip,sepeda,dashboard_center,50 Hz,9,180.0,200.0,34.92,38.12,-7.944585242009432,112.60640803208659,22.400048880588614,1.9,161,19.897649472854738,0.020000000000003126,0.971208920553026,1.8442197618344494,0.8022246227425376,0.4523147325656833,0.03431129583310555,0.8885806838932597,OK,True,180.0,200.0,34.92,38.12,-7.944585242009432,112.60640803208659,22.400048880588614,1.9,161.0,19.897649472854738,0.020000000000003126,0.971208920553026,1.8442197618344494,0.8022246227425376,0.4523147325656833,0.03431129583310555,0.8885806838932597,1.2056711548123964,2.273303332969008,0.8022246227425376,0.05985177178755743,1.4177927505718741,14.3,0.0,Rendah,False
20260811_131526_089,Data (1).zip,sepeda,dashboard_center,50 Hz,10,200.0,220.0,38.14,45.82,-7.9446568273191485,112.6066142980114,9.29414282931079,1.8710518976242865,385,19.94249930320396,0.020000000000003126,0.4670574782938431,0.9415946895569846,0.5113265834695783,1.4040366542974643,0.015336780839503603,0.17994873924862492,OK,True,200.0,220.0,38.14,45.82,-7.9446568273191485,112.6066142980114,9.29414282931079,1.8710518976242865,385.0,19.94249930320396,0.020000000000003126,0.4670574782938431,0.9415946895569846,0.5113265834695783,1.4040366542974643,0.015336780839503603,0.17994873924862492,0.9211929313087881,1.8163396332932062,0.5113265834695783,0.08804363884918817,0.7807011493594423,3.8,0.0,Rendah,False
20260811_131526_089,Data (1).zip,sepeda,dashboard_center,50 Hz,11,220.0,240.0,45.84,52.300000000000004,-7.944697441045856,112.60675654845392,11.100521568390148,1.862019208340529,324,19.894818390890094,0.020000000000003126,0.46456522531693956,0.912675180180004,0.4626794457980354,1.0052868846070024,0.016044957776944514,0.16259127318482802,OK,True,220.0,240.0,45.84,52.300000000000004,-7.944697441045856,112.60675654845392,11.100521568390148,1.862019208340529,324.0,19.894818390890094,0.020000000000003126,0.46456522531693956,0.912675180180004,0.4626794457980354,1.0052868846070024,0.016044957776944514,0.16259127318482802,0.8345108802715254,1.6083552444544607,0.4626794457980354,0.07241930129826805,0.5763994300099364,2.2,0.0,Rendah,False
20260811_131526_089,Data (1).zip,sepeda,dashboard_center,50 Hz,12,240.0,260.0,52.32,55.46,-7.944776580190256,112.60694502348464,22.918556836732655,1.9,158,19.951799835713985,0.020000000000003126,2.488482280280253,6.021404673810213,2.737328442003037,0.40096633215414956,0.12553450060686963,3.616733855300646,OK,True,240.0,260.0,52.32,55.46,-7.944776580190256,112.60694502348464,22.918556836732655,1.9,158.0,19.951799835713985,0.020000000000003126,2.488482280280253,6.021404673810213,2.737328442003037,0.40096633215414956,0.12553450060686963,3.616733855300646,3.0522515371903016,7.33640253877781,2.737328442003037,0.21229776992571858,5.622526589777545,89.0,1.0,Tinggi,False
20260811_131526_089,Data (1).zip,sepeda,dashboard_center,50 Hz,13,260.0,280.0,55.480000000000004,58.42,-7.944829456160907,112.60713029100822,24.19354280840606,1.9,148,19.765853021097996,0.020000000000003126,0.97741314011919,2.086004157209838,0.8599426567712043,0.4047384138423386,0.06698206817333485,1.192456497450417,OK,True,260.0,280.0,55.480000000000004,58.42,-7.944829456160907,112.60713029100822,24.19354280840606,1.9,148.0,19.765853021097996,0.020000000000003126,0.97741314011919,2.086004157209838,0.8599426567712043,0.4047384138423386,0.06698206817333485,1.192456497450417,1.1651710314176382,2.4724694761829946,0.8599426567712043,0.10526954957944233,1.7430972136718919,18.1,0.0,Rendah,False
20260811_131526_089,Data (1).zip,sepeda,dashboard_center,50 Hz,14,280.0,300.0,58.44,61.82,-7.944878538476951,112.60729848542518,21.381217137719307,1.9,170,19.986372834918427,0.020000000000003126,0.9571758851719215,1.6566781407344433,0.7318561896513274,0.6004090936918108,0.009140738028143462,1.001034486643585,OK,True,280.0,300.0,58.44,61.82,-7.944878538476951,112.60729848542518,21.381217137719307,1.9,170.0,19.986372834918427,0.020000000000003126,0.9571758851719215,1.6566781407344433,0.7318561896513274,0.6004090936918108,0.009140738028143462,1.001034486643585,1.2177208522019558,2.091099392010802,0.7318561896513274,0.016982303021880505,1.6840434968355997,8.8,0.0,Rendah,False
20260811_131526_089,Data (1).zip,sepeda,dashboard_center,50 Hz,15,300.0,320.0,61.84,66.44,-7.944958748315663,112.60746419625582,15.472623796145676,1.8,231,19.854071421797244,0.020000000000010232,0.9386232946438678,1.9751200993896703,0.9550639054393948,0.8058800464691608,0.019838037189827424,0.6552873170160808,OK,True,300.0,320.0,61.84,66.44,-7.944958748315663,112.60746419625582,15.472623796145676,1.8,231.0,19.854071421797244,0.020000000000010232,0.9386232946438678,1.9751200993896703,0.9550639054393948,0.8058800464691608,0.019838037189827424,0.6552873170160808,1.4157110557207098,2.9392706736998657,0.9550639054393948,0.05711153631560725,1.5924425245307232,35.2,0.0,Rendah,False
20260811_131526_089,Data (1).zip,sepeda,dashboard_center,50 Hz,16,320.0,340.0,66.46000000000001,70.22,-7.945078514757786,112.60759503071105,18.998176430605916,1.7451651118924032,189,19.83467102761631,0.020000000000010232,0.8296544332889152,1.6128293153309592,0.7119392263996775,0.6554179790478891,0.02599907874406721,0.768825016386879,OK,True,320.0,340.0,66.46000000000001,70.22,-7.945078514757786,112.60759503071105,18.998176430605916,1.7451651118924032,189.0,19.83467102761631,0.020000000000010232,0.8296544332889152,1.6128293153309592,0.7119392263996775,0.6554179790478891,0.02599907874406721,0.768825016386879,1.1232146506754879,2.1619773220768654,0.7119392263996775,0.05668483973209442,1.479410531328144,10.4,0.0,Rendah,False
20260811_131526_089,Data (1).zip,sepeda,dashboard_center,50 Hz,17,340.0,360.0,70.24,73.38,-7.945225131017139,112.60771312750347,22.921286713112536,1.7289916353066612,158,19.99858057104717,0.020000000000010232,0.8244610962975634,1.5493605145552085,0.6714084511510331,0.40002839059397816,0.011938293324152112,0.8957937750096833,OK,True,340.0,360.0,70.24,73.38,-7.945225131017139,112.60771312750347,22.921286713112536,1.7289916353066612,158.0,19.99858057104717,0.020000000000010232,0.8244610962975634,1.5493605145552085,0.6714084511510331,0.40002839059397816,0.011938293324152112,0.8957937750096833,1.0111805624510244,1.8876066035311039,0.6714084511510331,0.020186198272849773,1.3924005554926835,4.4,0.0,Rendah,False
20260811_131526_089,Data (1).zip,sepeda,dashboard_center,50 Hz,18,360.0,380.0,73.4,76.42,-7.945369132422777,112.60779206623141,23.686220278119748,1.7,152,19.862214366848093,0.020000000000010232,2.6171172700349534,6.2037194449879625,2.709927176812062,0.30208112193243497,1.1187085374959338,14.348688651812818,OK,True,360.0,380.0,73.4,76.42,-7.945369132422777,112.60779206623141,23.686220278119748,1.7,152.0,19.862214366848093,0.020000000000010232,2.6171172700349534,6.2037194449879625,2.709927176812062,0.30208112193243497,1.1187085374959338,14.348688651812818,3.1548485611426567,7.43281513448627,2.709927176812062,1.8093558918866623,21.48606470219089,91.2,1.0,Tinggi,True
20260811_131526_089,Data (1).zip,sepeda,dashboard_center,50 Hz,19,380.0,400.0,76.44,80.04,-7.9455316698576635,112.60787182970427,19.957855630695946,1.7,181,19.841877117499507,0.020000000000010232,0.8015148422822603,1.496498179036784,0.6889744563002258,0.5543830321526672,0.03564144919133268,0.5553456615418874,OK,True,380.0,400.0,76.44,80.04,-7.9455316698576635,112.60787182970427,19.957855630695946,1.7,181.0,19.841877117499507,0.020000000000010232,0.8015148422822603,1.496498179036784,0.6889744563002258,0.5543830321526672,0.03564144919133268,0.5553456615418874,1.057336997196376,1.9563368256624947,0.6889744563002258,0.07269151127702479,1.010388171646314,7.7,0.0,Rendah,False
20260811_131526_089,Data (1).zip,sepeda,dashboard_center,50 Hz,20,400.0,420.0,80.06,84.7,-7.945621409972186,112.60796512483311,15.342393150071214,1.894859443723738,233,19.902727670827858,0.020000000000010232,1.4824274474605923,2.876780237122455,1.358562896038152,0.8039099094669206,0.21448213100040683,1.6181754027870001,OK,True,400.0,420.0,80.06,84.7,-7.945621409972186,112.60796512483311,15.342393150071214,1.894859443723738,233.0,19.902727670827858,0.020000000000010232,1.4824274474605923,2.876780237122455,1.358562896038152,0.8039099094669206,0.21448213100040683,1.6181754027870001,2.2458910430991956,4.29953527687786,1.358562896038152,0.6245784669917676,3.9703771298479436,76.4,1.0,Tinggi,False
20260811_131526_089,Data (1).zip,sepeda,dashboard_center,50 Hz,21,420.0,440.0,84.72,87.8,-7.945625826577675,112.60815075535443,23.301628335378766,2.0769053873189653,155,19.91465371010429,0.020000000000010232,1.7321189050089503,3.6440766273247074,1.4462988647792445,0.5523570813796689,0.2990408723574761,3.1529824190472553,OK,True,420.0,440.0,84.72,87.8,-7.945625826577675,112.60815075535443,23.301628335378766,2.0769053873189653,155.0,19.91465371010429,0.020000000000010232,1.7321189050089503,3.6440766273247074,1.4462988647792445,0.5523570813796689,0.2990408723574761,3.1529824190472553,2.1060791976706845,4.4025872981898795,1.4462988647792445,0.4944981108393699,4.810059782785875,76.9,1.0,Tinggi,False
20260811_131526_089,Data (1).zip,sepeda,dashboard_center,50 Hz,22,440.0,460.0,87.82000000000001,90.86,-7.945615873501169,112.6083411347677,23.64202976442469,2.1,153,19.85787041167697,0.020000000000010232,3.122919825093607,7.056900139401122,2.8676935857241763,0.40286293717053273,0.1264282486978069,15.768621340642845,OK,True,440.0,460.0,87.82000000000001,90.86,-7.945615873501169,112.6083411347677,23.64202976442469,2.1,153.0,19.85787041167697,0.020000000000010232,3.122919825093607,7.056900139401122,2.8676935857241763,0.40286293717053273,0.1264282486978069,15.768621340642845,3.7682785023286494,8.463071678558192,2.8676935857241763,0.20499787432195263,23.66249800533903,93.4,1.0,Tinggi,True
20260811_131526_089,Data (1).zip,sepeda,dashboard_center,50 Hz,23,460.0,480.0,90.88,95.68,-7.9456058230888855,112.60853511038152,14.787135736717634,2.1289163776868167,241,19.791550114407073,0.020000000000010232,4.418184018306839,8.403565593135033,5.501939750626545,0.5557927467233935,7.193290208194975,20.57464591661547,OK,True,460.0,480.0,90.88,95.68,-7.9456058230888855,112.60853511038152,14.787135736717634,2.1289163776868167,241.0,19.791550114407073,0.020000000000010232,4.418184018306839,8.403565593135033,5.501939750626545,0.5557927467233935,7.193290208194975,20.57464591661547,6.82471399024442,12.797592995626813,5.501939750626545,22.019197858631784,52.6432318956076,98.4,1.0,Tinggi,True
20260811_131526_089,Data (1).zip,sepeda,dashboard_center,50 Hz,24,480.0,500.0,95.7,100.96000000000001,-7.945598333,112.6086775443207,13.663583851908722,2.117889491153038,264,19.98303853497123,0.020000000000010232,4.332781392805948,8.988295905498905,6.885078925060849,0.6005092758540926,2.553569474071076,11.501979706435332,OK,True,480.0,500.0,95.7,100.96000000000001,-7.945598333,112.6086775443207,13.663583851908722,2.117889491153038,264.0,19.98303853497123,0.020000000000010232,4.332781392805948,8.988295905498905,6.885078925060849,0.6005092758540926,2.553569474071076,11.501979706435332,6.977011608153431,14.249950747825544,6.885078925060849,8.699492060336457,32.19642534867391,98.9,1.0,Tinggi,True
20260811_131526_089,Data (1).zip,sepeda,dashboard_center,50 Hz,25,500.0,520.0,100.98,110.5,-7.945581667,112.60886444092564,7.5445401190763866,1.868904297444946,477,19.936404516028347,0.020000000000010232,3.6128795584616618,8.51695605370755,5.007671828920347,1.1536684050280281,1.8573061098507073,9.229561800130583,OK,True,500.0,520.0,100.98,110.5,-7.945581667,112.60886444092564,7.5445401190763866,1.868904297444946,477.0,19.936404516028347,0.020000000000010232,3.6128795584616618,8.51695605370755,5.007671828920347,1.1536684050280281,1.8573061098507073,9.229561800130583,7.952494808317455,18.269560218182924,5.007671828920347,14.14158041771657,50.75892211049267,98.9,1.0,Tinggi,True
20260811_131526_089,Data (1).zip,sepeda,dashboard_center,50 Hz,26,520.0,540.0,110.52,120.92,-7.945556183391218,112.60910295246363,6.913708701212526,1.7,521,19.96994094749664,0.020000000000010232,4.23894885972213,8.801304927005503,6.783698540973225,1.3019567793593936,5.250399745615763,13.944656572681717,OK,True,520.0,540.0,110.52,120.92,-7.945556183391218,112.60910295246363,6.913708701212526,1.7,521.0,19.96994094749664,0.020000000000010232,4.23894885972213,8.801304927005503,6.783698540973225,1.3019567793593936,5.250399745615763,13.944656572681717,9.769356062918733,19.737670397799764,6.783698540973225,44.994247953514616,84.69546882340438,100.0,1.0,Tinggi,True
20260811_131526_089,Data (1).zip,sepeda,dashboard_center,50 Hz,27,540.0,560.0,120.94,127.54,-7.945526505254943,112.60928222580502,10.836717027733313,1.7809668510070469,331,19.866863857387216,0.020000000000010232,1.9530275467154399,4.208055770149045,2.4960950363367522,0.8556962045964184,0.4016881589151083,4.385357280066362,OK,True,540.0,560.0,120.94,127.54,-7.945526505254943,112.60928222580502,10.836717027733313,1.7809668510070469,331.0,19.866863857387216,0.020000000000010232,1.9530275467154399,4.208055770149045,2.4960950363367522,0.8556962045964184,0.4016881589151083,4.385357280066362,3.5529666264877013,7.506973591706443,2.4960950363367522,1.8730499056526795,15.97751087261959,91.8,1.0,Tinggi,True
20260811_131526_089,Data (1).zip,sepeda,dashboard_center,50 Hz,28,560.0,580.0,127.56,130.18,-7.945270953847119,112.60940389419162,27.494072466352918,1.933846748511186,132,19.943722492006827,0.020000000000010232,1.0426159960484647,2.1696605206709427,0.841176139147325,0.5014109078186314,0.060769550032121235,0.9423256135641394,OK,True,560.0,580.0,127.56,130.18,-7.945270953847119,112.60940389419162,27.494072466352918,1.933846748511186,132.0,19.943722492006827,0.020000000000010232,1.0426159960484647,2.1696605206709427,0.841176139147325,0.5014109078186314,0.060769550032121235,0.9423256135641394,1.1619993610676673,2.4095365087008087,0.841176139147325,0.0803199574681509,1.1910378404215276,15.9,0.0,Rendah,False
20260811_131526_089,Data (1).zip,sepeda,dashboard_center,50 Hz,29,580.0,600.0,130.2,132.94,-7.945094891933085,112.60948319390613,26.046584953696048,1.9186695274672512,138,19.79387106847446,0.020000000000010232,1.2816207586750235,2.2987416549782997,1.0149922611848112,0.5557275765789751,0.0966097941272419,1.8860108265008304,OK,True,580.0,600.0,130.2,132.94,-7.945094891933085,112.60948319390613,26.046584953696048,1.9186695274672512,138.0,19.79387106847446,0.020000000000010232,1.2816207586750235,2.2987416549782997,1.0149922611848112,0.5557275765789751,0.0966097941272419,1.8860108265008304,1.4696120810915385,2.624153776896643,1.0149922611848112,0.13739291498928335,2.5349969936688392,39.6,2.0,Sedang,False
20260811_131526_089,Data (1).zip,sepeda,dashboard_center,50 Hz,30,600.0,620.0,132.96,136.22,-7.944922360333527,112.60955133438524,21.84349825360447,2.1,164,19.84762756945645,0.020000000000010232,0.7970463452494028,1.5800733887005336,0.7423622641163129,0.6046062663160217,0.033564460188575646,0.6606588931588798,OK,True,600.0,620.0,132.96,136.22,-7.944922360333527,112.60955133438524,21.84349825360447,2.1,164.0,19.84762756945645,0.020000000000010232,0.7970463452494028,1.5800733887005336,0.7423622641163129,0.6046062663160217,0.033564460188575646,0.6606588931588798,1.002652513014841,1.9728068488188957,0.7423622641163129,0.06057809577068187,1.084721092692242,7.7,0.0,Rendah,False
20260811_131526_089,Data (1).zip,sepeda,dashboard_center,50 Hz,31,620.0,640.0,136.24,140.42000000000002,-7.944757552174533,112.60961831230995,17.203630968818786,2.1,210,19.974583292263674,0.020000000000010232,0.8041344776419709,1.590440717295119,0.7417432141786543,0.5506998488554399,0.02554821409771841,0.41729671061186996,OK,True,620.0,640.0,136.24,140.42000000000002,-7.944757552174533,112.60961831230995,17.203630968818786,2.1,210.0,19.974583292263674,0.020000000000010232,0.8041344776419709,1.590440717295119,0.7417432141786543,0.5506998488554399,0.02554821409771841,0.41729671061186996,1.1470253997182422,2.24242197080081,0.7417432141786543,0.06371190182905037,0.8988892135821654,12.1,0.0,Rendah,False
20260811_131526_089,Data (1).zip,sepeda,dashboard_center,50 Hz,32,640.0,660.0,140.44,158.48,-7.94453627531975,112.60970868040323,9.232656905666598,2.0022417405811925,346,18.82938316134937,11.159999999999997,0.669851883104001,1.4131261257360672,0.788747901264933,1.115278170296423,0.02195107822810164,0.4951379999084128,discontinuous,False,,,,,,,,,,,,,,,,,,,,,,,,,,
20260811_131526_089,Data (1).zip,sepeda,dashboard_center,50 Hz,33,660.0,680.0,162.12,173.82,-7.944319406191462,112.60978091471807,8.433757452020885,1.729185774769494,358,19.667223610949122,4.5800000000000125,0.4055027766854063,0.8435755510501111,0.4493645176588086,1.2203044250047952,0.025840592434958745,0.13231328860539626,discontinuous,False,,,,,,,,,,,,,,,,,,,,,,,,,,
20260811_131526_089,Data (1).zip,sepeda,dashboard_center,50 Hz,34,680.0,700.0,173.84,180.0,-7.944124400538761,112.60987075565687,11.600669086814431,1.9,309,19.948588993968656,0.020000000000010232,1.873614474391239,4.759159951773088,2.6148349303297196,0.9023194575537247,0.013098279731780633,0.27195278199655937,OK,True,680.0,700.0,173.84,180.0,-7.944124400538761,112.60987075565687,11.600669086814431,1.9,309.0,19.948588993968656,0.020000000000010232,1.873614474391239,4.759159951773088,2.6148349303297196,0.9023194575537247,0.013098279731780633,0.27195278199655937,3.288459584554552,8.20072871366067,2.6148349303297196,0.05569456373421067,0.9169717851066952,90.1,2.0,Sedang,False
20260811_131526_089,Data (1).zip,sepeda,dashboard_center,50 Hz,35,700.0,720.0,180.02,182.78,-7.943938318235087,112.6099542494386,25.950793841124042,1.9,139,19.785726751082507,0.020000000000010232,0.6185016500796549,1.2193199678510271,0.48822180947711197,0.5054148440341159,0.005908119160272134,0.26824958320790415,OK,True,700.0,720.0,180.02,182.78,-7.943938318235087,112.6099542494386,25.950793841124042,1.9,139.0,19.785726751082507,0.020000000000010232,0.6185016500796549,1.2193199678510271,0.48822180947711197,0.5054148440341159,0.005908119160272134,0.26824958320790415,0.7106016040879174,1.3945413634713715,0.48822180947711197,0.008444213328790084,0.3620694286583788,0.5,0.0,Rendah,False
20260811_131526_089,Data (1).zip,sepeda,dashboard_center,50 Hz,36,720.0,740.0,182.8,185.24,-7.943750797681581,112.610033327706,29.36296371571696,1.841196816386393,123,19.816490975548504,0.020000000000010232,1.3469213037196466,2.6442545893561835,1.0691709348812324,0.40370416790092506,0.02100692560965386,2.32180222762568,OK,True,720.0,740.0,182.8,185.24,-7.943750797681581,112.610033327706,29.36296371571696,1.841196816386393,123.0,19.816490975548504,0.020000000000010232,1.3469213037196466,2.6442545893561835,1.0691709348812324,0.40370416790092506,0.02100692560965386,2.32180222762568,1.4500815413137549,2.839914599896668,1.0691709348812324,0.02539951626221265,2.7231594368926118,36.3,2.0,Sedang,False
20260811_131526_089,Data (1).zip,sepeda,dashboard_center,50 Hz,37,740.0,760.0,185.26,188.92000000000002,-7.943570579931343,112.61010974258608,19.669116253201484,8.076281313511675,184,19.94063415544133,0.020000000000010232,0.6814175012310243,1.3431066510883218,0.5760094762856304,0.6519351339913433,0.014460274704059832,0.485972600659439,OK,True,740.0,760.0,185.26,188.92000000000002,-7.943570579931343,112.61010974258608,19.669116253201484,8.076281313511675,184.0,19.94063415544133,0.020000000000010232,0.6814175012310243,1.3431066510883218,0.5760094762856304,0.6519351339913433,0.014460274704059832,0.485972600659439,0.9058286559483634,1.768886278188171,0.5760094762856304,0.0300798102833871,0.8989456625378341,3.3,0.0,Rendah,False
20260811_131526_089,Data (1).zip,sepeda,dashboard_center,50 Hz,38,760.0,780.0,188.94,293.54,-7.943414182827205,112.61017749257782,9.705541272863119,7.21073406125206,300,19.914360132605566,98.64000000000001,1.1695159264980028,2.0272389342551373,1.6985473196437242,0.5021502038434621,0.3516799390950192,1.638742350831026,discontinuous,False,,,,,,,,,,,,,,,,,,,,,,,,,,
20260811_131526_089,Data (1).zip,sepeda,dashboard_center,50 Hz,39,780.0,800.0,293.56,301.44,-7.943245749406472,112.61037578593657,9.131248406113452,1.7,395,19.97829079901726,0.020000000000038654,1.052941390502731,2.02575798273448,1.2543341243055806,1.2513582994411996,0.17008842565503512,0.8484553437634528,OK,True,780.0,800.0,293.56,301.44,-7.943245749406472,112.61037578593657,9.131248406113452,1.7,395.0,19.97829079901726,0.020000000000038654,1.052941390502731,2.02575798273448,1.2543341243055806,1.2513582994411996,0.17008842565503512,0.8484553437634528,2.0961673456441563,3.943028622037392,1.2543341243055806,1.0000851957672072,3.7557533089386106,73.1,1.0,Tinggi,False
20260811_131526_089,Data (1).zip,sepeda,dashboard_center,50 Hz,40,800.0,820.0,301.46,305.82,-7.943361021391625,112.61048524203754,16.483933341541793,1.7,219,19.9170058559813,0.020000000000038654,1.1618368917854272,2.14806004627591,1.0030758905462298,0.7029168993187619,0.0450480104066614,1.4805364362146434,OK,True,800.0,820.0,301.46,305.82,-7.943361021391625,112.61048524203754,16.483933341541793,1.7,219.0,19.9170058559813,0.020000000000038654,1.1618368917854272,2.14806004627591,1.0030758905462298,0.7029168993187619,0.0450480104066614,1.4805364362146434,1.6949507849913201,3.0952405403099728,1.0030758905462298,0.11903287899460718,3.347990300875875,46.2,2.0,Sedang,False
20260811_131526_089,Data (1).zip,sepeda,dashboard_center,50 Hz,41,820.0,840.0,305.84000000000003,311.48,-7.943522030214771,112.61061216399904,12.694841633199285,1.6,283,19.912961106476246,0.020000000000038654,0.8167273090167587,1.6333993699684375,0.7783459578020319,0.9039338701940166,0.041334378918570565,0.3794731548921071,OK,True,820.0,840.0,305.84000000000003,311.48,-7.943522030214771,112.61061216399904,12.694841633199285,1.6,283.0,19.912961106476246,0.020000000000038654,0.8167273090167587,1.6333993699684375,0.7783459578020319,0.9039338701940166,0.041334378918570565,0.3794731548921071,1.3670615955426573,2.6883574528390364,0.7783459578020319,0.15556228783395218,1.1548678871106919,29.1,0.0,Rendah,False
20260811_131526_089,Data (1).zip,sepeda,dashboard_center,50 Hz,42,840.0,860.0,311.5,320.74,-7.943637381338891,112.61071852448097,7.687076063259989,1.6,463,19.957317260165155,0.020000000000038654,1.0298001689461462,2.215992394594384,1.2407796275412044,1.3027803116552168,0.09129513385328111,0.6735109339813681,OK,True,840.0,860.0,311.5,320.74,-7.943637381338891,112.61071852448097,7.687076063259989,1.6,463.0,19.957317260165155,0.020000000000038654,1.0298001689461462,2.215992394594384,1.2407796275412044,1.3027803116552168,0.09129513385328111,0.6735109339813681,2.2445276575504174,4.70840651223058,1.2407796275412044,0.6777278451424208,3.6260441513233324,79.7,1.0,Tinggi,False
20260811_131526_089,Data (1).zip,sepeda,dashboard_center,50 Hz,43,860.0,880.0,320.76,323.36,-7.943785923218594,112.61081359462752,27.61782061991716,1.5626503643236125,131,19.769609851883843,0.020000000000038654,1.2349469487664588,2.6696185865552273,1.0252493004092114,0.40466150115945165,0.06692511206334371,0.8543246645904681,OK,True,860.0,880.0,320.76,323.36,-7.943785923218594,112.61081359462752,27.61782061991716,1.5626503643236125,131.0,19.769609851883843,0.020000000000038654,1.2349469487664588,2.6696185865552273,1.0252493004092114,0.40466150115945165,0.06692511206334371,0.8543246645904681,1.3731037868340348,2.957999314162651,1.0252493004092114,0.08791957738316475,1.0743103798810822,30.2,0.0,Rendah,False
20260811_131526_089,Data (1).zip,sepeda,dashboard_center,50 Hz,44,880.0,900.0,323.38,325.12,-7.943948545449711,112.6109352682017,41.18572023226543,1.6561675116102064,88,19.894966342334328,0.020000000000038654,1.5455539338264472,3.3090069918486416,1.1238056834915529,0.3015838225990185,0.10587393619112435,1.1046843916441555,OK,True,880.0,900.0,323.38,325.12,-7.943948545449711,112.6109352682017,41.18572023226543,1.6561675116102064,88.0,19.894966342334328,0.020000000000038654,1.5455539338264472,3.3090069918486416,1.1238056834915529,0.3015838225990185,0.10587393619112435,1.1046843916441555,1.392507633315578,2.9915218781884905,1.1238056834915529,0.08095987493498481,0.88184403091609,30.8,0.0,Rendah,False
20260811_131526_089,Data (1).zip,sepeda,dashboard_center,50 Hz,45,900.0,920.0,325.14,326.76,-7.944097919743201,112.61104424932321,43.60980170038316,1.6514460442848793,82,19.624927936901713,0.020000000000038654,1.482930168695741,2.992185178384787,1.032631410029749,0.25477800560980685,0.10590481152866563,2.139487055382724,OK,True,900.0,920.0,325.14,326.76,-7.944097919743201,112.61104424932321,43.60980170038316,1.6514460442848793,82.0,19.624927936901713,0.020000000000038654,1.482930168695741,2.992185178384787,1.032631410029749,0.25477800560980685,0.10590481152866563,2.139487055382724,1.2964697640315823,2.6274759156539087,1.032631410029749,0.07494864958026017,1.6003699112199008,28.0,0.0,Rendah,False
20260811_131526_089,Data (1).zip,sepeda,dashboard_center,50 Hz,46,920.0,940.0,326.78000000000003,328.38,-7.9442428507299265,112.6111501322179,44.535666487895995,1.8,81,19.754215988079523,0.020000000000038654,1.9191147154923678,3.4510182095612167,1.304322944000042,0.20248842082185184,0.033649656802281595,5.082626886474036,OK,True,920.0,940.0,326.78000000000003,328.38,-7.9442428507299265,112.6111501322179,44.535666487895995,1.8,81.0,19.754215988079523,0.020000000000038654,1.9191147154923678,3.4510182095612167,1.304322944000042,0.20248842082185184,0.033649656802281595,5.082626886474036,1.6593608127348272,2.998145947028448,1.304322944000042,0.023145899662239337,3.7121383351034747,51.1,2.0,Sedang,False
20260811_131526_089,Data (1).zip,sepeda,dashboard_center,50 Hz,47,940.0,960.0,328.40000000000003,330.04,-7.944386997364334,112.61126042982666,43.29266870083246,1.8,83,19.702373882639904,0.020000000000038654,2.2086765450998134,4.609176637528191,1.662974286310712,0.15226591566427186,0.06646501409153088,8.307298128640944,OK,True,940.0,960.0,328.40000000000003,330.04,-7.944386997364334,112.61126042982666,43.29266870083246,1.8,83.0,19.702373882639904,0.020000000000038654,2.2086765450998134,4.609176637528191,1.662974286310712,0.15226591566427186,0.06646501409153088,8.307298128640944,1.938393856622217,4.062443028247767,1.662974286310712,0.04750435424545445,6.2657759563040685,72.0,2.0,Sedang,False
20260811_131526_089,Data (1).zip,sepeda,dashboard_center,50 Hz,48,960.0,980.0,330.06,331.74,-7.94452911010592,112.61136953574429,42.41126530578041,1.8468038824000468,85,19.811880389031444,0.020000000000038654,3.408811515749946,6.920999691987253,2.558867141349857,0.25237382327263475,0.8208520093249869,11.026539436297853,OK,True,960.0,980.0,330.06,331.74,-7.94452911010592,112.61136953574429,42.41126530578041,1.8468038824000468,85.0,19.811880389031444,0.020000000000038654,3.408811515749946,6.920999691987253,2.558867141349857,0.25237382327263475,0.8208520093249869,11.026539436297853,3.0242265371621477,6.164252633913278,2.558867141349857,0.6032559675289069,8.513580129529835,88.5,1.0,Tinggi,False
20260811_131526_089,Data (1).zip,sepeda,dashboard_center,50 Hz,49,980.0,1000.0,331.76,333.44,-7.944673974743317,112.61148266321757,42.64531786827725,1.9,85,19.901296099312162,0.020000000000038654,2.240777063286563,4.483856914699356,1.5405530875402382,0.20099193439658686,0.5613800807817688,7.42310417097923,OK,True,980.0,1000.0,331.76,333.44,-7.944673974743317,112.61148266321757,42.64531786827725,1.9,85.0,19.901296099312162,0.020000000000038654,2.240777063286563,4.483856914699356,1.5405530875402382,0.20099193439658686,0.5613800807817688,7.42310417097923,1.9822210313932607,3.9824156107072257,1.5405530875402382,0.4095031666165056,5.69561621016942,69.8,1.0,Tinggi,False
20260811_131526_089,Data (1).zip,sepeda,dashboard_center,50 Hz,50,1000.0,1020.0,333.46,335.08,-7.944826260853347,112.6115889030396,43.451255984061,9.789928223755261,82,19.573889432384362,0.020000000000038654,2.44160912202145,4.89608474168673,1.6986106601294444,0.30653080067332944,0.3992637247975618,2.7495381980495956,OK,True,1000.0,1020.0,333.46,335.08,-7.944826260853347,112.6115889030396,43.451255984061,9.789928223755261,82.0,19.573889432384362,0.020000000000038654,2.44160912202145,4.89608474168673,1.6986106601294444,0.30653080067332944,0.3992637247975618,2.7495381980495956,2.1387021517169624,4.307293364913694,1.6986106601294444,0.2839552325293191,2.065233317950312,75.3,1.0,Tinggi,False
20260811_131526_089,Data (1).zip,sepeda,dashboard_center,50 Hz,51,1020.0,1040.0,335.1,336.76,-7.944971687135352,112.61169751547646,43.34340375817045,8.449690470902691,84,19.924969753548794,0.020000000000038654,3.2222901204084504,6.7145970767425105,2.57216731954232,0.1505648458746431,0.32521756237613825,2.80339744944689,OK,True,1020.0,1040.0,335.1,336.76,-7.944971687135352,112.61169751547646,43.34340375817045,8.449690470902691,84.0,19.924969753548794,0.020000000000038654,3.2222901204084504,6.7145970767425105,2.57216731954232,0.1505648458746431,0.32521756237613825,2.80339744944689,2.8262257199514402,5.914594059975858,2.57216731954232,0.23207348936754554,2.1116471141712014,87.4,1.0,Tinggi,False
20260811_131526_089,Data (1).zip,sepeda,dashboard_center,50 Hz,52,1040.0,1060.0,336.78000000000003,338.48,-7.945110262079027,112.61180472765881,41.486542132398455,7.421081362249063,86,19.639151734369534,0.020000000000038654,1.7143401324362633,3.3235375777467935,1.2938286877162903,0.20367478463949096,0.0828169821832041,2.454428480785485,OK,True,1040.0,1060.0,336.78000000000003,338.48,-7.945110262079027,112.61180472765881,41.486542132398455,7.421081362249063,86.0,19.639151734369534,0.020000000000038654,1.7143401324362633,3.3235375777467935,1.2938286877162903,0.20367478463949096,0.0828169821832041,2.454428480785485,1.5386754697281264,2.993547203565763,1.2938286877162903,0.06270763249771895,1.9431665776910476,44.0,2.0,Sedang,False
20260811_131526_089,Data (1).zip,sepeda,dashboard_center,50 Hz,53,1060.0,1080.0,338.5,340.16,-7.945262409160009,112.61190560734495,43.10299587970512,7.810099425083505,84,19.908720765254657,0.020000000000038654,2.1984181301931134,4.637663805770448,1.5658096145850637,0.20091697739720824,0.3626705227868198,6.623678126317157,OK,True,1060.0,1080.0,338.5,340.16,-7.945262409160009,112.61190560734495,43.10299587970512,7.810099425083505,84.0,19.908720765254657,0.020000000000038654,2.1984181301931134,4.637663805770448,1.5658096145850637,0.20091697739720824,0.3626705227868198,6.623678126317157,1.9338544651073308,4.096698070308638,1.5658096145850637,0.26075625247168,5.02091231436448,71.4,1.0,Tinggi,False
20260811_131526_089,Data (1).zip,sepeda,dashboard_center,50 Hz,54,1080.0,1100.0,340.18,341.74,-7.945417540716554,112.61200999811011,45.4166771969367,7.8,79,19.639632488052712,0.020000000000038654,2.2957785736162206,4.693119182944671,1.643573371711285,0.20366979893505144,0.31716639983731526,5.623913227080352,OK,True,1080.0,1100.0,340.18,341.74,-7.945417540716554,112.61200999811011,45.4166771969367,7.8,79.0,19.639632488052712,0.020000000000038654,2.2957785736162206,4.693119182944671,1.643573371711285,0.20366979893505144,0.31716639983731526,5.623913227080352,1.9646831610844302,4.036790058325594,1.643573371711285,0.21245190922795784,4.016989572068365,70.9,1.0,Tinggi,False
20260811_131526_089,Data (1).zip,sepeda,dashboard_center,50 Hz,55,1100.0,1120.0,341.76,343.3,-7.945566513564085,112.61210957094502,46.134584424056776,7.8,78,19.741361059427163,0.020000000000038654,3.1577207959935434,5.801794580818741,2.207509440624724,0.1519652059941125,0.45672099876898753,4.927723291163694,OK,True,1100.0,1120.0,341.76,343.3,-7.945566513564085,112.61210957094502,46.134584424056776,7.8,78.0,19.741361059427163,0.020000000000038654,3.1577207959935434,5.801794580818741,2.207509440624724,0.1519652059941125,0.45672099876898753,4.927723291163694,2.6801033919963015,4.9507325007183445,2.207509440624724,0.2995030517920458,3.4575086512985855,81.9,1.0,Tinggi,False
20260811_131526_089,Data (1).zip,sepeda,dashboard_center,50 Hz,56,1120.0,1140.0,343.32,344.86,-7.945719774977963,112.61221558194902,46.19244417041599,7.73412691775568,78,19.783707523072053,0.020000000000038654,2.107960872196191,3.893324321556801,1.3836162411580344,0.20218657171994384,0.15183755618892733,4.2653240743224785,OK,True,1120.0,1140.0,343.32,344.86,-7.945719774977963,112.61221558194902,46.19244417041599,7.73412691775568,78.0,19.783707523072053,0.020000000000038654,2.107960872196191,3.893324321556801,1.3836162411580344,0.20218657171994384,0.15183755618892733,4.2653240743224785,1.7879439107703108,3.320095599190308,1.3836162411580344,0.09940137567555386,2.988477809022182,58.8,2.0,Sedang,False
20260811_131526_089,Data (1).zip,sepeda,dashboard_center,50 Hz,57,1140.0,1160.0,344.88,346.40000000000003,-7.945871358711405,112.61231828409798,46.70674954333138,7.7,77,19.687952704984582,0.020000000000038654,2.3901611197130017,4.633347644648165,1.565504966220766,0.2539624142196412,0.21305790365501892,6.103222541523162,OK,True,1140.0,1160.0,344.88,346.40000000000003,-7.945871358711405,112.61231828409798,46.70674954333138,7.7,77.0,19.687952704984582,0.020000000000038654,2.3901611197130017,4.633347644648165,1.565504966220766,0.2539624142196412,0.21305790365501892,6.103222541523162,2.015522940715511,3.92895345663583,1.565504966220766,0.13740398401402992,4.222689964782599,70.9,1.0,Tinggi,False
20260811_131526_089,Data (1).zip,sepeda,dashboard_center,50 Hz,58,1160.0,1180.0,346.42,347.94,-7.946025799024326,112.61242428021521,46.696480419092936,7.7,77,19.693065730124317,0.020000000000038654,1.4452694906646635,2.837716498539481,1.0121486905706136,0.15233788588898706,0.11624013237621764,3.0373354489983324,OK,True,1160.0,1180.0,346.42,347.94,-7.946025799024326,112.61242428021521,46.696480419092936,7.7,77.0,19.693065730124317,0.020000000000038654,1.4452694906646635,2.837716498539481,1.0121486905706136,0.15233788588898706,0.11624013237621764,3.0373354489983324,1.2188763818479433,2.406576199887055,1.0121486905706136,0.07498719074754934,2.1019933536291444,25.8,0.0,Rendah,False
20260811_131526_089,Data (1).zip,sepeda,dashboard_center,50 Hz,59,1180.0,1200.0,347.96,349.52,-7.946177711682818,112.61253125268547,45.89522738094539,7.7,79,19.89602894577547,0.020000000000038654,2.320126019420765,4.162211009297687,1.4794609475541858,0.3015677156658933,0.6115443542850858,4.4435370588558145,OK,True,1180.0,1200.0,347.96,349.52,-7.946177711682818,112.61253125268547,45.89522738094539,7.7,79.0,19.89602894577547,0.020000000000038654,2.320126019420765,4.162211009297687,1.4794609475541858,0.3015677156658933,0.6115443542850858,4.4435370588558145,1.974596364642713,3.5610761469566516,1.4794609475541858,0.40386599438148807,3.1362783069547606,68.1,1.0,Tinggi,False
20260811_131526_089,Data (1).zip,sepeda,dashboard_center,50 Hz,60,1200.0,1220.0,349.54,351.14,-7.946328032331137,112.61263247383312,44.376640213263094,7.7,81,19.71021478834291,0.020000000000038654,1.9472989189225225,3.5955629192663348,1.3166315534778004,0.2536755714583648,0.046794414429070036,3.146306645006396,OK,True,1200.0,1220.0,349.54,351.14,-7.946328032331137,112.61263247383312,44.376640213263094,7.7,81.0,19.71021478834291,0.020000000000038654,1.9472989189225225,3.5955629192663348,1.3166315534778004,0.2536755714583648,0.046794414429070036,3.146306645006396,1.6869030749056975,3.129415904947367,1.3166315534778004,0.03234380467868158,2.3072970426944805,52.2,2.0,Sedang,False
20260811_131526_089,Data (1).zip,sepeda,dashboard_center,50 Hz,61,1220.0,1240.0,351.16,352.8,-7.946476845994392,112.61273724872753,43.229248377955145,7.7,83,19.75770659691716,0.020000000000038654,1.934292547524507,3.501781673225539,1.365490238374387,0.3036789705610971,0.04608083573196723,3.0096074699574875,OK,True,1220.0,1240.0,351.16,352.8,-7.946476845994392,112.61273724872753,43.229248377955145,7.7,83.0,19.75770659691716,0.020000000000038654,1.934292547524507,3.501781673225539,1.365490238374387,0.3036789705610971,0.04608083573196723,3.0096074699574875,1.6988973526163083,3.0887098572269567,1.365490238374387,0.033000672545304734,2.2737823322172135,53.8,2.0,Sedang,False
20260811_131526_089,Data (1).zip,sepeda,dashboard_center,50 Hz,62,1240.0,1260.0,352.82,354.42,-7.946625876407305,112.61284378779172,44.61473174850458,7.7,81,19.793308648094126,0.020000000000038654,1.8262386411891705,3.592456387428917,1.2753951452999426,0.15156637292617908,0.04307467162222221,4.338672503964184,OK,True,1240.0,1260.0,352.82,354.42,-7.946625876407305,112.61284378779172,44.61473174850458,7.7,81.0,19.793308648094126,0.020000000000038654,1.8262386411891705,3.592456387428917,1.2753951452999426,0.15156637292617908,0.04307467162222221,4.338672503964184,1.5775822236295058,3.1182064450316704,1.2753951452999426,0.029557812525624262,3.1624003108654315,47.8,2.0,Sedang,False
20260811_131526_089,Data (1).zip,sepeda,dashboard_center,50 Hz,63,1260.0,1280.0,354.44,355.98,-7.946772531621177,112.61294551327373,45.933295075112085,7.7,78,19.69600796029431,0.020000000000038654,2.262911453129479,4.153142345336844,1.4705365400515868,0.20308683912312095,0.09296554749817049,6.330053497000105,OK,True,1260.0,1280.0,354.44,355.98,-7.946772531621177,112.61294551327373,45.933295075112085,7.7,78.0,19.69600796029431,0.020000000000038654,2.262911453129479,4.153142345336844,1.4705365400515868,0.20308683912312095,0.09296554749817049,6.330053497000105,1.9250624137807735,3.5518177756568035,1.4705365400515868,0.061325878101828095,4.463584118497682,63.7,2.0,Sedang,False
20260811_131526_089,Data (1).zip,sepeda,dashboard_center,50 Hz,64,1280.0,1300.0,356.0,357.5,-7.946922674792412,112.61304707341857,47.61314938808006,7.7,76,19.77446160241152,0.020000000000038654,2.594808059248447,5.452789164270601,1.7944812611364802,0.2528513848078799,0.7936445851753549,8.742239994533767,OK,True,1280.0,1300.0,356.0,357.5,-7.946922674792412,112.61304707341857,47.61314938808006,7.7,76.0,19.77446160241152,0.020000000000038654,2.594808059248447,5.452789164270601,1.7944812611364802,0.2528513848078799,0.7936445851753549,8.742239994533767,2.166071135900426,4.5787959074645315,1.7944812611364802,0.4986830585484613,5.9178094607451,79.1,1.0,Tinggi,False
20260811_131526_089,Data (1).zip,sepeda,dashboard_center,50 Hz,65,1300.0,1320.0,357.52,359.06,-7.947071639483465,112.61315372285077,46.25196241834281,7.7,78,19.66897293866282,0.020000000000038654,2.1913290598357444,4.350151436260312,1.4859546569044582,0.15252448662954707,0.15314532961018815,4.5577999604724715,OK,True,1300.0,1320.0,357.52,359.06,-7.947071639483465,112.61315372285077,46.25196241834281,7.7,78.0,19.66897293866282,0.020000000000038654,2.1913290598357444,4.350151436260312,1.4859546569044582,0.15252448662954707,0.15314532961018815,4.5577999604724715,1.85739653057621,3.707231392606157,1.4859546569044582,0.10008285803054778,3.1887272026242814,64.3,2.0,Sedang,False
20260811_131526_089,Data (1).zip,sepeda,dashboard_center,50 Hz,66,1320.0,1340.0,359.08,360.88,-7.947216343689925,112.61325944703434,39.46768130579521,7.7,91,19.723620879290365,0.020000000000038654,1.7980413325622893,3.489447955547135,1.3676711734625782,0.20280251909526237,0.2227236653304926,0.9856471727878636,OK,True,1320.0,1340.0,359.08,360.88,-7.947216343689925,112.61325944703434,39.46768130579521,7.7,91.0,19.723620879290365,0.020000000000038654,1.7980413325622893,3.489447955547135,1.3676711734625782,0.20280251909526237,0.2227236653304926,0.9856471727878636,1.6567315207673383,3.2238272135806954,1.3676711734625782,0.18042845095696047,0.8258806224675658,50.5,2.0,Sedang,False
20260811_131526_089,Data (1).zip,sepeda,dashboard_center,50 Hz,67,1340.0,1360.0,360.90000000000003,363.0,-7.947356327093061,112.61336439517842,33.79167852193042,7.7,106,19.995926962569683,0.020000000000038654,1.6875472186923648,3.2349164867991265,1.4094172815795472,0.25005092333851214,0.08795640607049207,0.7512331435483386,OK,True,1340.0,1360.0,360.90000000000003,363.0,-7.947356327093061,112.61336439517842,33.79167852193042,7.7,106.0,19.995926962569683,0.020000000000038654,1.6875472186923648,3.2349164867991265,1.4094172815795472,0.25005092333851214,0.08795640607049207,0.7512331435483386,1.687318934412792,3.234493191705404,1.4094172815795472,0.08792579564093335,0.7510135921475495,52.7,2.0,Sedang,False
20260811_131526_089,Data (1).zip,sepeda,dashboard_center,50 Hz,68,1360.0,1380.0,363.02,364.8,-7.947505067674033,112.61347471432376,39.92160167272908,7.7,90,19.62262124586482,0.020000000000038654,2.05236006302975,4.030010917057124,1.4886480798913557,0.35673113761369407,0.1378297949099601,3.57722582052149,OK,True,1360.0,1380.0,363.02,364.8,-7.947505067674033,112.61347471432376,39.92160167272908,7.7,90.0,19.62262124586482,0.020000000000038654,2.05236006302975,4.030010917057124,1.4886480798913557,0.35673113761369407,0.1378297949099601,3.57722582052149,1.8797161660728168,3.701629885498345,1.4886480798913557,0.10994026669224097,2.9586588078023666,65.4,2.0,Sedang,False
20260811_131526_089,Data (1).zip,sepeda,dashboard_center,50 Hz,69,1380.0,1400.0,364.82,366.46,-7.947654083903415,112.61357570233803,43.40226063645641,7.7,83,19.741594417853094,0.020000000000038654,1.5194446148619842,2.9923663575079567,1.1178026064986377,0.25327234944500254,0.07952547199082352,1.2620453606291648,OK,True,1380.0,1400.0,364.82,366.46,-7.947654083903415,112.61357570233803,43.40226063645641,7.7,83.0,19.741594417853094,0.020000000000038654,1.5194446148619842,2.9923663575079567,1.1178026064986377,0.25327234944500254,0.07952547199082352,1.2620453606291648,1.3317322468528148,2.634024013763556,1.1178026064986377,0.05664476372345973,0.949164516717606,25.8,0.0,Rendah,False
20260811_131526_089,Data (1).zip,sepeda,dashboard_center,50 Hz,70,1400.0,1420.0,366.48,368.24,-7.947802512575043,112.61366817473106,40.645273500788925,7.7,89,19.782001007669805,0.020000000000038654,1.4106845452016186,2.718488588734295,1.036615120222654,0.4044080271201214,0.1033070061956369,0.8873271230737825,OK,True,1400.0,1420.0,366.48,368.24,-7.947802512575043,112.61366817473106,40.645273500788925,7.7,89.0,19.782001007669805,0.020000000000038654,1.4106845452016186,2.718488588734295,1.036615120222654,0.4044080271201214,0.1033070061956369,0.8873271230737825,1.2798599747252437,2.4742432998684483,1.036615120222654,0.08042268262720113,0.7190522779798988,20.9,0.0,Rendah,False
20260811_131526_089,Data (1).zip,sepeda,dashboard_center,50 Hz,71,1420.0,1440.0,368.26,370.62,-7.947949338880208,112.61375715703389,30.267198217264752,7.7,119,19.956279529046014,0.020000000000038654,1.1590963576236062,2.1570218152624085,0.9037047031545039,0.3507667844505597,0.04322862374270163,1.0945358002451122,OK,True,1420.0,1440.0,368.26,370.62,-7.947949338880208,112.61375715703389,30.267198217264752,7.7,119.0,19.956279529046014,0.020000000000038654,1.1590963576236062,2.1570218152624085,0.9037047031545039,0.3507667844505597,0.04322862374270163,1.0945358002451122,1.2281099834652272,2.2811339779641866,0.9037047031545039,0.05016462418323261,1.240222079311506,16.5,0.0,Rendah,False
20260811_131526_089,Data (1).zip,sepeda,dashboard_center,50 Hz,72,1440.0,1460.0,370.64,372.84000000000003,-7.94809046185162,112.61384879485162,31.93244432489048,7.7,111,19.66287102378533,0.020000000000038654,1.3294882746443508,2.483909490560654,0.9853611870308651,0.4068581841544271,0.026468298302089417,2.234345545143308,OK,True,1440.0,1460.0,370.64,372.84000000000003,-7.94809046185162,112.61384879485162,31.93244432489048,7.7,111.0,19.66287102378533,0.020000000000038654,1.3294882746443508,2.483909490560654,0.9853611870308651,0.4068581841544271,0.026468298302089417,2.234345545143308,1.369495883080683,2.5561767184637376,0.9853611870308651,0.028566408395809508,2.3821591350410523,23.1,0.0,Rendah,False
20260811_131526_089,Data (1).zip,sepeda,dashboard_center,50 Hz,73,1460.0,1480.0,372.86,374.54,-7.9482347989657,112.61397650601023,43.0099923156761,7.7,85,19.922827378735292,0.020000000000038654,2.582782854351912,5.776896069759785,2.0062115437542323,0.2007747155541495,0.9387750678085218,2.612327408767436,OK,True,1460.0,1480.0,372.86,374.54,-7.9482347989657,112.61397650601023,43.0099923156761,7.7,85.0,19.922827378735292,0.020000000000038654,2.582782854351912,5.776896069759785,2.0062115437542323,0.2007747155541495,0.9387750678085218,2.612327408767436,2.274547939748714,5.108657792059191,2.0062115437542323,0.6769464259992543,1.9850787274030894,83.0,1.0,Tinggi,False
20260811_131526_089,Data (1).zip,sepeda,dashboard_center,50 Hz,74,1480.0,1500.0,374.56,376.0,-7.948385119788597,112.614099308766,48.892527017367854,7.7,73,19.60242622524902,0.020000000000038654,1.7478707408982508,3.4615601078938143,1.1563903331979362,0.2040563731262907,0.2934291916706971,2.1842854124587996,OK,True,1480.0,1500.0,374.56,376.0,-7.948385119788597,112.614099308766,48.892527017367854,7.7,73.0,19.60242622524902,0.020000000000038654,1.7478707408982508,3.4615601078938143,1.1563903331979362,0.2040563731262907,0.2934291916706971,2.1842854124587996,1.4388523963507052,2.867755491892852,1.1563903331979362,0.17787237835316178,1.4346738787276718,37.9,2.0,Sedang,False
20260811_131526_089,Data (1).zip,sepeda,dashboard_center,50 Hz,75,1500.0,1520.0,376.02,377.42,-7.948529964357466,112.61421920894323,50.83466290076516,7.7,71,19.679870714333447,0.020000000000038654,1.8887712390626192,4.1848482573407875,1.3675039140742775,0.1524400258287779,0.4448346813179561,2.9684176950653667,OK,True,1500.0,1520.0,376.02,377.42,-7.948529964357466,112.61421920894323,50.83466290076516,7.7,71.0,19.679870714333447,0.020000000000038654,1.8887712390626192,4.1848482573407875,1.3675039140742775,0.1524400258287779,0.4448346813179561,2.9684176950653667,1.5232906707327563,3.3988940958462734,1.3675039140742775,0.25579716012602427,1.8652276406198782,57.1,2.0,Sedang,False
20260811_131526_089,Data (1).zip,sepeda,dashboard_center,50 Hz,76,1520.0,1540.0,377.44,378.96,-7.948673124818454,112.6143365787945,47.22589624471813,7.7,77,19.885074102885255,0.020000000000038654,1.050293576356723,1.8505497319024315,0.7045585871912289,0.3017338516797089,0.06448109522870052,0.7180907290749835,OK,True,1520.0,1540.0,377.44,378.96,-7.948673124818454,112.6143365787945,47.22589624471813,7.7,77.0,19.885074102885255,0.020000000000038654,1.050293576356723,1.8505497319024315,0.7045585871912289,0.3017338516797089,0.06448109522870052,0.7180907290749835,0.8805312694167419,1.5604105995121935,0.7045585871912289,0.04096694574523656,0.4906259923773559,2.7,0.0,Rendah,False
20260811_131526_089,Data (1).zip,sepeda,dashboard_center,50 Hz,77,1540.0,1560.0,378.98,380.52,-7.948817735944311,112.61445959157092,46.19007912142405,7.7,78,19.79610920090795,0.020000000000038654,1.6526795704292037,3.294069302027615,1.1612717510216897,0.1515449308524932,0.0633582440665993,4.141164521771717,OK,True,1540.0,1560.0,378.98,380.52,-7.948817735944311,112.61445959157092,46.19007912142405,7.7,78.0,19.79610920090795,0.020000000000038654,1.6526795704292037,3.294069302027615,1.1612717510216897,0.1515449308524932,0.0633582440665993,4.141164521771717,1.4018182402494102,2.809144361405523,1.1612717510216897,0.04148073401805365,2.901654977665637,35.2,2.0,Sedang,False
20260811_131526_089,Data (1).zip,sepeda,dashboard_center,50 Hz,78,1560.0,1580.0,380.54,382.04,-7.948960361638491,112.61457767800763,46.97553273889318,7.7,76,19.591495939921742,0.020000000000038654,1.9099217830159383,3.653152925565875,1.300162448751537,0.30625532722969634,1.2410500338577668,2.0428428268592462,OK,True,1560.0,1580.0,380.54,382.04,-7.948960361638491,112.61457767800763,46.97553273889318,7.7,76.0,19.591495939921742,0.020000000000038654,1.9099217830159383,3.653152925565875,1.300162448751537,0.30625532722969634,1.2410500338577668,2.0428428268592462,1.6057006976342367,3.088738842618933,1.300162448751537,0.7941753971418966,1.4042071926969772,48.4,2.0,Sedang,False
20260811_131526_089,Data (1).zip,sepeda,dashboard_center,50 Hz,79,1580.0,1600.0,382.06,383.6,-7.949101037190372,112.6146923650804,46.233795577457364,7.7,78,19.72887037999294,0.020000000000038654,1.9855082036797358,3.443791412652637,1.2741809443197232,0.3548099746804918,1.052344596253923,3.0919172243235695,OK,True,1580.0,1600.0,382.06,383.6,-7.949101037190372,112.6146923650804,46.233795577457364,7.7,78.0,19.72887037999294,0.020000000000038654,1.9855082036797358,3.443791412652637,1.2741809443197232,0.3548099746804918,1.052344596253923,3.0919172243235695,1.6832883249795718,2.9354116524267635,1.2741809443197232,0.6880895301073141,2.16413312907201,51.6,2.0,Sedang,False
20260811_131526_089,Data (1).zip,sepeda,dashboard_center,50 Hz,80,1600.0,1620.0,383.62,385.3,-7.949241970677506,112.61481345851523,42.70784182734833,7.7,85,19.9132189088034,0.020000000000038654,1.7405438625376954,3.4924556896364862,1.3254533506204744,0.3013073892010232,0.16232465054414186,4.729039468248408,OK,True,1600.0,1620.0,383.62,385.3,-7.949241970677506,112.61481345851523,42.70784182734833,7.7,85.0,19.9132189088034,0.020000000000038654,1.7405438625376954,3.4924556896364862,1.3254533506204744,0.3013073892010232,0.16232465054414186,4.729039468248408,1.5385213893149963,3.099572717542678,1.3254533506204744,0.11817433383791362,3.622468300519861,47.3,2.0,Sedang,False
20260811_131526_089,Data (1).zip,sepeda,dashboard_center,50 Hz,81,1620.0,1640.0,385.32,387.40000000000003,-7.949370731165565,112.61493417956191,33.86307389309657,7.7,105,19.611340517595863,0.020000000000038654,1.7456642825277386,3.660771271515136,1.4895554526051744,0.20396361974394786,0.07161845814084017,1.3165247938873417,OK,True,1620.0,1640.0,385.32,387.40000000000003,-7.949370731165565,112.61493417956191,33.86307389309657,7.7,105.0,19.611340517595863,0.020000000000038654,1.7456642825277386,3.660771271515136,1.4895554526051744,0.20396361974394786,0.07161845814084017,1.3165247938873417,1.7434904266338431,3.656361555766067,1.4895554526051744,0.07138921432474321,1.3129851413848612,56.0,2.0,Sedang,False
20260811_131526_089,Data (1).zip,sepeda,dashboard_center,50 Hz,82,1640.0,1660.0,387.42,390.18,-7.949490992102461,112.6150503772629,26.04107197384409,7.7,139,19.95071640504989,0.020000000000038654,1.3790459421559886,2.7860684749477382,1.2359416324270112,0.35086459342523524,0.032475729531044176,1.1359011539107613,OK,True,1640.0,1660.0,387.42,390.18,-7.949490992102461,112.6150503772629,26.04107197384409,7.7,139.0,19.95071640504989,0.020000000000038654,1.3790459421559886,2.7860684749477382,1.2359416324270112,0.35086459342523524,0.032475729531044176,1.1359011539107613,1.5815040117756756,3.180809812010342,1.2359416324270112,0.04619836255914581,1.5271382123169575,45.1,2.0,Sedang,False
20260811_131526_089,Data (1).zip,sepeda,dashboard_center,50 Hz,83,1660.0,1680.0,390.2,393.7,-7.949612348087227,112.61518915091284,20.428482401401087,7.7,176,19.86115347951454,0.020000000000038654,0.9675761749159743,2.1548152995361636,0.8845618778636997,0.6041945153073411,0.016817051423005155,0.4223505387102924,OK,True,1660.0,1680.0,390.2,393.7,-7.949612348087227,112.61518915091284,20.428482401401087,7.7,176.0,19.86115347951454,0.020000000000038654,0.9675761749159743,2.1548152995361636,0.8845618778636997,0.6041945153073411,0.016817051423005155,0.4223505387102924,1.2608394452285856,2.783713106734125,0.8845618778636997,0.03323315554637286,0.7483208757864732,16.5,0.0,Rendah,False
20260811_131526_089,Data (1).zip,sepeda,dashboard_center,50 Hz,84,1680.0,1700.0,393.72,398.44,-7.9496956988021665,112.61532647086689,15.149758757248023,7.7,237,19.87208191284435,0.020000000000038654,0.9676771296378455,1.9484936032657647,0.9830289633083619,0.6038622451653534,0.06653059346609577,0.5507573299570401,OK,True,1680.0,1700.0,393.72,398.44,-7.9496956988021665,112.61532647086689,15.149758757248023,7.7,237.0,19.87208191284435,0.020000000000038654,0.9676771296378455,1.9484936032657647,0.9830289633083619,0.6038622451653534,0.06653059346609577,0.5507573299570401,1.4758209710648273,2.9309427091171765,0.9830289633083619,0.1970823906467917,1.3709013484588346,39.0,0.0,Rendah,False
20260811_131526_089,Data (1).zip,sepeda,dashboard_center,50 Hz,85,1700.0,1720.0,398.46000000000004,401.58,-7.949643837022874,112.6154733954065,22.951430318104297,7.7,157,19.928804803842695,0.020000000000038654,2.025889207797732,4.240575644025734,1.7964792135169885,0.5017862384838948,0.5002298249998491,4.91137643227341,OK,True,1700.0,1720.0,398.46000000000004,401.58,-7.949643837022874,112.6154733954065,22.951430318104297,7.7,157.0,19.928804803842695,0.020000000000038654,2.025889207797732,4.240575644025734,1.7964792135169885,0.5017862384838948,0.5002298249998491,4.91137643227341,2.4829835890324015,5.1628945621338085,1.7964792135169885,0.8443237318033578,7.622726746274574,84.1,1.0,Tinggi,False
20260811_131526_089,Data (1).zip,sepeda,dashboard_center,50 Hz,86,1720.0,1740.0,401.6,403.94,-7.949501830116487,112.61559441687267,30.510537525920984,7.7,118,19.841602239063604,0.020000000000038654,1.7414017843852856,3.810330820752944,1.388558460795727,0.3023949340233907,0.09159119796575746,2.100625300534548,OK,True,1720.0,1740.0,401.6,403.94,-7.949501830116487,112.61559441687267,30.510537525920984,7.7,118.0,19.841602239063604,0.020000000000038654,1.7414017843852856,3.810330820752944,1.388558460795727,0.3023949340233907,0.09159119796575746,2.100625300534548,1.8373269945043256,4.01317915018806,1.388558460795727,0.10514068128396502,2.358650708399582,60.4,2.0,Sedang,False
20260811_131526_089,Data (1).zip,sepeda,dashboard_center,50 Hz,87,1740.0,1760.0,403.96000000000004,406.04,-7.949355502802546,112.61571436651228,34.438472395274594,7.7,105,19.841085513175358,0.020000000000038654,2.837864563844176,5.441729129607702,2.2777202547261486,0.2520023411360119,0.11805635738178334,10.299088017322292,OK,True,1740.0,1760.0,403.96000000000004,406.04,-7.949355502802546,112.61571436651228,34.438472395274594,7.7,105.0,19.841085513175358,0.020000000000038654,2.837864563844176,5.441729129607702,2.2777202547261486,0.2520023411360119,0.11805635738178334,10.299088017322292,2.8093080940966697,5.388752953599123,2.2777202547261486,0.11502395849755447,10.07647782520393,86.3,1.0,Tinggi,False
20260811_131526_089,Data (1).zip,sepeda,dashboard_center,50 Hz,88,1760.0,1780.0,406.06,408.06,-7.949210166418446,112.6158283641621,35.61493586852658,7.7,101,19.78303447184112,0.020000000000038654,2.2308105265579132,4.899505321959523,1.82816166216616,0.3032901756573448,0.26667097824595787,8.627604917332787,OK,True,1760.0,1780.0,406.06,408.06,-7.949210166418446,112.6158283641621,35.61493586852658,7.7,101.0,19.78303447184112,0.020000000000038654,2.2308105265579132,4.899505321959523,1.82816166216616,0.3032901756573448,0.26667097824595787,8.627604917332787,2.1696651058844636,4.769545506163796,1.82816166216616,0.24826787705308215,8.12478320716571,80.8,1.0,Tinggi,False
20260811_131526_089,Data (1).zip,sepeda,dashboard_center,50 Hz,89,1780.0,1800.0,408.08,410.06,-7.949070247128574,112.61594016297042,36.03907027619692,7.7,100,19.835075373601285,0.020000000000038654,1.1901843618513548,2.2900560170433013,0.8683982104437094,0.20166295941197396,0.04634260003879221,1.2783167111223988,OK,True,1780.0,1800.0,408.08,410.06,-7.949070247128574,112.61594016297042,36.03907027619692,7.7,100.0,19.835075373601285,0.020000000000038654,1.1901843618513548,2.2900560170433013,0.8683982104437094,0.20166295941197396,0.04634260003879221,1.2783167111223988,1.150372203997975,2.215916972699584,0.8683982104437094,0.04245835192085534,1.187718880886473,12.1,0.0,Rendah,False
20260811_131526_089,Data (1).zip,sepeda,dashboard_center,50 Hz,90,1800.0,1820.0,410.08,412.0,-7.948930838873292,112.6160517951279,36.90278394590624,7.7,97,19.75597110506078,0.020000000000038654,2.175880230850858,4.067437364164312,1.593461366967719,0.20247043178633428,0.46616783749404334,2.243821978588895,OK,True,1800.0,1820.0,410.08,412.0,-7.948930838873292,112.6160517951279,36.90278394590624,7.7,97.0,19.75597110506078,0.020000000000038654,2.175880230850858,4.067437364164312,1.593461366967719,0.20247043178633428,0.46616783749404334,2.243821978588895,2.0770451236124607,3.888589451718484,1.593461366967719,0.4136159414466081,2.0294007350687857,72.0,1.0,Tinggi,False
20260811_131526_089,Data (1).zip,sepeda,dashboard_center,50 Hz,91,1820.0,1840.0,412.02,413.84000000000003,-7.948789401443904,112.61616399154204,39.170890639085066,7.7,92,19.731487783602233,0.020000000000038654,4.055688470495687,8.361169832577406,3.0596626091870704,0.20272166214066142,5.844099649408706,14.392893232419656,OK,True,1820.0,1840.0,412.02,413.84000000000003,-7.948789401443904,112.61616399154204,39.170890639085066,7.7,92.0,19.731487783602233,0.020000000000038654,4.055688470495687,8.361169832577406,3.0596626091870704,0.20272166214066142,5.844099649408706,14.392893232419656,3.751822834191968,7.75444861125295,3.0596626091870704,4.7829436874647655,12.163863201649843,92.9,1.0,Tinggi,True
20260811_131526_089,Data (1).zip,sepeda,dashboard_center,50 Hz,92,1840.0,1860.0,413.86,415.58,-7.948649919779194,112.61626505705681,41.41933680245984,7.728669484003201,87,19.80624676853381,0.020000000000038654,1.7083542132675174,3.492521059311369,1.1854980564268895,0.25244560761221563,0.4165436001757463,3.4299485208736797,OK,True,1840.0,1860.0,413.86,415.58,-7.948649919779194,112.61626505705681,41.41933680245984,7.728669484003201,87.0,19.80624676853381,0.020000000000038654,1.7083542132675174,3.492521059311369,1.1854980564268895,0.25244560761221563,0.4165436001757463,3.4299485208736797,1.5346117581832215,3.1483498935259773,1.1854980564268895,0.3160930126082762,2.720494715774317,50.0,2.0,Sedang,False
20260811_131526_089,Data (1).zip,sepeda,dashboard_center,50 Hz,93,1860.0,1880.0,415.6,417.12,-7.94851129324192,112.61637312904145,46.73898321303734,7.8,77,19.757712566849705,0.020000000000038654,1.5627320110338423,3.309828081509529,1.057311909235325,0.30367887880234906,0.2947251004265798,1.1411747666922771,OK,True,1860.0,1880.0,415.6,417.12,-7.94851129324192,112.61637312904145,46.73898321303734,7.8,77.0,19.757712566849705,0.020000000000038654,1.5627320110338423,3.309828081509529,1.057311909235325,0.30367887880234906,0.2947251004265798,1.1411747666922771,1.3173081882947069,2.8056591269084405,1.057311909235325,0.1898948065017841,0.788935420902044,31.9,0.0,Rendah,False
20260811_131526_089,Data (1).zip,sepeda,dashboard_center,50 Hz,94,1880.0,1900.0,417.14,418.58,-7.948367034010395,112.6164915574815,49.10355343654066,7.7,73,19.57172243807736,0.020000000000038654,2.159993205721091,4.10295057429095,1.483903640445394,0.2554706166419136,1.0149850989703748,2.279047168915161,OK,True,1880.0,1900.0,417.14,418.58,-7.948367034010395,112.6164915574815,49.10355343654066,7.7,73.0,19.57172243807736,0.020000000000038654,2.159993205721091,4.10295057429095,1.483903640445394,0.2554706166419136,1.0149850989703748,2.279047168915161,1.774087037494185,3.3916757633312864,1.483903640445394,0.6116909888350437,1.4896019475719386,57.7,2.0,Sedang,False
20260811_131526_089,Data (1).zip,sepeda,dashboard_center,50 Hz,95,1900.0,1920.0,418.6,420.06,-7.948233967006519,112.61660856216784,48.97575780752803,7.7,74,19.885257620594757,0.020000000000038654,7.64447939765847,13.985788011413414,5.685227282702962,0.2514425558571392,21.433105500495827,63.749548069215514,OK,True,1900.0,1920.0,418.6,420.06,-7.948233967006519,112.61660856216784,48.97575780752803,7.7,74.0,19.885257620594757,0.020000000000038654,7.64447939765847,13.985788011413414,5.685227282702962,0.2514425558571392,21.433105500495827,63.749548069215514,6.287327541911824,11.576602928406176,5.685227282702962,12.96253798169529,41.79082620945756,97.8,1.0,Tinggi,True
20260811_131526_089,Data (1).zip,sepeda,dashboard_center,50 Hz,96,1920.0,1940.0,420.08,421.54,-7.948087583633649,112.61671066231457,48.417560700873324,7.7,74,19.566857346995675,0.020000000000038654,2.1538759478211524,4.204577465892408,1.4816128209759405,0.20442730935605077,0.15613299404072978,2.3507466095310794,OK,True,1920.0,1940.0,420.08,421.54,-7.948087583633649,112.61671066231457,48.417560700873324,7.7,74.0,19.566857346995675,0.020000000000038654,2.1538759478211524,4.204577465892408,1.4816128209759405,0.20442730935605077,0.15613299404072978,2.3507466095310794,1.7822099795420703,3.5006676536253196,1.4816128209759405,0.09590488767097825,1.5612429165397268,57.7,2.0,Sedang,False
20260811_131526_089,Data (1).zip,sepeda,dashboard_center,50 Hz,97,1940.0,1960.0,421.56,423.22,-7.947930724099958,112.61680584181249,43.100218668607745,7.7,84,19.829237723462484,0.020000000000038654,2.995998014243754,6.288171158467622,2.1554044844051656,0.2521529102494881,0.7470787842545437,3.030970687738751,OK,True,1940.0,1960.0,421.56,423.22,-7.947930724099958,112.61680584181249,43.100218668607745,7.7,84.0,19.829237723462484,0.020000000000038654,2.995998014243754,6.288171158467622,2.1554044844051656,0.2521529102494881,0.7470787842545437,3.030970687738751,2.6355407717104713,5.554862264215654,2.1554044844051656,0.537188576191297,2.2977193060629237,84.1,1.0,Tinggi,False
20260811_131526_089,Data (1).zip,sepeda,dashboard_center,50 Hz,98,1960.0,1980.0,423.24,425.3,-7.9477848399226625,112.61690530495176,34.48069677145101,7.7,104,19.790882869398956,0.020000000000038654,1.4109249280532685,2.891490906853549,1.3277250385055406,0.3031699009889708,0.20647377574005676,0.42510786777472287,OK,True,1960.0,1980.0,423.24,425.3,-7.9477848399226625,112.61690530495176,34.48069677145101,7.7,104.0,19.790882869398956,0.020000000000038654,1.4109249280532685,2.891490906853549,1.3277250385055406,0.3031699009889708,0.20647377574005676,0.42510786777472287,1.3958268365526245,2.8615561748029683,1.3277250385055406,0.20083677297307553,0.4153402404557574,36.8,0.0,Rendah,False
20260811_131526_089,Data (1).zip,sepeda,dashboard_center,50 Hz,99,1980.0,2000.0,425.32,427.90000000000003,-7.9476527686800384,112.61700376031416,27.805668486106438,7.7,130,19.872716130582603,0.020000000000038654,5.005982433663929,10.797394061877837,5.432807199894088,0.3019214867547197,0.3025493316793193,5.807359324823686,OK,True,1980.0,2000.0,425.32,427.90000000000003,-7.9476527686800384,112.61700376031416,27.805668486106438,7.7,130.0,19.872716130582603,0.020000000000038654,5.005982433663929,10.797394061877837,5.432807199894088,0.3019214867547197,0.3025493316793193,5.807359324823686,5.5461934979352625,11.922548762737689,5.432807199894088,0.39382770790763266,7.246661138360185,97.3,1.0,Tinggi,True
20260811_131526_089,Data (1).zip,sepeda,dashboard_center,50 Hz,100,2000.0,2020.0,427.92,432.26,-7.9475191210575975,112.61708317233979,16.48391488838578,7.7,218,19.925538263169983,0.020000000000038654,1.824277616505304,3.8530962141494194,1.6759361507590806,0.5520553500094001,0.1225065400763313,3.1663984803206753,OK,True,2000.0,2020.0,427.92,432.26,-7.9475191210575975,112.61708317233979,16.48391488838578,7.7,218.0,19.925538263169983,0.020000000000038654,1.824277616505304,3.8530962141494194,1.6759361507590806,0.5520553500094001,0.1225065400763313,3.1663984803206753,2.6613568752469505,5.552110344936628,1.6759361507590806,0.32370637758082077,7.160299899525364,84.6,1.0,Tinggi,False
20260811_131526_089,Data (1).zip,sepeda,dashboard_center,50 Hz,101,2020.0,2040.0,432.28000000000003,437.32,-7.947408368258249,112.61717690391174,14.250682939233913,1.7,253,19.975607377784172,0.020000000000038654,2.710037643888483,5.556837871405102,2.9698674938050162,0.55067161623499,0.3727950144288006,5.488569993828976,OK,True,2020.0,2040.0,432.28000000000003,437.32,-7.947408368258249,112.61717690391174,14.250682939233913,1.7,253.0,19.975607377784172,0.020000000000038654,2.710037643888483,5.556837871405102,2.9698674938050162,0.55067161623499,0.3727950144288006,5.488569993828976,4.268370400160054,8.623078098382946,2.9698674938050162,1.1997072699685212,14.645969199311414,93.4,1.0,Tinggi,True
20260811_131526_089,Data (1).zip,sepeda,dashboard_center,50 Hz,102,2040.0,2060.0,437.34000000000003,440.84000000000003,-7.947228369776214,112.61730452209835,20.328140713608956,8.108198313769222,176,19.85052803451572,0.020000000000038654,2.7049185916797764,5.712211177431673,2.3241433712232804,0.6548944177905922,0.2697041993344283,5.010083540890947,OK,True,2040.0,2060.0,437.34000000000003,440.84000000000003,-7.947228369776214,112.61730452209835,20.328140713608956,8.108198313769222,176.0,19.85052803451572,0.020000000000038654,2.7049185916797764,5.712211177431673,2.3241433712232804,0.6548944177905922,0.2697041993344283,5.010083540890947,3.5339000781368135,7.397880584033506,2.3241433712232804,0.5365437367773526,8.926709864177594,90.7,1.0,Tinggi,True
20260811_131526_089,Data (1).zip,sepeda,dashboard_center,50 Hz,103,2060.0,2080.0,440.86,443.68,-7.947082070358964,112.61741484096902,25.38403071745729,7.8,142,19.8798495028459,0.020000000000038654,0.9592256950692422,1.8834608281151504,0.8156514087810243,0.40241753333468444,0.037276954057100256,1.0044733880305123,OK,True,2060.0,2080.0,440.86,443.68,-7.947082070358964,112.61741484096902,25.38403071745729,7.8,142.0,19.8798495028459,0.020000000000038654,0.9592256950692422,1.8834608281151504,0.8156514087810243,0.40241753333468444,0.037276954057100256,1.0044733880305123,1.11494460300695,2.1784741260041685,0.8156514087810243,0.054895453123937406,1.390260451845322,12.6,0.0,Rendah,False
20260811_131526_089,Data (1).zip,sepeda,dashboard_center,50 Hz,104,2080.0,2100.0,443.7,445.8,-7.946914994548368,112.61753419073673,33.99958773533541,1.8,106,19.865969748020234,0.020000000000038654,1.705572989422623,3.1388266531460096,1.229500842627892,0.4530360266403257,0.17182420936169518,2.892218901050607,OK,True,2080.0,2100.0,443.7,445.8,-7.946914994548368,112.61753419073673,33.99958773533541,1.8,106.0,19.865969748020234,0.020000000000038654,1.705572989422623,3.1388266531460096,1.229500842627892,0.4530360266403257,0.17182420936169518,2.892218901050607,1.6998459956966436,3.128631195348769,1.229500842627892,0.17034366587288663,2.8712769984784092,48.4,2.0,Sedang,False
20260811_131526_089,Data (1).zip,sepeda,dashboard_center,50 Hz,105,2100.0,2120.0,445.82,447.7,-7.946766441993548,112.61764161681498,37.82372697203451,1.832035775469762,95,19.63970949976965,0.020000000000038654,2.1598384825989845,4.521493064644946,1.5962623863279797,0.2545862503749683,0.4153620121292716,6.094637063921411,OK,True,2100.0,2120.0,445.82,447.7,-7.946766441993548,112.61764161681498,37.82372697203451,1.832035775469762,95.0,19.63970949976965,0.020000000000038654,2.1598384825989845,4.521493064644946,1.5962623863279797,0.2545862503749683,0.4153620121292716,6.094637063921411,2.0351582000399775,4.268775369770298,1.5962623863279797,0.35643941887372366,5.359870697395418,72.5,1.0,Tinggi,False
20260811_131526_089,Data (1).zip,sepeda,dashboard_center,50 Hz,106,2120.0,2140.0,447.72,449.64,-7.946625537919913,112.61773919101897,37.32608283422063,1.924327600108562,97,19.904093772549004,0.020000000000038654,1.2407669188847166,2.6982742947192144,0.9411812279776914,0.20096368343665327,0.11971196073322021,1.3794014819894518,OK,True,2120.0,2140.0,447.72,449.64,-7.946625537919913,112.61773919101897,37.32608283422063,1.924327600108562,97.0,19.904093772549004,0.020000000000038654,1.2407669188847166,2.6982742947192144,0.9411812279776914,0.20096368343665327,0.11971196073322021,1.3794014819894518,1.177319348127231,2.56469486788776,0.9411812279776914,0.1045888073796666,1.2315092730896626,24.2,0.0,Rendah,False
20260811_131526_089,Data (1).zip,sepeda,dashboard_center,50 Hz,107,2140.0,2160.0,449.66,451.62,-7.946467437422087,112.61785751366095,36.45395457027449,1.97970768652765,99,19.795518081102728,0.020000000000038654,2.219828116292229,4.611164982307908,1.7429800240383733,0.3030989123607602,0.8369860769362345,3.7707470560932332,OK,True,2140.0,2160.0,449.66,451.62,-7.946467437422087,112.61785751366095,36.45395457027449,1.97970768652765,99.0,19.795518081102728,0.020000000000038654,2.219828116292229,4.611164982307908,1.7429800240383733,0.3030989123607602,0.8369860769362345,3.7707470560932332,2.1326876697617454,4.435957456678063,1.7429800240383733,0.7550393612359706,3.4581987889072696,77.5,1.0,Tinggi,False
20260811_131526_089,Data (1).zip,sepeda,dashboard_center,50 Hz,108,2160.0,2180.0,451.64,453.8,-7.946317974669236,112.61797068617798,32.76937769594782,1.9,109,19.70489230532712,0.020000000000038654,2.542098241562375,4.947334795278819,1.936902448049267,0.4059905467150023,0.37114249069157257,2.770362367822797,OK,True,2160.0,2180.0,451.64,453.8,-7.946317974669236,112.61797068617798,32.76937769594782,1.9,109.0,19.70489230532712,0.020000000000038654,2.542098241562375,4.947334795278819,1.936902448049267,0.4059905467150023,0.37114249069157257,2.770362367822797,2.583182720245121,5.024656553870098,1.936902448049267,0.38677239605013375,2.8680085157343993,82.4,1.0,Tinggi,False
20260811_131526_089,Data (1).zip,sepeda,dashboard_center,50 Hz,109,2180.0,2200.0,453.82,456.14,-7.946173189732896,112.6180880240473,30.7683457010434,9.574013555750051,117,19.82004621413944,0.020000000000038654,1.4848278561889339,2.858651645104439,1.1518621804167755,0.5045396913790288,0.17050147075428881,0.9636144195379812,OK,True,2180.0,2200.0,453.82,456.14,-7.946173189732896,112.6180880240473,30.7683457010434,9.574013555750051,117.0,19.82004621413944,0.020000000000038654,1.4848278561889339,2.858651645104439,1.1518621804167755,0.5045396913790288,0.17050147075428881,0.9636144195379812,1.5596974360898754,2.997966517676038,1.1518621804167755,0.193507083674646,1.0716747827829847,42.3,2.0,Sedang,False
20260811_131526_089,Data (1).zip,sepeda,dashboard_center,50 Hz,110,2200.0,2220.0,456.16,458.56,-7.946032657435727,112.61819996959804,29.732699021364247,7.891543753680094,121,19.8621414330878,0.020000000000038654,1.2348319894839366,2.186433880427791,1.0351033302751649,0.3524292697029582,0.2555815709877964,1.2879607355799279,OK,True,2200.0,2220.0,456.16,458.56,-7.946032657435727,112.61819996959804,29.732699021364247,7.891543753680094,121.0,19.8621414330878,0.020000000000038654,1.2348319894839366,2.186433880427791,1.0351033302751649,0.3524292697029582,0.2555815709877964,1.2879607355799279,1.320681131941043,2.3333065478628687,1.0351033302751649,0.30383209099002656,1.4892613537190809,30.2,0.0,Rendah,False
20260811_131526_089,Data (1).zip,sepeda,dashboard_center,50 Hz,111,2220.0,2240.0,458.58,460.72,-7.945870296634233,112.6183226497875,33.29484345702258,7.877676976890482,108,19.771102547756072,0.020000000000038654,0.978710186830833,1.9978722049560114,0.7038315235918435,0.3540520809647243,0.35339397158943897,0.42546788788224504,OK,True,2220.0,2240.0,458.58,460.72,-7.945870296634233,112.6183226497875,33.29484345702258,7.877676976890482,108.0,19.771102547756072,0.020000000000038654,0.978710186830833,1.9978722049560114,0.7038315235918435,0.3540520809647243,0.35339397158943897,0.42546788788224504,0.9862360517773088,2.0127306949744734,0.7038315235918435,0.36042812577898853,0.4325682258173356,4.4,0.0,Rendah,False
20260811_131526_089,Data (1).zip,sepeda,dashboard_center,50 Hz,112,2240.0,2260.0,460.74,462.7,-7.945712937013184,112.61844694982454,36.53374885949929,7.8,99,19.921344959282123,0.020000000000038654,1.593607418451323,3.387064560397717,1.2380559074291908,0.2509870699101723,0.3270664901545174,2.2105441027816526,OK,True,2240.0,2260.0,460.74,462.7,-7.945712937013184,112.61844694982454,36.53374885949929,7.8,99.0,19.921344959282123,0.020000000000038654,1.593607418451323,3.387064560397717,1.2380559074291908,0.2509870699101723,0.3270664901545174,2.2105441027816526,1.5292887428341937,3.2547435066510904,1.2380559074291908,0.2941721524053126,2.02228309114626,50.0,2.0,Sedang,False
20260811_131526_089,Data (1).zip,sepeda,dashboard_center,50 Hz,113,2260.0,2280.0,462.72,464.54,-7.945559167804534,112.61855586695336,39.127246468239434,7.8,92,19.74753695358777,0.020000000000038654,1.8377399177430251,4.030671018603859,1.4840227057831967,0.2531961333583726,0.8574921291702842,2.6265396017324867,OK,True,2260.0,2280.0,462.72,464.54,-7.945559167804534,112.61855586695336,39.127246468239434,7.8,92.0,19.74753695358777,0.020000000000038654,1.8377399177430251,4.030671018603859,1.4840227057831967,0.2531961333583726,0.8574921291702842,2.6265396017324867,1.701048092006689,3.7403109254825773,1.4840227057831967,0.7028512216444475,2.222582646352041,63.7,1.0,Tinggi,False
20260811_131526_089,Data (1).zip,sepeda,dashboard_center,50 Hz,114,2280.0,2300.0,464.56,466.40000000000003,-7.945403862362823,112.61868026102412,38.78653438679616,7.8,93,19.829997513761555,0.020000000000038654,1.4025698300815401,2.58722445235748,1.1839776058749596,0.3530005485448076,0.18877489384202273,1.1096847159583965,OK,True,2280.0,2300.0,464.56,466.40000000000003,-7.945403862362823,112.61868026102412,38.78653438679616,7.8,93.0,19.829997513761555,0.020000000000038654,1.4025698300815401,2.58722445235748,1.1839776058749596,0.3530005485448076,0.18877489384202273,1.1096847159583965,1.3042356065926373,2.4115601557585102,1.1839776058749596,0.1565744255604161,0.948402426174972,23.1,0.0,Rendah,False
20260811_131526_089,Data (1).zip,sepeda,dashboard_center,50 Hz,115,2300.0,2320.0,466.42,468.18,-7.945252272123496,112.61880155911851,40.28421027999451,7.8,89,19.668420076596703,0.020000000000038654,2.0432664205546383,4.217368465858437,1.7097867608753075,0.2542146232655189,0.6390504339471172,4.961850606950367,OK,True,2300.0,2320.0,466.42,468.18,-7.945252272123496,112.61880155911851,40.28421027999451,7.8,89.0,19.668420076596703,0.020000000000038654,2.0432664205546383,4.217368465858437,1.7097867608753075,0.2542146232655189,0.6390504339471172,4.961850606950367,1.862503201978223,3.85593066230838,1.7097867608753075,0.5035369643792708,4.061878310985602,76.4,1.0,Tinggi,False
20260811_131526_089,Data (1).zip,sepeda,dashboard_center,50 Hz,116,2320.0,2340.0,468.2,470.14,-7.9451010494695655,112.61891492483204,36.85647761714066,7.7,98,19.806221007189833,0.020000000000038654,1.9122840348939874,3.8274709293721356,1.3843740649622749,0.3029351231525664,0.20665498005047317,5.54450647589267,OK,True,2320.0,2340.0,468.2,470.14,-7.9451010494695655,112.61891492483204,36.85647761714066,7.7,98.0,19.806221007189833,0.020000000000038654,1.9122840348939874,3.8274709293721356,1.3843740649622749,0.3029351231525664,0.20665498005047317,5.54450647589267,1.8266289347483307,3.661514203965365,1.3843740649622749,0.1836704282519875,5.021834306532068,61.5,2.0,Sedang,False
20260811_131526_089,Data (1).zip,sepeda,dashboard_center,50 Hz,117,2340.0,2360.0,470.16,472.36,-7.944964492907769,112.61902589590181,32.26548508130682,7.7,111,19.802681975674204,0.020000000000038654,1.2328443848560315,2.6315849435105765,1.0146111435730185,0.45448389319465327,0.0718417086556821,0.5100189017175393,OK,True,2340.0,2360.0,470.16,472.36,-7.944964492907769,112.61902589590181,32.26548508130682,7.7,111.0,19.802681975674204,0.020000000000038654,1.2328443848560315,2.6315849435105765,1.0146111435730185,0.45448389319465327,0.0718417086556821,0.5100189017175393,1.2630280474925435,2.693882030654011,1.0146111435730185,0.07645477304982465,0.537381680704924,26.4,0.0,Rendah,False
20260811_131526_089,Data (1).zip,sepeda,dashboard_center,50 Hz,118,2360.0,2380.0,472.38,474.52,-7.9448237068627705,112.61914444140334,33.46534308938768,7.7,108,19.889599687150167,0.020000000000038654,1.2929378068331756,2.5565535805783752,0.9375382578444401,0.20111013106936645,0.2798384154291683,0.9875928676302788,OK,True,2360.0,2380.0,472.38,474.52,-7.9448237068627705,112.61914444140334,33.46534308938768,7.7,108.0,19.889599687150167,0.020000000000038654,1.2929378068331756,2.5565535805783752,0.9375382578444401,0.20111013106936645,0.2798384154291683,0.9875928676302788,1.2993822394819399,2.568878546979355,0.9375382578444401,0.28344124062623083,0.9982592015758734,22.5,0.0,Rendah,False
20260811_131526_089,Data (1).zip,sepeda,dashboard_center,50 Hz,119,2380.0,2400.0,474.54,476.46000000000004,-7.944678899118209,112.61927433533138,37.06880941872718,7.7,97,19.75514699439873,0.020000000000038654,1.1492872350370194,2.152314452910201,0.8010392792712359,0.3037183171403994,0.4347114635377947,0.7787498419732399,OK,True,2380.0,2400.0,474.54,476.46000000000004,-7.944678899118209,112.61927433533138,37.06880941872718,7.7,97.0,19.75514699439873,0.020000000000038654,1.1492872350370194,2.152314452910201,0.8010392792712359,0.3037183171403994,0.4347114635377947,0.7787498419732399,1.0944943403569574,2.0529789147481057,0.8010392792712359,0.38336830707253033,0.7007459367299492,8.8,0.0,Rendah,False
20260811_131526_089,Data (1).zip,sepeda,dashboard_center,50 Hz,120,2400.0,2420.0,476.48,478.34000000000003,-7.9445334710357844,112.61940843125174,38.25673583646698,7.7,94,19.735084398783783,0.020000000000038654,1.4481680187649815,2.6633225600554233,1.0631960674369494,0.40536943437105427,0.618995285858851,1.8230149790551982,OK,True,2400.0,2420.0,476.48,478.34000000000003,-7.9445334710357844,112.61940843125174,38.25673583646698,7.7,94.0,19.735084398783783,0.020000000000038654,1.4481680187649815,2.6633225600554233,1.0631960674369494,0.40536943437105427,0.618995285858851,1.8230149790551982,1.3564196821451746,2.499933878541181,1.0631960674369494,0.5230607395917242,1.582615101969776,32.4,0.0,Rendah,False
20260811_131526_089,Data (1).zip,sepeda,dashboard_center,50 Hz,121,2420.0,2440.0,478.36,480.34000000000003,-7.9443954024182,112.61952395966529,36.15372613031322,7.7,100,19.920453576175532,0.020000000000038654,1.3088451896767883,2.623792073038788,0.9865945672877185,0.2509983008609754,0.06006127917429589,0.9819935927577489,OK,True,2420.0,2440.0,478.36,480.34000000000003,-7.9443954024182,112.61952395966529,36.15372613031322,7.7,100.0,19.920453576175532,0.020000000000038654,1.3088451896767883,2.623792073038788,0.9865945672877185,0.2509983008609754,0.06006127917429589,0.9819935927577489,1.2629507356838992,2.5347464702224274,0.9865945672877185,0.0547910140640591,0.9091074676493087,18.7,0.0,Rendah,False
20260811_131526_089,Data (1).zip,sepeda,dashboard_center,50 Hz,122,2440.0,2460.0,480.36,482.28000000000003,-7.944254646420931,112.6196418043532,37.20686584732998,7.7,97,19.829340954519466,0.020000000000038654,1.3186822768246396,2.5651821897568667,0.9430761920342979,0.30258191705723286,0.11751226309462537,1.4026418614110987,OK,True,2440.0,2460.0,480.36,482.28000000000003,-7.944254646420931,112.6196418043532,37.20686584732998,7.7,97.0,19.829340954519466,0.020000000000038654,1.3186822768246396,2.5651821897568667,0.9430761920342979,0.30258191705723286,0.11751226309462537,1.4026418614110987,1.2533588594749565,2.4421655455486864,0.9430761920342979,0.1031127000951059,1.2568215207095954,20.9,0.0,Rendah,False
20260811_131526_089,Data (1).zip,sepeda,dashboard_center,50 Hz,123,2460.0,2480.0,482.3,484.18,-7.944111024923143,112.61975986153271,37.58556078573788,7.7,95,19.610969668498,0.020000000000038654,1.70746570520556,3.251890673264807,1.2572374786416467,0.20396747675487883,1.2289386914566673,0.9469826182301395,OK,True,2460.0,2480.0,482.3,484.18,-7.944111024923143,112.61975986153271,37.58556078573788,7.7,95.0,19.610969668498,0.020000000000038654,1.70746570520556,3.251890673264807,1.2572374786416467,0.20396747675487883,1.2289386914566673,0.9469826182301395,1.614256915418701,3.080022708515962,1.2572374786416467,1.0636625821851673,0.838818272892052,47.8,2.0,Sedang,False
20260811_131526_089,Data (1).zip,sepeda,dashboard_center,50 Hz,124,2480.0,2500.0,484.2,486.08,-7.943972930855951,112.61986975229894,37.818894610106426,7.7,95,19.821593438362015,0.020000000000038654,1.5060271370406026,2.7402796887853227,1.0735511796173522,0.35315021578701367,0.2646613405356066,2.3595356817587434,OK,True,2480.0,2500.0,484.2,486.08,-7.943972930855951,112.61986975229894,37.818894610106426,7.7,95.0,19.821593438362015,0.020000000000038654,1.5060271370406026,2.7402796887853227,1.0735511796173522,0.35315021578701367,0.2646613405356066,2.3595356817587434,1.4191846334597504,2.587286801474403,1.0735511796173522,0.2271562018639412,2.0753727527219343,36.3,2.0,Sedang,False
20260811_131526_089,Data (1).zip,sepeda,dashboard_center,50 Hz,125,2500.0,2520.0,486.1,487.90000000000003,-7.943827870848753,112.61999144638234,39.74445327768134,7.7,91,19.821662035800728,0.020000000000038654,1.9959618619814292,3.5570441394423544,1.3670062673164978,0.3026991373964076,0.5254844512068526,2.9827704437290246,OK,True,2500.0,2520.0,486.1,487.90000000000003,-7.943827870848753,112.61999144638234,39.74445327768134,7.7,91.0,19.821662035800728,0.020000000000038654,1.9959618619814292,3.5570441394423544,1.3670062673164978,0.3026991373964076,0.5254844512068526,2.9827704437290246,1.832345873379426,3.274607671505222,1.3670062673164978,0.4216857408154022,2.4795027985281464,62.1,2.0,Sedang,False
20260811_131526_089,Data (1).zip,sepeda,dashboard_center,50 Hz,126,2520.0,2540.0,487.92,489.7,-7.943689825738492,112.62011662137016,40.20527474233149,7.7,90,19.88623136968181,0.020000000000038654,1.2427533522694103,2.473718552845202,0.8485964637243926,0.30171629246693227,0.04805216619401844,1.5048711257960021,OK,True,2520.0,2540.0,487.92,489.7,-7.943689825738492,112.62011662137016,40.20527474233149,7.7,90.0,19.88623136968181,0.020000000000038654,1.2427533522694103,2.473718552845202,0.8485964637243926,0.30171629246693227,0.04805216619401844,1.5048711257960021,1.1339796969366789,2.263974856712143,0.8485964637243926,0.03796318595937473,1.2346707069858,12.6,0.0,Rendah,False
20260811_131526_089,Data (1).zip,sepeda,dashboard_center,50 Hz,127,2540.0,2560.0,489.72,491.46000000000004,-7.943552846323719,112.62024249952458,40.63978030649617,7.7,88,19.634002292694277,0.020000000000038654,3.683347005269321,7.05920018584765,2.576105919671807,0.4074564055122253,5.707296919205817,8.722303313320975,OK,True,2540.0,2560.0,489.72,491.46000000000004,-7.943552846323719,112.62024249952458,40.63978030649617,7.7,88.0,19.634002292694277,0.020000000000038654,3.683347005269321,7.05920018584765,2.576105919671807,0.4074564055122253,5.707296919205817,8.722303313320975,3.3419971639524437,6.4254014758443425,2.576105919671807,4.443843247657535,7.069271173791694,90.1,1.0,Tinggi,True
20260811_131526_089,Data (1).zip,sepeda,dashboard_center,50 Hz,128,2560.0,2580.0,491.48,493.28000000000003,-7.943418990077182,112.62036009719978,39.73470799425001,7.7,91,19.872864518094502,0.020000000000038654,1.4543274957163006,2.750910901450097,1.077630556603364,0.20127948823673344,0.2635705386321788,0.6350379206113907,OK,True,2560.0,2580.0,491.48,493.28000000000003,-7.943418990077182,112.62036009719978,39.73470799425001,7.7,91.0,19.872864518094502,0.020000000000038654,1.4543274957163006,2.750910901450097,1.077630556603364,0.20127948823673344,0.2635705386321788,0.6350379206113907,1.335283497033857,2.532799212832849,1.077630556603364,0.21157781341223342,0.5280384345777605,26.4,0.0,Rendah,False
20260811_131526_089,Data (1).zip,sepeda,dashboard_center,50 Hz,129,2580.0,2600.0,493.3,495.12,-7.943281228220588,112.62048784235539,38.986559696184145,7.7,92,19.697209542612654,0.020000000000038654,1.9305303315297346,3.7742827318042176,1.349695293389179,0.35538028799745985,0.2711780481463048,2.7646370159097513,OK,True,2580.0,2600.0,493.3,495.12,-7.943281228220588,112.62048784235539,38.986559696184145,7.7,92.0,19.697209542612654,0.020000000000038654,1.9305303315297346,3.7742827318042176,1.349695293389179,0.35538028799745985,0.2711780481463048,2.7646370159097513,1.7903275232959015,3.508820668325566,1.349695293389179,0.22336037277777507,2.349042878889171,58.2,2.0,Sedang,False
20260811_131526_089,Data (1).zip,sepeda,dashboard_center,50 Hz,130,2600.0,2620.0,495.14,496.98,-7.943153762050672,112.62062209033863,38.915043371170015,7.7,93,19.921046183809267,0.020000000000038654,1.3853307768192429,3.1158182037471907,1.1061547337604356,0.2509908342094867,0.35349080628841323,1.8976416531952554,OK,True,2600.0,2620.0,495.14,496.98,-7.943153762050672,112.62062209033863,38.915043371170015,7.7,93.0,19.921046183809267,0.020000000000038654,1.3853307768192429,3.1158182037471907,1.1061547337604356,0.2509908342094867,0.35349080628841323,1.8976416531952554,1.2859645694131985,2.89937766790404,1.1061547337604356,0.2918834551425821,1.615748471075272,38.5,2.0,Sedang,False
20260811_131526_089,Data (1).zip,sepeda,dashboard_center,50 Hz,131,2620.0,2640.0,497.0,498.8,-7.943027972066334,112.62076247702062,39.358554417938386,7.7,91,19.611419468656095,0.020000000000038654,1.9480631687571188,4.083550453074979,1.556112922040123,0.2039627986333672,0.6633497693166883,1.9400183868827339,OK,True,2620.0,2640.0,497.0,498.8,-7.943027972066334,112.62076247702062,39.358554417938386,7.7,91.0,19.611419468656095,0.020000000000038654,1.9480631687571188,4.083550453074979,1.556112922040123,0.2039627986333672,0.6633497693166883,1.9400183868827339,1.79758051084558,3.778027471618675,1.556112922040123,0.5393982338839055,1.630680897754581,65.4,1.0,Tinggi,False
20260811_131526_089,Data (1).zip,sepeda,dashboard_center,50 Hz,132,2640.0,2660.0,498.82,500.74,-7.942916171204011,112.62089860289163,37.08318290224928,7.7,97,19.828124421524535,0.020000000000038654,1.8967045850763102,3.932410227986024,1.5484328766481366,0.302600481641454,0.9111003905920236,4.172505012396357,OK,True,2640.0,2660.0,498.82,500.74,-7.942916171204011,112.62089860289163,37.08318290224928,7.7,97.0,19.828124421524535,0.020000000000038654,1.8967045850763102,3.932410227986024,1.5484328766481366,0.302600481641454,0.9111003905920236,4.172505012396357,1.8059096629146743,3.750177920345288,1.5484328766481366,0.8030699238959179,3.752909000200538,69.8,1.0,Tinggi,False
20260811_131526_089,Data (1).zip,sepeda,dashboard_center,50 Hz,133,2660.0,2680.0,500.76,502.74,-7.9428103058975985,112.621029554404,35.96981672073614,7.7,100,19.774797013738407,0.020000000000038654,5.502603557159279,10.536907979879318,3.866668595525903,0.3539859344769404,2.971117193002689,36.36078411605472,OK,True,2660.0,2680.0,500.76,502.74,-7.9428103058975985,112.621029554404,35.96981672073614,7.7,100.0,19.774797013738407,0.020000000000038654,5.502603557159279,10.536907979879318,3.866668595525903,0.3539859344769404,2.971117193002689,36.36078411605472,5.323925917651748,10.205771170983839,3.866668595525903,2.729189426752038,33.85776771891558,96.7,1.0,Tinggi,True
20260811_131526_089,Data (1).zip,sepeda,dashboard_center,50 Hz,134,2680.0,2700.0,502.76,504.76,-7.942692106604443,112.62116944041253,35.827685063496645,7.7,101,19.91210157245723,0.020000000000038654,2.303044106018689,4.351725994674017,1.764548933450256,0.3013242965925458,1.65503994649002,2.543045965733318,OK,True,2680.0,2700.0,502.76,504.76,-7.942692106604443,112.62116944041253,35.827685063496645,7.7,101.0,19.91210157245723,0.020000000000038654,2.303044106018689,4.351725994674017,1.764548933450256,0.3013242965925458,1.65503994649002,2.543045965733318,2.2329087717925975,4.223471142272538,1.764548933450256,1.528448253314299,2.37867178612034,78.6,1.0,Tinggi,False
20260811_131526_089,Data (1).zip,sepeda,dashboard_center,50 Hz,135,2700.0,2720.0,504.78000000000003,506.86,-7.942575472652285,112.62130773886942,34.351502006264475,7.7,105,19.813091999462813,0.020000000000038654,4.577563049215099,9.250096128739749,3.553100565465913,0.3533017461479404,1.9534504410756752,27.853006726793694,OK,True,2700.0,2720.0,504.78000000000003,506.86,-7.942575472652285,112.62130773886942,34.351502006264475,7.7,105.0,19.813091999462813,0.020000000000038654,4.577563049215099,9.250096128739749,3.553100565465913,0.3533017461479404,1.9534504410756752,27.853006726793694,4.537534975702881,9.171843666408318,3.553100565465913,1.909801991167415,27.329442970916237,95.1,1.0,Tinggi,True
20260811_131526_089,Data (1).zip,sepeda,dashboard_center,50 Hz,136,2720.0,2740.0,506.88,509.16,-7.942460410194975,112.62143683046611,31.19158318594176,7.7,115,19.823093590898225,0.020000000000038654,2.087747576088348,3.7185306809541236,1.7561740907952421,0.35312349043310026,1.0613695824487395,4.891737355848964,OK,True,2720.0,2740.0,506.88,509.16,-7.942460410194975,112.62143683046611,31.19158318594176,7.7,115.0,19.823093590898225,0.020000000000038654,2.087747576088348,3.7185306809541236,1.7561740907952421,0.35312349043310026,1.0613695824487395,4.891737355848964,2.1773067119414438,3.8727227576887766,1.7561740907952421,1.1824997805925397,5.356438021091962,78.6,1.0,Tinggi,False
20260811_131526_089,Data (1).zip,sepeda,dashboard_center,50 Hz,137,2740.0,2760.0,509.18,511.48,-7.9423402678127495,112.62157537961717,31.07044239550848,7.7,116,19.81580500070595,0.020000000000038654,4.167743366633704,9.242680931412457,3.747441129738626,0.3532533752603349,0.21921015084595802,24.069596639659196,OK,True,2740.0,2760.0,509.18,511.48,-7.9423402678127495,112.62157537961717,31.07044239550848,7.7,116.0,19.81580500070595,0.020000000000038654,4.167743366633704,9.242680931412457,3.747441129738626,0.3532533752603349,0.21921015084595802,24.069596639659196,4.35543979169912,9.645024465169573,3.747441129738626,0.24551810009264483,26.473018083133073,95.1,1.0,Tinggi,True
20260811_131526_089,Data (1).zip,sepeda,dashboard_center,50 Hz,138,2760.0,2780.0,511.5,513.8,-7.942215842113631,112.62172001754885,31.10395267685279,7.7,116,19.857254007133633,0.020000000000095497,3.7521956253480755,7.057582119678948,3.0472389691487187,0.4028754427538689,1.3207841500573636,6.557270743146705,OK,True,2760.0,2780.0,511.5,513.8,-7.942215842113631,112.62172001754885,31.10395267685279,7.7,116.0,19.857254007133633,0.020000000000095497,3.7521956253480755,7.057582119678948,3.0472389691487187,0.4028754427538689,1.3207841500573636,6.557270743146705,3.918953744876773,7.3607656294583075,3.0472389691487187,1.477137016762895,7.2031992444229145,92.9,1.0,Tinggi,True
20260811_131526_089,Data (1).zip,sepeda,dashboard_center,50 Hz,139,2780.0,2800.0,513.82,516.28,-7.942098773588034,112.62186719121596,28.9660966235757,7.7,124,19.786509703787942,0.020000000000095497,3.4072476706420476,7.08083714925164,3.7584693667698232,0.45485536027999085,0.7023811606236474,2.574937283955878,OK,True,2780.0,2800.0,513.82,516.28,-7.942098773588034,112.62186719121596,28.9660966235757,7.7,124.0,19.786509703787942,0.020000000000095497,3.4072476706420476,7.08083714925164,3.7584693667698232,0.45485536027999085,0.7023811606236474,2.574937283955878,3.6945729009730144,7.657645061790119,3.7584693667698232,0.8650445580718813,3.067147829387864,92.3,1.0,Tinggi,True
20260811_131526_089,Data (1).zip,sepeda,dashboard_center,50 Hz,140,2800.0,2820.0,516.3,519.28,-7.941985655982561,112.6220088725913,23.913885040331518,7.7251527372077575,150,19.88282431038124,0.020000000000095497,1.2611812930427975,2.111346412565464,1.2531979261239345,0.5029466560632833,0.08152168981370134,0.9348849793942635,OK,True,2800.0,2820.0,516.3,519.28,-7.941985655982561,112.6220088725913,23.913885040331518,7.7251527372077575,150.0,19.88282431038124,0.020000000000095497,1.2611812930427975,2.111346412565464,1.2531979261239345,0.5029466560632833,0.08152168981370134,0.9348849793942635,1.512677838506395,2.5173625827982202,1.2531979261239345,0.13015316668104351,1.384773934149051,41.2,2.0,Sedang,False
20260811_131526_089,Data (1).zip,sepeda,dashboard_center,50 Hz,141,2820.0,2840.0,519.3,521.62,-7.941861614658203,112.62215181379568,30.632155205602345,7.7,117,19.750634630301192,0.020000000000095497,1.541541765820342,2.859924226853897,1.1269325067121385,0.4050502755859041,0.07560369716063875,1.6734432818703817,OK,True,2820.0,2840.0,519.3,521.62,-7.941861614658203,112.62215181379568,30.632155205602345,7.7,117.0,19.750634630301192,0.020000000000095497,1.541541765820342,2.859924226853897,1.1269325067121385,0.4050502755859041,0.07560369716063875,1.6734432818703817,1.6230559686643686,3.00608223621422,1.1269325067121385,0.08632182060960661,1.8705161481611656,43.4,2.0,Sedang,False
20260811_131526_089,Data (1).zip,sepeda,dashboard_center,50 Hz,142,2840.0,2860.0,521.64,523.48,-7.941726239454968,112.62229480342535,38.98463077400017,7.7,93,19.847855481536044,0.020000000000095497,5.332799989199659,10.828099331134675,3.873732920182066,0.3022996618240015,0.5461562169174363,51.483601157422505,OK,True,2840.0,2860.0,521.64,523.48,-7.941726239454968,112.62229480342535,38.98463077400017,7.7,93.0,19.847855481536044,0.020000000000095497,5.332799989199659,10.828099331134675,3.873732920182066,0.3022996618240015,0.5461562169174363,51.483601157422505,4.945639577632385,10.066764584808807,3.873732920182066,0.4498809193050295,43.74678856330187,96.2,1.0,Tinggi,True
20260811_131526_089,Data (1).zip,sepeda,dashboard_center,50 Hz,143,2860.0,2880.0,523.5,525.14,-7.941602587120464,112.62243614832333,43.44138877231421,7.7,83,19.793401946848007,0.020000000000095497,2.560156503334161,5.429567589811363,1.8208291107261598,0.25260943083087456,0.34264529546989,7.131861165732425,OK,True,2860.0,2880.0,523.5,525.14,-7.941602587120464,112.62243614832333,43.44138877231421,7.7,83.0,19.793401946848007,0.020000000000095497,2.560156503334161,5.429567589811363,1.8208291107261598,0.25260943083087456,0.34264529546989,7.131861165732425,2.2428105604267476,4.77717314538813,1.8208291107261598,0.2437633200262726,5.358267645227044,81.3,1.0,Tinggi,False
20260811_131526_089,Data (1).zip,sepeda,dashboard_center,50 Hz,144,2880.0,2900.0,525.16,526.78,-7.941484032663978,112.6225746594971,43.75500488488644,7.7,82,19.638012802092817,0.020000000000095497,2.9607036456856375,5.8308641672259,2.212189777843631,0.2546082462817802,1.565961368047575,8.292263170167459,OK,True,2880.0,2900.0,525.16,526.78,-7.941484032663978,112.6225746594971,43.75500488488644,7.7,82.0,19.638012802092817,0.020000000000095497,2.9607036456856375,5.8308641672259,2.212189777843631,0.2546082462817802,1.565961368047575,8.292263170167459,2.5839069123038527,5.111499020196713,2.212189777843631,1.1032510180090076,6.1793420330900135,85.2,1.0,Tinggi,False
20260811_131526_089,Data (1).zip,sepeda,dashboard_center,50 Hz,145,2900.0,2920.0,526.8,528.5,-7.941368902359505,112.62271303840885,42.06543571581696,7.7,86,19.903974973394725,0.020000000000095497,1.5738474705045988,3.0632663180630617,1.0810831215082513,0.30144732436712207,0.3237499629038575,1.561127260107655,OK,True,2900.0,2920.0,526.8,528.5,-7.941368902359505,112.62271303840885,42.06543571581696,7.7,86.0,19.903974973394725,0.020000000000095497,1.5738474705045988,3.0632663180630617,1.0810831215082513,0.30144732436712207,0.3237499629038575,1.561127260107655,1.4023143486515937,2.7397223804340474,1.0810831215082513,0.2405810886821782,1.2166192115430037,33.0,0.0,Rendah,False
20260811_131526_089,Data (1).zip,sepeda,dashboard_center,50 Hz,146,2920.0,2940.0,528.52,530.2,-7.941253276645604,112.62285563817449,42.09536840578915,2.1340719645070862,85,19.651670138414374,0.020000000000095497,1.580205380189365,2.9351203666132286,1.2836611381025376,0.30531756119147435,0.10130108145654619,1.4675170765697367,OK,True,2920.0,2940.0,528.52,530.2,-7.941253276645604,112.62285563817449,42.09536840578915,2.1340719645070862,85.0,19.651670138414374,0.020000000000095497,1.580205380189365,2.9351203666132286,1.2836611381025376,0.30531756119147435,0.10130108145654619,1.4675170765697367,1.407452316337394,2.6241608475455456,1.2836611381025376,0.0752051400624429,1.1427421527726687,26.9,0.0,Rendah,False
20260811_131526_089,Data (1).zip,sepeda,dashboard_center,50 Hz,147,2940.0,2960.0,530.22,531.94,-7.941134570849488,112.62299525202916,41.77716336732867,1.7,87,19.814531165815424,0.020000000000095497,3.0501772045015763,6.576515628594453,2.379915649045693,0.3028080730141809,9.568567013147419,6.008875670420705,OK,True,2940.0,2960.0,530.22,531.94,-7.941134570849488,112.62299525202916,41.77716336732867,1.7,87.0,19.814531165815424,0.020000000000095497,3.0501772045015763,6.576515628594453,2.379915649045693,0.3028080730141809,9.568567013147419,6.008875670420705,2.727592873223018,5.902527155211165,2.379915649045693,7.1769948669076475,4.719603211322321,86.8,1.0,Tinggi,False
20260811_131526_089,Data (1).zip,sepeda,dashboard_center,50 Hz,148,2960.0,2980.0,531.96,533.84,-7.941013765332146,112.62312279071347,37.51942677201087,1.8,95,19.72504357573007,0.020000000000095497,2.872673059266959,6.304183959351209,2.25592414498138,0.2027878916790657,0.3473020975194206,2.6509456173499695,OK,True,2960.0,2980.0,531.96,533.84,-7.941013765332146,112.62312279071347,37.51942677201087,1.8,95.0,19.72504357573007,0.020000000000095497,2.872673059266959,6.304183959351209,2.25592414498138,0.2027878916790657,0.3473020975194206,2.6509456173499695,2.718375178136818,5.976352751145457,2.25592414498138,0.3013122219988875,2.352861690949964,85.7,1.0,Tinggi,False
20260811_131526_089,Data (1).zip,sepeda,dashboard_center,50 Hz,149,2980.0,3000.0,533.86,535.82,-7.940891169596552,112.6232495011123,36.511391855771855,1.7597413656986796,99,19.843322114930288,0.020000000000095497,2.265157732684357,4.223937384272746,1.5970891263238773,0.2519739371784907,0.5899661068564442,1.8933688472958785,OK,True,2980.0,3000.0,533.86,535.82,-7.940891169596552,112.6232495011123,36.511391855771855,1.7597413656986796,99.0,19.843322114930288,0.020000000000095497,2.265157732684357,4.223937384272746,1.5970891263238773,0.2519739371784907,0.5899661068564442,1.8933688472958785,2.1744354138295274,4.060187639047715,1.5970891263238773,0.5310709678274347,1.7333261686210768,73.1,1.0,Tinggi,False
20260811_131526_089,Data (1).zip,sepeda,dashboard_center,50 Hz,150,3000.0,3020.0,535.84,537.92,-7.940766418826718,112.62338932849016,34.340090612266735,1.747134823787738,105,19.798939560751478,0.020000000000095497,2.26737097718462,4.461033350868184,1.813233815331344,0.3535542890325542,0.26049280645448397,1.857579597786034,OK,True,3000.0,3020.0,535.84,537.92,-7.940766418826718,112.62338932849016,34.340090612266735,1.747134823787738,105.0,19.798939560751478,0.020000000000095497,2.26737097718462,4.461033350868184,1.813233815331344,0.3535542890325542,0.26049280645448397,1.857579597786034,2.2479372035124037,4.424042850902073,1.813233815331344,0.2547868851032078,1.823350693801485,77.5,1.0,Tinggi,False
20260811_131526_089,Data (1).zip,sepeda,dashboard_center,50 Hz,151,3020.0,3040.0,537.94,540.16,-7.94064057573015,112.62353325617215,32.00322774045963,7.596345425161319,112,19.831355511819766,0.020000000000095497,0.9691386398642914,2.0130510270480704,0.7191707758737547,0.4034015725870018,0.06437488940177433,0.6208977413945629,OK,True,3020.0,3040.0,537.94,540.16,-7.94064057573015,112.62353325617215,32.00322774045963,7.596345425161319,112.0,19.831355511819766,0.020000000000095497,0.9691386398642914,2.0130510270480704,0.7191707758737547,0.4034015725870018,0.06437488940177433,0.6208977413945629,0.9971397693312141,2.069285202032125,0.7191707758737547,0.06926980713833987,0.6603087441187064,6.0,0.0,Rendah,False
20260811_131526_089,Data (1).zip,sepeda,dashboard_center,50 Hz,152,3040.0,3060.0,540.1800000000001,542.38,-7.940517327782891,112.62367049128677,32.41767118492868,8.046258354774741,111,19.787036164575966,0.020000000000095497,1.95550155415282,3.7499679294411528,1.5212269000458216,0.35376697863077916,1.1137407979869427,1.894594486356972,OK,True,3040.0,3060.0,540.1800000000001,542.38,-7.940517327782891,112.62367049128677,32.41767118492868,8.046258354774741,111.0,19.787036164575966,0.020000000000095497,1.95550155415282,3.7499679294411528,1.5212269000458216,0.35376697863077916,1.1137407979869427,1.894594486356972,1.9984227399049785,3.8295555444320435,1.5212269000458216,1.177727456514705,1.9855875710172115,68.1,1.0,Tinggi,False
20260811_131526_089,Data (1).zip,sepeda,dashboard_center,50 Hz,153,3060.0,3080.0,542.4,544.88,-7.940388133175574,112.62380053988657,28.840539498169885,7.8,125,19.950679090080484,0.020000000000095497,2.09357403687066,3.8171622685985818,1.7421130060209902,0.3007416425731198,0.3415464361058448,4.848029051580228,OK,True,3060.0,3080.0,542.4,544.88,-7.940388133175574,112.62380053988657,28.840539498169885,7.8,125.0,19.950679090080484,0.020000000000095497,2.09357403687066,3.8171622685985818,1.7421130060209902,0.3007416425731198,0.3415464361058448,4.848029051580228,2.275316200717638,4.137249140813131,1.7421130060209902,0.4231263192233703,5.8033468468186875,76.9,1.0,Tinggi,False
20260811_131526_089,Data (1).zip,sepeda,dashboard_center,50 Hz,154,3080.0,3100.0,544.9,547.16,-7.940266427000883,112.62393821594758,31.506820110879183,7.7,114,19.690547803525533,0.020000000000095497,1.228041816388006,2.470470431169184,0.9220486647825991,0.5078578869303743,0.07555575198085386,1.6312906571581947,OK,True,3080.0,3100.0,544.9,547.16,-7.940266427000883,112.62393821594758,31.506820110879183,7.7,114.0,19.690547803525533,0.020000000000095497,1.228041816388006,2.470470431169184,0.9220486647825991,0.5078578869303743,0.07555575198085386,1.6312906571581947,1.2739617358220843,2.5597731073103787,0.9220486647825991,0.08304019377474706,1.7659498960612314,23.6,0.0,Rendah,False
20260811_131526_089,Data (1).zip,sepeda,dashboard_center,50 Hz,155,3100.0,3120.0,547.1800000000001,549.34,-7.940147710357934,112.6240825348871,33.08050602503187,7.7,109,19.847471443524682,0.020000000000095497,2.143206405887297,4.66993345601133,1.799141524465931,0.25192125930133386,0.08216156086258249,8.256063450587556,OK,True,3100.0,3120.0,547.1800000000001,549.34,-7.940147710357934,112.6240825348871,33.08050602503187,7.7,109.0,19.847471443524682,0.020000000000095497,2.143206405887297,4.66993345601133,1.799141524465931,0.25192125930133386,0.08216156086258249,8.256063450587556,2.167039975329296,4.720158026379908,1.799141524465931,0.08453299804707107,8.455713248581139,80.2,1.0,Tinggi,False
20260811_131526_089,Data (1).zip,sepeda,dashboard_center,50 Hz,156,3120.0,3140.0,549.36,551.6,-7.940020834437846,112.62422122199617,31.879904449131445,1.8,113,19.796225634833263,0.020000000000095497,1.0959630765913728,2.0509567621982634,0.7917861915422135,0.35360275888565657,0.10408225838495913,0.9614248274636582,OK,True,3120.0,3140.0,549.36,551.6,-7.940020834437846,112.62422122199617,31.879904449131445,1.8,113.0,19.796225634833263,0.020000000000095497,1.0959630765913728,2.0509567621982634,0.7917861915422135,0.35360275888565657,0.10408225838495913,0.9614248274636582,1.129922146457595,2.112397681135325,0.7917861915422135,0.11258349402225123,1.0269492221450838,10.4,0.0,Rendah,False
20260811_131526_089,Data (1).zip,sepeda,dashboard_center,50 Hz,157,3140.0,3160.0,551.62,554.14,-7.939903707221669,112.62435870825209,28.352441346827057,1.7551005541717672,127,19.93419279132695,0.020000000000095497,1.2439702127328771,2.756795351587776,1.0296419731775777,0.4013204890584119,0.12584791116086178,0.9999876717145628,OK,True,3140.0,3160.0,551.62,554.14,-7.939903707221669,112.62435870825209,28.352441346827057,1.7551005541717672,127.0,19.93419279132695,0.020000000000095497,1.2439702127328771,2.756795351587776,1.0296419731775777,0.4013204890584119,0.12584791116086178,0.9999876717145628,1.3641583009409888,3.0140422886649847,1.0296419731775777,0.1595527176510673,1.2204984896412037,29.1,0.0,Rendah,False
20260811_131526_089,Data (1).zip,sepeda,dashboard_center,50 Hz,158,3160.0,3180.0,554.16,556.5,-7.939788740539382,112.62448187895151,30.631711489777743,1.789533862268652,118,19.866613073515055,0.020000000000095497,1.5207948017875441,3.1141315907376117,1.205628583484737,0.30201423754504136,0.2805322306500245,0.9661015393589165,OK,True,3160.0,3180.0,554.16,556.5,-7.939788740539382,112.62448187895151,30.631711489777743,1.789533862268652,118.0,19.866613073515055,0.020000000000095497,1.5207948017875441,3.1141315907376117,1.205628583484737,0.30201423754504136,0.2805322306500245,0.9661015393589165,1.6012241461122119,3.273305145984604,1.205628583484737,0.3203087785037282,1.0798921694385257,47.8,2.0,Sedang,False
20260811_131526_089,Data (1).zip,sepeda,dashboard_center,50 Hz,159,3180.0,3200.0,556.52,558.96,-7.9396612201870616,112.6246214764975,29.10254796441275,1.9308936258759262,123,19.744286703165017,0.020000000000095497,1.149580093018571,2.0996905434978075,0.8701248173687686,0.45582806486279887,0.23751151316666114,1.660961176095152,OK,True,3180.0,3200.0,556.52,558.96,-7.9396612201870616,112.6246214764975,29.10254796441275,1.9308936258759262,123.0,19.744286703165017,0.020000000000095497,1.149580093018571,2.0996905434978075,0.8701248173687686,0.45582806486279887,0.23751151316666114,1.660961176095152,1.2434421681651355,2.2653059658393007,0.8701248173687686,0.2906608228050714,1.9679164390587391,17.0,0.0,Rendah,False
20260811_131526_089,Data (1).zip,sepeda,dashboard_center,50 Hz,160,3200.0,3220.0,558.98,561.48,-7.939536722966679,112.62475661103332,28.60674806029822,2.0,126,19.855484849002096,0.020000000000095497,1.4599217630123191,2.4850851882527136,1.300683597108056,0.4532752571112523,0.1406530616473754,1.004652830864157,OK,True,3200.0,3220.0,558.98,561.48,-7.939536722966679,112.62475661103332,28.60674806029822,2.0,126.0,19.855484849002096,0.020000000000095497,1.4599217630123191,2.4850851882527136,1.300683597108056,0.4532752571112523,0.1406530616473754,1.004652830864157,1.5934681913471966,2.7046549710855716,1.300683597108056,0.17617979590471455,1.2138048687362168,47.3,2.0,Sedang,False
20260811_131526_089,Data (1).zip,sepeda,dashboard_center,50 Hz,161,3220.0,3240.0,561.5,564.02,-7.939400985366902,112.6248763616899,28.20331137565349,2.1,127,19.81421447280809,0.020000000000095497,1.6332798428536976,2.8704252032503903,1.3603110083636099,0.40375055044340763,0.045504026183943336,1.566210714202751,OK,True,3220.0,3240.0,561.5,564.02,-7.939400985366902,112.6248763616899,28.20331137565349,2.1,127.0,19.81421447280809,0.020000000000095497,1.6332798428536976,2.8704252032503903,1.3603110083636099,0.40375055044340763,0.045504026183943336,1.566210714202751,1.7960597751798535,3.1467121830135967,1.3603110083636099,0.05810445307145757,1.9230792190393364,49.5,2.0,Sedang,False
20260811_131526_089,Data (1).zip,sepeda,dashboard_center,50 Hz,162,3240.0,3260.0,564.04,566.3000000000001,-7.93922982254676,112.6249605983233,31.784967241570644,2.1,114,19.898613814967575,0.020000000000095497,1.373067847700527,2.510268689567536,1.066002232127593,0.3517832983287839,0.10029539403295339,1.5309502978569582,OK,True,3240.0,3260.0,564.04,566.3000000000001,-7.93922982254676,112.6249605983233,31.784967241570644,2.1,114.0,19.898613814967575,0.020000000000095497,1.373067847700527,2.510268689567536,1.066002232127593,0.3517832983287839,0.10029539403295339,1.5309502978569582,1.4178368856125836,2.5893977567138524,1.066002232127593,0.10892633887438032,1.640845004955306,35.7,0.0,Rendah,False
20260811_131526_089,Data (1).zip,sepeda,dashboard_center,50 Hz,163,3260.0,3280.0,566.32,568.46,-7.939053387558602,112.62504819808504,33.34913428268375,2.1,108,19.819574758789713,0.020000000000095497,1.0351204101990676,1.9682499265423083,0.7945780064405312,0.25227584652302226,0.0647867421793719,0.6492389142117598,OK,True,3260.0,3280.0,566.32,568.46,-7.939053387558602,112.62504819808504,33.34913428268375,2.1,108.0,19.819574758789713,0.020000000000095497,1.0351204101990676,1.9682499265423083,0.7945780064405312,0.25227584652302226,0.0647867421793719,0.6492389142117598,1.0421860136559253,1.9812441220235126,0.7945780064405312,0.06593067580621546,0.6588518474123083,6.6,0.0,Rendah,False
20260811_131526_089,Data (1).zip,sepeda,dashboard_center,50 Hz,164,3280.0,3300.0,568.48,570.58,-7.938892896293998,112.6251530688632,34.10090690457661,2.091120367497539,106,19.838584434306085,0.020000000000095497,1.8660503816384082,3.7155589553225874,1.393790093644068,0.3024409337202727,0.4829817714015694,2.436176900880827,OK,True,3280.0,3300.0,568.48,570.58,-7.938892896293998,112.6251530688632,34.10090690457661,2.091120367497539,106.0,19.838584434306085,0.020000000000095497,1.8660503816384082,3.7155589553225874,1.393790093644068,0.3024409337202727,0.4829817714015694,2.436176900880827,1.8568743518001942,3.697884350319347,1.393790093644068,0.47689469093208986,2.4103676713563384,62.1,1.0,Tinggi,False
20260811_131526_089,Data (1).zip,sepeda,dashboard_center,50 Hz,165,3300.0,3320.0,570.6,573.02,-7.938732334001037,112.625262844505,29.500356613450464,1.9621445583332593,122,19.816209830643857,0.020000000000095497,1.3405511717950755,2.624520181295765,1.1319289581663876,0.4037098955032648,0.16661836152974696,2.375570483425734,OK,True,3300.0,3320.0,570.6,573.02,-7.938732334001037,112.625262844505,29.500356613450464,1.9621445583332593,122.0,19.816209830643857,0.020000000000095497,1.3405511717950755,2.624520181295765,1.1319289581663876,0.4037098955032648,0.16661836152974696,2.375570483425734,1.4396821103197086,2.8120292577877843,1.1319289581663876,0.20018914014504297,2.7714715204096945,38.5,2.0,Sedang,False
20260811_131526_089,Data (1).zip,sepeda,dashboard_center,50 Hz,166,3320.0,3340.0,573.04,575.84,-7.938606451004499,112.6253367686418,25.288849548375108,1.8709301513295407,141,19.849499127481067,0.020000000000095497,0.9196866344432969,1.818897650000924,0.7674784163617215,0.4534119446641228,0.015056887139041172,0.7141697338183944,OK,True,3320.0,3340.0,573.04,575.84,-7.938606451004499,112.6253367686418,25.288849548375108,1.8709301513295407,141.0,19.849499127481067,0.020000000000095497,0.9196866344432969,1.818897650000924,0.7674784163617215,0.4534119446641228,0.015056887139041172,0.7141697338183944,1.0711024460228173,2.107825451328962,0.7674784163617215,0.022286424498631337,0.9926916732973049,8.8,0.0,Rendah,False
20260811_131526_089,Data (1).zip,sepeda,dashboard_center,50 Hz,167,3340.0,3360.0,575.86,578.36,-7.938448857828134,112.62541476272705,28.758191980279733,1.9,126,19.87022829620355,0.020000000000095497,1.2204969271676898,2.245064483105274,0.8863026369929123,0.3019592885677299,0.01792463316166868,1.4089281495318347,OK,True,3340.0,3360.0,575.86,578.36,-7.938448857828134,112.62541476272705,28.758191980279733,1.9,126.0,19.87022829620355,0.020000000000095497,1.2204969271676898,2.245064483105274,0.8863026369929123,0.3019592885677299,0.01792463316166868,1.4089281495318347,1.3284452941721312,2.4368682333058866,0.8863026369929123,0.022292157097637634,1.6920540121320335,17.0,0.0,Rendah,False
20260811_131526_089,Data (1).zip,sepeda,dashboard_center,50 Hz,168,3360.0,3380.0,578.38,580.58,-7.938282964796785,112.62549493004335,32.51864835169129,1.9,111,19.8472054134495,0.020000000000095497,1.7404863140140443,3.6791750959275635,1.373277149251262,0.3526944904422884,0.35799216460016525,1.4658740871577538,OK,True,3360.0,3380.0,578.38,580.58,-7.938282964796785,112.62549493004335,32.51864835169129,1.9,111.0,19.8472054134495,0.020000000000095497,1.7404863140140443,3.6791750959275635,1.373277149251262,0.3526944904422884,0.35799216460016525,1.4658740871577538,1.7757791927416144,3.751316239514185,1.373277149251262,0.37696864810332975,1.5308533328178335,58.2,2.0,Sedang,False
20260811_131526_089,Data (1).zip,sepeda,dashboard_center,50 Hz,169,3380.0,3400.0,580.6,582.78,-7.938105920608296,112.6255825074393,32.43498538070465,2.026017470585009,110,19.721872462071133,0.020000000000095497,1.7199583864511387,3.4968773830338575,1.3327118091991978,0.25352562286445873,0.2073045426667554,4.416077572202736,OK,True,3380.0,3400.0,580.6,582.78,-7.938105920608296,112.6255825074393,32.43498538070465,2.026017470585009,110.0,19.721872462071133,0.020000000000095497,1.7199583864511387,3.4968773830338575,1.3327118091991978,0.25352562286445873,0.2073045426667554,4.416077572202736,1.7572157747881307,3.5701229379893205,1.3327118091991978,0.21905616507215306,4.625362575090535,56.6,2.0,Sedang,False
20260811_131526_089,Data (1).zip,sepeda,dashboard_center,50 Hz,170,3400.0,3420.0,582.8000000000001,584.96,-7.937941398963894,112.62568498729972,33.14393145410319,2.1,109,19.79661985425855,0.020000000000095497,1.3881414670093715,2.6017270542817856,1.0352356483886034,0.2525683695908534,0.11602885709654802,1.1864355378904785,OK,True,3400.0,3420.0,582.8000000000001,584.96,-7.937941398963894,112.62568498729972,33.14393145410319,2.1,109.0,19.79661985425855,0.020000000000095497,1.3881414670093715,2.6017270542817856,1.0352356483886034,0.2525683695908534,0.11602885709654802,1.1864355378904785,1.402164094979066,2.627145269272231,1.0352356483886034,0.11906857348908186,1.2124823824629345,30.8,0.0,Rendah,False
20260811_131526_089,Data (1).zip,sepeda,dashboard_center,50 Hz,171,3420.0,3440.0,584.98,587.1,-7.937766779959417,112.62577390516219,33.774308220475696,9.716889991609099,107,19.877266347706154,0.020000000000095497,1.911612468708238,4.209144968968137,1.5475041959662301,0.3018523722047123,0.05346110387009971,6.1222967571172,OK,True,3420.0,3440.0,584.98,587.1,-7.937766779959417,112.62577390516219,33.774308220475696,9.716889991609099,107.0,19.877266347706154,0.020000000000095497,1.911612468708238,4.209144968968137,1.5475041959662301,0.3018523722047123,0.05346110387009971,6.1222967571172,1.91187116508069,4.209695957469591,1.5475041959662301,0.05347972057050244,6.124087010320526,69.2,2.0,Sedang,False
20260811_131526_089,Data (1).zip,sepeda,dashboard_center,50 Hz,172,3440.0,3460.0,587.12,589.2,-7.93762139450264,112.62584876954013,34.25396631027498,8.236620855339192,105,19.81997598541102,0.020000000000095497,1.9231016754343848,3.3773371990229455,1.470013275517045,0.35317903539098744,0.4439683282244584,3.3611910593872976,OK,True,3440.0,3460.0,587.12,589.2,-7.93762139450264,112.62584876954013,34.25396631027498,8.236620855339192,105.0,19.81997598541102,0.020000000000095497,1.9231016754343848,3.3773371990229455,1.470013275517045,0.35317903539098744,0.4439683282244584,3.3611910593872976,1.909140081375575,3.353617018132737,1.470013275517045,0.4357225908109968,3.308689930932538,65.9,1.0,Tinggi,False
20260811_131526_089,Data (1).zip,sepeda,dashboard_center,50 Hz,173,3460.0,3480.0,589.22,591.22,-7.937480447036461,112.62592824130546,35.481213991895466,8.121064236374288,101,19.72006823918946,0.020000000000095497,2.0795507174862573,4.540147141883127,1.7560895594334973,0.3549683457022214,0.4116296379322263,1.3088433148347205,OK,True,3460.0,3480.0,589.22,591.22,-7.937480447036461,112.62592824130546,35.481213991895466,8.121064236374288,101.0,19.72006823918946,0.020000000000095497,2.0795507174862573,4.540147141883127,1.7560895594334973,0.3549683457022214,0.4116296379322263,1.3088433148347205,2.0265593897060654,4.428191269566592,1.7560895594334973,0.3851799019702115,1.237846745476042,71.4,1.0,Tinggi,False
20260811_131526_089,Data (1).zip,sepeda,dashboard_center,50 Hz,174,3480.0,3500.0,591.24,593.22,-7.937322796512964,112.62601793004606,36.144760354432954,7.750018036394058,100,19.828856143029498,0.020000000000095497,1.089565014090443,2.022277637029254,0.7937895891012478,0.3025893151234142,0.27352681651112526,0.6895534469114818,OK,True,3480.0,3500.0,591.24,593.22,-7.937322796512964,112.62601793004606,36.144760354432954,7.750018036394058,100.0,19.828856143029498,0.020000000000095497,1.089565014090443,2.022277637029254,0.7937895891012478,0.3025893151234142,0.27352681651112526,0.6895534469114818,1.0514968298186538,1.953892769040755,0.7937895891012478,0.2496091657178881,0.6385530556049178,7.1,0.0,Rendah,False
20260811_131526_089,Data (1).zip,sepeda,dashboard_center,50 Hz,175,3500.0,3520.0,593.24,595.26,-7.937154967920126,112.62609994667567,35.02155836339971,7.893744254546051,102,19.729915151971454,0.020000000000095497,2.9298914790523107,5.723968717725021,2.3926803901082554,0.3041067310114847,0.11078917532151093,3.929455936106645,OK,True,3500.0,3520.0,593.24,595.26,-7.937154967920126,112.62609994667567,35.02155836339971,7.893744254546051,102.0,19.729915151971454,0.020000000000095497,2.9298914790523107,5.723968717725021,2.3926803901082554,0.3041067310114847,0.11078917532151093,3.929455936106645,2.8748933753178805,5.6200038227231754,2.3926803901082554,0.10551705073773278,3.7718211136110997,86.3,1.0,Tinggi,False
20260811_131526_089,Data (1).zip,sepeda,dashboard_center,50 Hz,176,3520.0,3540.0,595.28,597.26,-7.936978039367086,112.62618710219066,36.746635223187845,2.097655896023947,100,19.980848495972623,0.020000000000095497,2.2323628705321186,4.354759090984973,1.679777552669667,0.2502396232576314,0.4486637971632757,4.2866907490761115,OK,True,3520.0,3540.0,595.28,597.26,-7.936978039367086,112.62618710219066,36.746635223187845,2.097655896023947,100.0,19.980848495972623,0.020000000000095497,2.2323628705321186,4.354759090984973,1.679777552669667,0.2502396232576314,0.4486637971632757,4.2866907490761115,2.135723018583968,4.172274273658221,1.679777552669667,0.40037749228224356,3.895790662960806,74.7,1.0,Tinggi,False
20260811_131526_089,Data (1).zip,sepeda,dashboard_center,50 Hz,177,3540.0,3560.0,597.28,599.72,-7.936812694475654,112.62617686003892,28.953818206553137,2.187517036069864,123,19.8103306467724,0.020000000000095497,1.2134183918225507,2.4747706617604948,1.009408609178354,0.3533509927125056,0.48788898301500294,1.6006376358032788,OK,True,3540.0,3560.0,597.28,599.72,-7.936812694475654,112.62617686003892,28.953818206553137,2.187517036069864,123.0,19.8103306467724,0.020000000000095497,1.2134183918225507,2.4747706617604948,1.009408609178354,0.3533509927125056,0.48788898301500294,1.6006376358032788,1.316036750976712,2.6769442260732745,1.009408609178354,0.6012235315282038,1.9075259494092374,30.2,0.0,Rendah,False
20260811_131526_089,Data (1).zip,sepeda,dashboard_center,50 Hz,178,3560.0,3580.0,599.74,602.2,-7.936705990998096,112.62603305797319,28.794311058300764,2.1,124,19.71191008181495,0.020000000000095497,0.7879577099658186,1.410596920695277,0.7668484385383484,0.5073075089372193,0.03624124030677385,0.3534707257798456,OK,True,3560.0,3580.0,599.74,602.2,-7.936705990998096,112.62603305797319,28.794311058300764,2.1,124.0,19.71191008181495,0.020000000000095497,0.7879577099658186,1.410596920695277,0.7668484385383484,0.5073075089372193,0.03624124030677385,0.3534707257798456,0.8570832453944417,1.5301311373664062,0.7668484385383484,0.044995256024826194,0.4238956648238294,1.6,0.0,Rendah,False
20260811_131526_089,Data (1).zip,sepeda,dashboard_center,50 Hz,179,3580.0,3600.0,602.22,604.5,-7.936614556329957,112.62585077865991,31.511689847903934,2.0,115,19.934481192880867,0.020000000000095497,1.1645435333530307,2.3950447176052228,0.918925813644151,0.30098601222402316,0.033138140829954955,1.0203664259836789,OK,True,3580.0,3600.0,602.22,604.5,-7.936614556329957,112.62585077865991,31.511689847903934,2.0,115.0,19.934481192880867,0.020000000000095497,1.1645435333530307,2.3950447176052228,0.918925813644151,0.30098601222402316,0.033138140829954955,1.0203664259836789,1.2079908147882297,2.481425660721887,0.918925813644151,0.03641313514903745,1.1044011907782283,18.7,0.0,Rendah,False
20260811_131526_089,Data (1).zip,sepeda,dashboard_center,50 Hz,180,3600.0,3620.0,604.52,606.84,-7.936528770436851,112.62568087077632,30.500184824415584,1.9750539661679514,117,19.769835011680243,0.020000000000095497,1.286051827075369,2.5377604507543245,0.9982078075816382,0.5058211155577114,0.13429271653297806,1.8623113543608234,OK,True,3600.0,3620.0,604.52,606.84,-7.936528770436851,112.62568087077632,30.500184824415584,1.9750539661679514,117.0,19.769835011680243,0.020000000000095497,1.286051827075369,2.5377604507543245,0.9982078075816382,0.5058211155577114,0.13429271653297806,1.8623113543608234,1.3571364357833606,2.673323527888405,0.9982078075816382,0.15423008073622263,2.0918711299287427,29.7,0.0,Rendah,False
20260811_131526_089,Data (1).zip,sepeda,dashboard_center,50 Hz,181,3620.0,3640.0,606.86,609.02,-7.936437112296985,112.62551765113488,33.39875799941721,1.9,109,19.867598307864682,0.020000000000095497,1.3286317166155817,2.633398104130349,1.007296673301178,0.352332470766183,0.2207109600117524,1.3124392478294107,OK,True,3620.0,3640.0,606.86,609.02,-7.936437112296985,112.62551765113488,33.39875799941721,1.9,109.0,19.867598307864682,0.020000000000095497,1.3286317166155817,2.633398104130349,1.007296673301178,0.352332470766183,0.2207109600117524,1.3124392478294107,1.3366543937951483,2.6487777931266225,1.007296673301178,0.22415625644531023,1.3296218533842585,29.1,0.0,Rendah,False
20260811_131526_089,Data (1).zip,sepeda,dashboard_center,50 Hz,182,3640.0,3660.0,609.04,611.44,-7.936349754463865,112.6253488059354,29.67417861613685,1.9192640063124997,121,19.84401812038459,0.020000000000095497,1.3117769470198704,2.6901287360167494,1.0168564732244287,0.251965099490803,0.08606557456323533,0.8535793552936035,OK,True,3640.0,3660.0,609.04,611.44,-7.936349754463865,112.6253488059354,29.67417861613685,1.9192640063124997,121.0,19.84401812038459,0.020000000000095497,1.3117769470198704,2.6901287360167494,1.0168564732244287,0.251965099490803,0.08606557456323533,0.8535793552936035,1.4044309945716689,2.873717662569821,1.0168564732244287,0.10258696808790546,0.9892023515848632,33.5,0.0,Rendah,False
20260811_131526_089,Data (1).zip,sepeda,dashboard_center,50 Hz,183,3660.0,3680.0,611.46,614.3000000000001,-7.936275689608349,112.62517896933028,25.064307395534602,1.8,143,19.77994891212984,0.020000000000095497,1.3898256718671753,2.811444936077753,1.1397614457754135,0.4044499829367146,0.030991686349200416,1.6055902451837658,OK,True,3660.0,3680.0,611.46,614.3000000000001,-7.936275689608349,112.62517896933028,25.064307395534602,1.8,143.0,19.77994891212984,0.020000000000095497,1.3898256718671753,2.811444936077753,1.1397614457754135,0.4044499829367146,0.030991686349200416,1.6055902451837658,1.626260009887473,3.2728628971965334,1.1397614457754135,0.04642964628748505,2.254509609393889,50.0,2.0,Sedang,False
20260811_131526_089,Data (1).zip,sepeda,dashboard_center,50 Hz,184,3680.0,3700.0,614.32,617.36,-7.9361955214323885,112.62502640701543,23.537476080413803,1.7,153,19.847561641352968,0.020000000000095497,1.1801470294606782,2.637303624838297,1.0179752389035879,0.5038402288755064,0.14310197043454742,2.2600230228904516,OK,True,3680.0,3700.0,614.32,617.36,-7.9361955214323885,112.62502640701543,23.537476080413803,1.7,153.0,19.847561641352968,0.020000000000095497,1.1801470294606782,2.637303624838297,1.0179752389035879,0.5038402288755064,0.14310197043454742,2.2600230228904516,1.4273527514666382,3.1699622389459527,1.0179752389035879,0.23343035668203763,3.4085409132814113,50.5,2.0,Sedang,False
20260811_131526_089,Data (1).zip,sepeda,dashboard_center,50 Hz,185,3700.0,3720.0,617.38,623.6,-7.936092337898957,112.62491613912476,11.588089805797747,1.7,312,19.978603994565674,0.020000000000095497,0.8000629158661129,1.6060562032352501,0.8951302122931751,0.9009638513730054,0.07106768312032233,0.3783862063082352,OK,True,3700.0,3720.0,617.38,623.6,-7.936092337898957,112.62491613912476,11.588089805797747,1.7,312.0,19.978603994565674,0.020000000000095497,0.8000629158661129,1.6060562032352501,0.8951302122931751,0.9009638513730054,0.07106768312032233,0.3783862063082352,1.4050261189889617,2.768998714902155,0.8951302122931751,0.30262774434177586,1.2774195329708726,33.0,0.0,Rendah,False
20260811_131526_089,Data (1).zip,sepeda,dashboard_center,50 Hz,186,3720.0,3740.0,623.62,625.2,-7.93606807075155,112.62494629233046,7.659793946573052,1.9,80,3.32919529686842,0.020000000000095497,1.921333782059938,4.344586604174906,2.1374627860343662,1.5018644309341687,0.5139819136568541,2.570423800038268,coverage<18m,False,,,,,,,,,,,,,,,,,,,,,,,,,,
20260811_182606_294,session_20260811_182606_294.zip,tt,dashboard_center,100 Hz,0,0.0,20.0,24.23,26.38,-7.937450348912459,112.62709512770138,27.167416217999477,6.184614840533631,216,15.67718717695999,0.010000000000001563,1.237447786216567,2.163371162084623,0.9409996766474704,0.6378695289609427,0.012089000276046272,1.193820813763661,coverage<18m,False,,,,,,,,,,,,,,,,,,,,,,,,,,
20260811_182606_294,session_20260811_182606_294.zip,tt,dashboard_center,100 Hz,1,20.0,40.0,26.39,28.91,-7.937347925327746,112.62694721401175,28.651276992873168,5.841280136833594,253,19.939647813684992,0.010000000000001563,1.158374303021126,2.2092387341187116,0.9427475214254487,0.6018160457058902,0.1566848045622877,1.5463989297635194,OK,True,20.0,40.0,26.39,28.91,-7.937347925327746,112.62694721401175,28.651276992873168,5.841280136833594,253.0,19.939647813684992,0.010000000000001563,1.158374303021126,2.2092387341187116,0.9427475214254487,0.6018160457058902,0.1566848045622877,1.5463989297635194,0.9992982042871751,1.9379741808389501,0.8700321945333875,0.10063310133473824,1.2358210602889845,10.5,1.0,Rendah,False
20260811_182606_294,session_20260811_182606_294.zip,tt,dashboard_center,100 Hz,2,40.0,60.0,28.92,31.42,-7.937240725230519,112.62678148660314,28.86345231486747,6.041934078745682,251,19.911524453040002,0.010000000000001563,1.5479157372032284,2.9691627511760523,1.1879890793348218,0.5524438887611425,0.2718786980006667,1.6005885705171574,OK,True,40.0,60.0,28.92,31.42,-7.937240725230519,112.62678148660314,28.86345231486747,6.041934078745682,251.0,19.911524453040002,0.010000000000001563,1.5479157372032284,2.9691627511760523,1.1879890793348218,0.5524438887611425,0.2718786980006667,1.6005885705171574,1.3296041324820989,2.594656761737417,1.0937942121768907,0.17237759582844425,1.270790397181894,52.6,0.0,Sedang,False
20260811_182606_294,session_20260811_182606_294.zip,tt,dashboard_center,100 Hz,3,60.0,80.0,31.43,35.63,-7.9371363142058176,112.62662670549078,16.78919222685257,7.75839289702749,421,19.93865660870503,0.010000000000005116,1.6362713210689577,3.3884410920598085,1.7264506860561897,0.8526151151315761,0.03275142023364451,2.729353498745185,OK,True,60.0,80.0,31.43,35.63,-7.9371363142058176,112.62662670549078,16.78919222685257,7.75839289702749,421.0,19.93865660870503,0.010000000000005116,1.6362713210689577,3.3884410920598085,1.7264506860561897,0.8526151151315761,0.03275142023364451,2.729353498745185,1.9286125045804554,3.9202313862016354,1.887757007572295,0.05360483127324151,3.5027372169663797,84.2,2.0,Tinggi,False
20260811_182606_294,session_20260811_182606_294.zip,tt,dashboard_center,100 Hz,4,80.0,100.0,35.64,40.27,-7.937148688033428,112.62645553266094,15.605498550812015,9.806502699306295,464,19.977856669845025,0.010000000000005116,1.1113175512343951,2.306019277032422,1.0894076523324747,1.1012192330525246,0.04427423248369666,1.078771094720015,OK,True,80.0,100.0,35.64,40.27,-7.937148688033428,112.62645553266094,15.605498550812015,9.806502699306295,464.0,19.977856669845025,0.010000000000005116,1.1113175512343951,2.306019277032422,1.0894076523324747,1.1012192330525246,0.04427423248369666,1.078771094720015,1.3670032803863983,2.770884234256046,1.2191512511413287,0.08235677166986974,1.47712674502252,68.4,0.0,Sedang,False
20260811_182606_294,session_20260811_182606_294.zip,tt,dashboard_center,100 Hz,5,100.0,120.0,40.28,43.36,-7.937286367944559,112.62632634397507,23.59137094024498,8.212145974237101,309,19.958661801450006,0.010000000000005116,1.597162002515679,2.9789627596788724,1.4366013147589882,0.5010355954462586,0.041385384169024236,1.5023766143397994,OK,True,100.0,120.0,40.28,43.36,-7.937286367944559,112.62632634397507,23.59137094024498,8.212145974237101,309.0,19.958661801450006,0.010000000000005116,1.597162002515679,2.9789627596788724,1.4366013147589882,0.5010355954462586,0.041385384169024236,1.5023766143397994,1.5433886919109276,2.8898440423219207,1.410113826335272,0.03734794320262021,1.4262811219417704,78.9,0.0,Sedang,False
20260811_182606_294,session_20260811_182606_294.zip,tt,dashboard_center,100 Hz,6,120.0,140.0,43.37,46.550000000000004,-7.937435135647474,112.62620041875984,22.247564972336527,7.036293292384041,319,19.91933690003505,0.010000000000005116,1.427229467964128,2.784499121101613,1.2202219439870425,0.7028346410454741,0.024835642946249844,1.678695611803582,OK,True,120.0,140.0,43.37,46.550000000000004,-7.937435135647474,112.62620041875984,22.247564972336527,7.036293292384041,319.0,19.91933690003505,0.010000000000005116,1.427229467964128,2.784499121101613,1.2202219439870425,0.7028346410454741,0.024835642946249844,1.678695611803582,1.427229467964128,2.784499121101613,1.2202219439870425,0.024835642946249844,1.678695611803582,68.4,0.0,Sedang,False
20260811_182606_294,session_20260811_182606_294.zip,tt,dashboard_center,100 Hz,7,140.0,160.0,46.56,49.800000000000004,-7.937588780333956,112.62611566811184,21.983139189123612,9.543122735217885,325,19.95833165676501,0.010000000000005116,1.4593310056824147,2.6819102437442974,1.399584979541908,0.8016702134808292,0.015936743622125965,1.4177165024362142,OK,True,140.0,160.0,46.56,49.800000000000004,-7.937588780333956,112.62611566811184,21.983139189123612,9.543122735217885,325.0,19.95833165676501,0.010000000000005116,1.4593310056824147,2.6819102437442974,1.399584979541908,0.8016702134808292,0.015936743622125965,1.4177165024362142,1.4695559955831727,2.6985685428910684,1.404905098107855,0.016273774095316003,1.4328197101284212,63.2,0.0,Sedang,False
20260811_182606_294,session_20260811_182606_294.zip,tt,dashboard_center,100 Hz,8,160.0,180.0,49.81,52.61,-7.937774237134431,112.62597384178706,25.971564439949123,8.601026531130419,281,19.90262455631995,0.010000000000005116,1.1243369219402857,2.4314867987736766,0.9531240153505655,0.6531801855183935,0.010394909804586898,1.1288054562522138,OK,True,160.0,180.0,49.81,52.61,-7.937774237134431,112.62597384178706,25.971564439949123,8.601026531130419,281.0,19.90262455631995,0.010000000000005116,1.1243369219402857,2.4314867987736766,0.9531240153505655,0.6531801855183935,0.010394909804586898,1.1288054562522138,1.0271782006189802,2.244205066964545,0.9074469987561194,0.007928225659299112,0.9841210462516375,26.3,1.0,Rendah,False
20260811_182606_294,session_20260811_182606_294.zip,tt,dashboard_center,100 Hz,9,180.0,200.0,52.620000000000005,55.58,-7.937933173935864,112.62589038461252,24.280869792931824,7.727258000730413,297,19.923311553624956,0.010000000000005116,1.1027952859938075,2.0095150537563824,0.8381999797248928,0.7528868862802488,0.016271639935911728,0.9965111469331146,OK,True,180.0,200.0,52.620000000000005,55.58,-7.937933173935864,112.62589038461252,24.280869792931824,7.727258000730413,297.0,19.923311553624956,0.010000000000005116,1.1027952859938075,2.0095150537563824,0.8381999797248928,0.7528868862802488,0.016271639935911728,0.9965111469331146,1.0478892629609213,1.9205314089469767,0.8152591492940418,0.013962186468050603,0.9221900171483588,15.8,1.0,Rendah,False
20260811_182606_294,session_20260811_182606_294.zip,tt,dashboard_center,100 Hz,10,200.0,220.0,55.59,58.9,-7.938092578218829,112.62579531159258,21.65074514477132,6.776220884409401,332,19.95748186649999,0.010000000000005116,1.2737744768671233,2.381332956565821,1.0101471910157882,0.7515978268369886,0.01458463116566077,1.5199132345627886,OK,True,200.0,220.0,55.59,58.9,-7.938092578218829,112.62579531159258,21.65074514477132,6.776220884409401,332.0,19.95748186649999,0.010000000000005116,1.2737744768671233,2.381332956565821,1.0101471910157882,0.7515978268369886,0.01458463116566077,1.5199132345627886,1.2941624637582076,2.415105197087843,1.0189009515561942,0.015295559443877662,1.5569878186944792,36.8,0.0,Sedang,False
20260811_182606_294,session_20260811_182606_294.zip,tt,dashboard_center,100 Hz,11,220.0,240.0,58.910000000000004,64.84,-7.938304448508287,112.62570102614583,12.02639046029254,5.563923644683727,594,19.942879093754982,0.010000000000005116,0.7722624022226563,1.5038484692731682,0.735606811397109,1.4040099159387707,0.004208542578753761,0.44618847297778785,OK,True,220.0,240.0,58.910000000000004,64.84,-7.938304448508287,112.62570102614583,12.02639046029254,5.563923644683727,594.0,19.942879093754982,0.010000000000005116,0.7722624022226563,1.5038484692731682,0.735606811397109,1.4040099159387707,0.004208542578753761,0.44618847297778785,1.1060275364653218,2.0680129876646682,0.8941575099992305,0.012351177240761827,0.7696272612325786,15.8,1.0,Rendah,False
20260811_182606_294,session_20260811_182606_294.zip,tt,dashboard_center,100 Hz,12,240.0,260.0,64.85,70.53,-7.938437240826716,112.62561293303813,12.651171182292845,5.1255715500756365,569,19.962856394200003,0.010000000000005116,0.8933327464244392,1.8035065657178424,0.8936329396574793,1.3525118583653473,0.012195714434752708,0.45290272774152046,OK,True,240.0,260.0,64.85,70.53,-7.938437240826716,112.62561293303813,12.651171182292845,5.1255715500756365,569.0,19.962856394200003,0.010000000000005116,0.8933327464244392,1.8035065657178424,0.8936329396574793,1.3525118583653473,0.012195714434752708,0.45290272774152046,1.2421385267481424,2.415883565245898,1.0689271302710064,0.032755647069368676,0.7469187154658714,36.8,1.0,Rendah,False
20260811_182606_294,session_20260811_182606_294.zip,tt,dashboard_center,100 Hz,13,260.0,280.0,70.54,73.99,-7.938619619161889,112.6255165556569,20.9615628798675,11.327421346313015,346,19.984304279224943,0.010000000000005116,0.9248894290242942,1.8336982979025407,0.7727226791398053,0.9007068621704403,0.023373121721060458,0.673598341001383,gps>10m,False,,,,,,,,,,,,,,,,,,,,,,,,,,
20260811_182606_294,session_20260811_182606_294.zip,tt,dashboard_center,100 Hz,14,280.0,300.0,74.0,77.3,-7.9388003685453805,112.62538901766465,21.733301732171487,11.275536442145818,331,19.921424090414973,0.010000000000005116,1.0210566167223865,1.8752934200171363,0.8286169870750456,0.7027610042565171,0.004063918076579617,0.8610275856538817,gps>10m,False,,,,,,,,,,,,,,,,,,,,,,,,,,
20260811_182606_294,session_20260811_182606_294.zip,tt,dashboard_center,100 Hz,15,300.0,320.0,77.31,80.84,-7.938957365574498,112.62531443074185,20.337766716296592,11.25137872354833,354,19.940669302520064,0.010000000000005116,1.0735671875584185,2.1137283131990277,0.8804284205348036,0.7020827529711205,0.007974417496511055,1.2924749711275882,gps>10m,False,,,,,,,,,,,,,,,,,,,,,,,,,,
20260811_182606_294,session_20260811_182606_294.zip,tt,dashboard_center,100 Hz,16,320.0,340.0,80.85000000000001,84.51,-7.93914369886403,112.62522658640167,19.354212890660147,11.203925419724653,367,19.91746004768993,0.010000000000005116,0.916591285176624,1.7748450715370339,0.8583967955858991,0.6526936651999344,0.010663885277669614,0.6075384608317999,gps>10m,False,,,,,,,,,,,,,,,,,,,,,,,,,,
20260811_182606_294,session_20260811_182606_294.zip,tt,dashboard_center,100 Hz,17,340.0,360.0,84.52,87.46000000000001,-7.939316138525091,112.62515323233174,24.266567650412476,12.291856035196957,295,19.903128311130104,0.010000000000005116,1.3245958030792226,2.5596720914673305,1.0691611873308424,0.5526769374163482,0.024343288888076124,1.3179959681735756,gps>10m,False,,,,,,,,,,,,,,,,,,,,,,,,,,
20260811_182606_294,session_20260811_182606_294.zip,tt,dashboard_center,100 Hz,18,360.0,380.0,87.47,89.63,-7.9395170617304025,112.62502584038394,34.038576667484875,11.001919354417137,217,19.95559846044995,0.010000000000005116,1.3145283806376422,2.6418007957876224,0.9585896203748008,0.5011125083429107,0.09862477012244401,2.0055963148071374,gps>10m,False,,,,,,,,,,,,,,,,,,,,,,,,,,
20260811_182606_294,session_20260811_182606_294.zip,tt,dashboard_center,100 Hz,19,380.0,400.0,89.64,91.81,-7.939642715817479,112.6249135189894,32.66954009040336,10.68460940687699,218,19.886795024610024,0.010000000000005116,1.7684136484183324,3.8278524647178447,1.3812234102786847,0.6034154817380041,0.0710684570861585,3.765547160161004,gps>10m,False,,,,,,,,,,,,,,,,,,,,,,,,,,
20260811_182606_294,session_20260811_182606_294.zip,tt,dashboard_center,100 Hz,20,400.0,420.0,91.82000000000001,93.72,-7.939778184290006,112.62475683498089,37.55376084695588,10.728085631886245,191,19.963784109364894,0.010000000000005116,1.9504803957746206,4.159696240016637,1.5586235461631006,0.40072563178276643,0.10459110772482426,5.589390618701279,gps>10m,False,,,,,,,,,,,,,,,,,,,,,,,,,,
20260811_182606_294,session_20260811_182606_294.zip,tt,dashboard_center,100 Hz,21,420.0,440.0,93.73,95.44,-7.939916435494023,112.6246166446587,42.60465318840365,10.770757779178542,172,19.87179636090491,0.010000000000005116,1.3836514129109925,2.403525535399707,0.8948480973640995,0.45290319186776146,0.05223692918780458,2.007323956468531,gps>10m,False,,,,,,,,,,,,,,,,,,,,,,,,,,
20260811_182606_294,session_20260811_182606_294.zip,tt,dashboard_center,100 Hz,22,440.0,460.0,95.45,97.35000000000001,-7.94003374491441,112.62448896819485,37.33703015894174,10.836366604629749,191,19.911718614025006,0.010000000000005116,2.0301624579071906,4.284856734560549,1.5352317787582888,0.45199513786121737,0.03560906718376129,6.231801970364569,gps>10m,False,,,,,,,,,,,,,,,,,,,,,,,,,,
20260811_182606_294,session_20260811_182606_294.zip,tt,dashboard_center,100 Hz,23,460.0,480.0,97.36,99.21000000000001,-7.9401380737850715,112.62435228797676,38.59648463021384,11.044530175888205,186,19.79511634864008,0.010000000000005116,1.1840127799888835,2.341530503917592,0.8415810407698875,0.4041400848118581,0.07442142327036386,1.7544355606192163,gps>10m,False,,,,,,,,,,,,,,,,,,,,,,,,,,
20260811_182606_294,session_20260811_182606_294.zip,tt,dashboard_center,100 Hz,24,480.0,500.0,99.22,100.95,-7.940256613596486,112.62421247798483,41.35331385890542,11.122501742755064,174,19.877375414160042,0.010000000000005116,1.5330242644849243,3.2528669060453397,1.091767017086801,0.5533929792443288,0.011498847239823926,1.0934500358086752,gps>10m,False,,,,,,,,,,,,,,,,,,,,,,,,,,
20260811_182606_294,session_20260811_182606_294.zip,tt,dashboard_center,100 Hz,25,500.0,520.0,100.96000000000001,102.81,-7.940361291971151,112.62406285231046,38.40154367749896,11.494670835920541,186,19.94715420132991,0.010000000000005116,1.5708360391944676,3.152587028587135,1.1123185675267002,0.4511921805567611,0.0515599197948234,1.6209955099211477,gps>10m,False,,,,,,,,,,,,,,,,,,,,,,,,,,
20260811_182606_294,session_20260811_182606_294.zip,tt,dashboard_center,100 Hz,26,520.0,540.0,102.82000000000001,104.54,-7.9404916198005635,112.62390524759707,42.42264332323633,11.027477848828655,173,19.852246354770045,0.010000000000005116,2.200999546988976,3.8263680664280417,1.5339548446552598,0.35260493321039504,0.19126125051850507,5.982890824490277,gps>10m,False,,,,,,,,,,,,,,,,,,,,,,,,,,
20260811_182606_294,session_20260811_182606_294.zip,tt,dashboard_center,100 Hz,27,540.0,560.0,104.55,106.35000000000001,-7.9406090601586925,112.62375689408334,39.42046549201918,10.942409532933183,181,19.951377635435165,0.010000000000005116,1.2392445448350606,2.423743803232414,0.9399513498793852,0.45109666933552073,0.09053721885616442,0.9937934033117976,gps>10m,False,,,,,,,,,,,,,,,,,,,,,,,,,,
20260811_182606_294,session_20260811_182606_294.zip,tt,dashboard_center,100 Hz,28,560.0,580.0,106.36,108.01,-7.940725423647216,112.62361393169589,43.35586262698269,10.915615756194704,166,19.84859285681,0.010000000000005116,1.6848314030572065,3.6911375844349497,1.2056666211200489,0.5038140523180225,0.05917736785885573,3.239395005085386,gps>10m,False,,,,,,,,,,,,,,,,,,,,,,,,,,
20260811_182606_294,session_20260811_182606_294.zip,tt,dashboard_center,100 Hz,29,580.0,600.0,108.02,109.62,-7.940842038980912,112.62347745639501,44.92516188427904,10.743542892294927,161,19.83219756562505,0.010000000000005116,1.6322276493351093,3.4343740173826434,1.2520723788299226,0.2521152778684723,0.027502483624616547,1.4777142758444402,gps>10m,False,,,,,,,,,,,,,,,,,,,,,,,,,,
20260811_182606_294,session_20260811_182606_294.zip,tt,dashboard_center,100 Hz,30,600.0,620.0,109.63,111.31,-7.940940549294475,112.62334725041968,42.53192933745906,11.29333144588535,169,19.92556668935015,0.010000000000005116,1.8104944373694836,3.4348979240849884,1.228201205659965,0.4014942272269653,0.10298688236895637,2.9518635985200308,gps>10m,False,,,,,,,,,,,,,,,,,,,,,,,,,,
20260811_182606_294,session_20260811_182606_294.zip,tt,dashboard_center,100 Hz,31,620.0,640.0,111.32000000000001,113.10000000000001,-7.941048795268013,112.62320943617117,40.12561797160469,12.736343394838048,179,19.88343114367001,0.010000000000005116,1.8382186677045798,3.609157430353798,1.2994756213178316,0.3017587838158471,0.23341010195926204,3.471283692367645,gps>10m,False,,,,,,,,,,,,,,,,,,,,,,,,,,
20260811_182606_294,session_20260811_182606_294.zip,tt,dashboard_center,100 Hz,32,640.0,660.0,113.11,114.92,-7.941176541477581,112.62306277778362,39.533885258982544,12.88586815280119,182,19.91323324920006,0.010000000000005116,2.2154610214430166,4.352355756536742,1.5701626487150506,0.30130717221629627,0.008336660636694795,7.224474759506915,gps>10m,False,,,,,,,,,,,,,,,,,,,,,,,,,,
20260811_182606_294,session_20260811_182606_294.zip,tt,dashboard_center,100 Hz,33,660.0,680.0,114.93,116.69,-7.941320013584284,112.62292293177971,41.11943698255249,12.74595229514851,177,19.91115873627996,0.010000000000005116,2.2517162259959043,5.127752428071863,1.6662180619430427,0.25111547078822394,0.22328139199914382,3.1185534520359544,gps>10m,False,,,,,,,,,,,,,,,,,,,,,,,,,,
20260811_182606_294,session_20260811_182606_294.zip,tt,dashboard_center,100 Hz,34,680.0,700.0,116.7,118.58,-7.94143664647367,112.62278582569513,37.91594423886423,12.252818891440489,189,19.86688484677495,0.010000000000005116,1.3836465690916129,2.9366516883732214,1.0375519254391423,0.35234512375684957,0.09947630725223697,0.9927719151286987,gps>10m,False,,,,,,,,,,,,,,,,,,,,,,,,,,
20260811_182606_294,session_20260811_182606_294.zip,tt,dashboard_center,100 Hz,35,700.0,720.0,118.59,120.44,-7.941557841384926,112.62264779591814,38.50199563039801,12.009808237439886,186,19.86355835374991,0.010000000000005116,1.2627580910754708,2.512812532128363,0.9439111893478913,0.40274757712229003,0.21618643117568798,0.6776286629666044,gps>10m,False,,,,,,,,,,,,,,,,,,,,,,,,,,
20260811_182606_294,session_20260811_182606_294.zip,tt,dashboard_center,100 Hz,36,720.0,740.0,120.45,122.33,-7.941683875904347,112.62250076444836,38.12585318516424,12.144945663701485,189,19.949345341399976,0.010000000000005116,2.4719853250946366,4.845067670999361,1.7423734125958523,0.401015665581665,0.1554946506221444,3.1171644144791664,gps>10m,False,,,,,,,,,,,,,,,,,,,,,,,,,,
20260811_182606_294,session_20260811_182606_294.zip,tt,dashboard_center,100 Hz,37,740.0,760.0,122.34,124.52,-7.941787507013577,112.62236215254879,32.97800267578532,11.791356219323074,219,19.883767363680022,0.010000000000005116,1.508309486034081,2.778926032665404,1.1181871438599478,0.5029228021580129,0.12822218671142036,2.4729160558318024,gps>10m,False,,,,,,,,,,,,,,,,,,,,,,,,,,
20260811_182606_294,session_20260811_182606_294.zip,tt,dashboard_center,100 Hz,38,760.0,780.0,124.53,127.29,-7.941892699571781,112.62223112642631,25.92852451794627,12.003446750803713,277,19.895892971049875,0.010000000000005116,1.6575668912557429,4.089425208357158,1.5270229889218614,0.653401182792652,0.030321241435566228,2.578494044140607,gps>10m,False,,,,,,,,,,,,,,,,,,,,,,,,,,
20260811_182606_294,session_20260811_182606_294.zip,tt,dashboard_center,100 Hz,39,780.0,800.0,127.3,130.97,-7.942037881044857,112.62208923268372,19.588316732599793,11.843510127587493,368,19.979824998644972,0.010000000000019327,0.9154551986777552,1.7191982071952332,0.7563189760946425,0.8508583033711725,0.007435662634505322,0.7442281587409579,gps>10m,False,,,,,,,,,,,,,,,,,,,,,,,,,,
20260811_182606_294,session_20260811_182606_294.zip,tt,dashboard_center,100 Hz,40,800.0,820.0,130.98,138.13,-7.942153447256361,112.62195773427106,10.154651114700034,10.736836977437985,698,19.93642311442011,0.18999999999999773,0.7703346770110491,1.5228726012491764,0.8035610783184398,1.75558071772084,0.009093707408621534,0.45234166629812605,gps>10m,False,,,,,,,,,,,,,,,,,,,,,,,,,,
20260811_182606_294,session_20260811_182606_294.zip,tt,dashboard_center,100 Hz,41,820.0,840.0,138.14000000000001,142.06,-7.9422850231020075,112.6218389221918,18.34605825423464,10.599342641158511,393,19.970272871554926,0.010000000000019327,1.0539565590341295,2.31717117734007,0.9702001281547423,0.8512652836213522,0.009882747614330353,1.1162737137577647,gps>10m,False,,,,,,,,,,,,,,,,,,,,,,,,,,
20260811_182606_294,session_20260811_182606_294.zip,tt,dashboard_center,100 Hz,42,840.0,860.0,142.07,145.12,-7.942406835029152,112.62170032508105,23.496703560222972,10.60756376851944,306,19.89285549325507,0.010000000000019327,0.9643476713796876,1.9385691782061674,0.8015366324444653,0.8545781678132669,0.00727654027369312,0.6668356994651441,gps>10m,False,,,,,,,,,,,,,,,,,,,,,,,,,,
20260811_182606_294,session_20260811_182606_294.zip,tt,dashboard_center,100 Hz,43,860.0,880.0,145.13,147.9,-7.942523280620428,112.62156368036821,25.83463845943592,10.5882894220868,278,19.954798778880104,0.010000000000019327,1.2542409034692799,2.4249036681329468,1.0246363213073095,0.6013591083013397,0.057398802721871534,1.6139161208490598,gps>10m,False,,,,,,,,,,,,,,,,,,,,,,,,,,
20260811_182606_294,session_20260811_182606_294.zip,tt,dashboard_center,100 Hz,44,880.0,900.0,147.91,150.42000000000002,-7.942637737465931,112.62141029202792,28.532394908214926,10.742675663500762,252,19.895071857745165,0.010000000000019327,1.0124663851359719,1.8329327798587742,0.7484275561397514,0.6534281500943205,0.005722863543046702,0.7001229227286443,gps>10m,False,,,,,,,,,,,,,,,,,,,,,,,,,,
20260811_182606_294,session_20260811_182606_294.zip,tt,dashboard_center,100 Hz,45,900.0,920.0,150.43,152.73,-7.942729951614429,112.62125759380224,31.30159742279036,10.858293211690096,231,19.914078633624854,0.010000000000019327,1.7993170150297286,3.713054008437859,1.3924111856942518,0.40172584166118674,0.11934968305357749,2.7425150089713606,gps>10m,False,,,,,,,,,,,,,,,,,,,,,,,,,,
20260811_182606_294,session_20260811_182606_294.zip,tt,dashboard_center,100 Hz,46,920.0,940.0,152.74,154.84,-7.942861207534519,112.62110649593433,34.117749360328546,11.18075322760213,211,19.915254537434976,0.010000000000019327,1.200107721585288,2.1608386393844334,0.9396972218361632,0.5021276520068003,0.003771991640725167,0.9958847159047024,gps>10m,False,,,,,,,,,,,,,,,,,,,,,,,,,,
20260811_182606_294,session_20260811_182606_294.zip,tt,dashboard_center,100 Hz,47,940.0,960.0,154.85,157.15,-7.942991914408396,112.62097268954372,31.100856349345317,12.031731339605424,231,19.89199495308503,0.010000000000019327,1.1865138381663527,2.432754530783515,0.9877676359323353,0.45244330803553706,0.025668565443897305,1.624924211134124,gps>10m,False,,,,,,,,,,,,,,,,,,,,,,,,,,
20260811_182606_294,session_20260811_182606_294.zip,tt,dashboard_center,100 Hz,48,960.0,980.0,157.16,159.72,-7.943129241214072,112.62084792436605,27.871597775019676,11.938746863499553,257,19.967321276525013,0.010000000000019327,0.9792753486775139,1.8149556697719442,0.7352258849253364,0.6009819661743032,0.009065712257929962,0.8101252265141015,gps>10m,False,,,,,,,,,,,,,,,,,,,,,,,,,,
20260811_182606_294,session_20260811_182606_294.zip,tt,dashboard_center,100 Hz,49,980.0,1000.0,159.73,162.21,-7.943275665515353,112.620675265523,29.160749561346062,11.363516114890704,249,19.89276691520513,0.010000000000019327,0.9548690499104273,1.8500995710335537,0.7896609507507958,0.6032343339240427,0.002379199860040207,1.0912669565761783,gps>10m,False,,,,,,,,,,,,,,,,,,,,,,,,,,
20260811_182606_294,session_20260811_182606_294.zip,tt,dashboard_center,100 Hz,50,1000.0,1020.0,162.22,164.46,-7.943387793733224,112.62054897973198,32.01845700581799,11.282067289414984,225,19.906023261100017,0.010000000000019327,1.9907202408775835,4.66995247614311,1.6471361295890559,0.4521244591122142,0.06138209931855168,1.7060447002692722,gps>10m,False,,,,,,,,,,,,,,,,,,,,,,,,,,
20260811_182606_294,session_20260811_182606_294.zip,tt,dashboard_center,100 Hz,51,1020.0,1040.0,164.47,166.68,-7.943539732766354,112.6204252852506,32.8489210864668,11.258324174248125,222,19.92453145037507,0.010000000000019327,1.5947960221521083,3.3373842538350846,1.321977475308426,0.45170447407587994,0.0186646361439956,1.198806200209154,gps>10m,False,,,,,,,,,,,,,,,,,,,,,,,,,,
20260811_182606_294,session_20260811_182606_294.zip,tt,dashboard_center,100 Hz,52,1040.0,1060.0,166.69,169.62,-7.943655795339015,112.62030509298509,24.19400918113794,11.27284275857431,294,19.944059027870026,0.010000000000019327,1.4219552813670693,2.8750338299185714,1.3181170313964061,0.6518231811204365,0.07521408721664202,0.9783438380194633,gps>10m,False,,,,,,,,,,,,,,,,,,,,,,,,,,
20260811_182606_294,session_20260811_182606_294.zip,tt,dashboard_center,100 Hz,53,1060.0,1080.0,169.63,172.48,-7.943786783141485,112.62019046315339,25.20118793452055,11.894588605563928,286,19.925945391579944,0.010000000000019327,1.0093881328739054,1.8175325959775999,0.7939033416765346,0.5520440703731047,0.009820278574948245,0.9870613744594195,gps>10m,False,,,,,,,,,,,,,,,,,,,,,,,,,,
20260811_182606_294,session_20260811_182606_294.zip,tt,dashboard_center,100 Hz,54,1080.0,1100.0,172.49,175.06,-7.943949567588923,112.62005071202756,27.794340465296983,11.470810037278365,258,19.88860363410504,0.010000000000019327,1.7072739528816927,3.6783234373592926,1.4601703550566245,0.6033606089581052,0.06502711043592944,2.84808893237864,gps>10m,False,,,,,,,,,,,,,,,,,,,,,,,,,,
20260811_182606_294,session_20260811_182606_294.zip,tt,dashboard_center,100 Hz,55,1100.0,1120.0,175.07,177.94,-7.944084953321645,112.61992907579724,24.919936607315698,10.950201132342244,288,19.929212395175,0.010000000000019327,1.354398886796324,2.714219214442636,1.0872412226390105,0.6021311711698794,0.04504932623839852,1.132689683626881,gps>10m,False,,,,,,,,,,,,,,,,,,,,,,,,,,
20260811_182606_294,session_20260811_182606_294.zip,tt,dashboard_center,100 Hz,56,1120.0,1140.0,177.95000000000002,181.52,-7.944228659328671,112.61981909982713,20.15164943656703,10.883866397481661,358,19.98305687324023,0.010000000000019327,1.242267277833676,2.4637209177335704,1.0587855579772634,0.7506359059652602,0.005706261929043518,1.660836089335053,gps>10m,False,,,,,,,,,,,,,,,,,,,,,,,,,,
20260811_182606_294,session_20260811_182606_294.zip,tt,dashboard_center,100 Hz,57,1140.0,1160.0,181.53,184.91,-7.944374707868272,112.61969603547719,21.243393626147018,10.798610550308963,339,19.93919098143988,0.010000000000019327,1.2278121002431652,2.4273290445889035,1.027378285945685,0.6018298340775228,0.008517492598780176,1.489105774160089,gps>10m,False,,,,,,,,,,,,,,,,,,,,,,,,,,
20260811_182606_294,session_20260811_182606_294.zip,tt,dashboard_center,100 Hz,58,1160.0,1180.0,184.92000000000002,190.11,-7.944530590697186,112.61959308271045,13.874140535551089,11.066898339418035,520,19.946183092534966,0.010000000000019327,1.631258952742309,3.2145223271564283,1.586891077479086,0.852293389724393,0.0780514943642379,2.3108794013285325,gps>10m,False,,,,,,,,,,,,,,,,,,,,,,,,,,
20260811_182606_294,session_20260811_182606_294.zip,tt,dashboard_center,100 Hz,59,1180.0,1200.0,190.12,193.4,-7.944670412966441,112.61970051092673,21.660376997870017,12.813257988402917,329,19.901851901390273,0.010000000000019327,1.827365559758262,3.77673771909851,1.5458175511675738,0.8039452850557237,0.10875331301636001,2.670515388554282,gps>10m,False,,,,,,,,,,,,,,,,,,,,,,,,,,
20260811_182606_294,session_20260811_182606_294.zip,tt,dashboard_center,100 Hz,60,1200.0,1220.0,193.41,195.36,-7.944837775634051,112.61996811631116,36.97955383167484,14.815598513300333,196,19.883720133510224,0.010000000000019327,1.429375142263965,2.8600551053426138,1.0543778653709777,0.30175439805593235,0.021280603268693094,2.039077964573158,gps>10m,False,,,,,,,,,,,,,,,,,,,,,,,,,,
20260811_182606_294,session_20260811_182606_294.zip,tt,dashboard_center,100 Hz,61,1220.0,1240.0,195.37,197.17000000000002,-7.944934753490814,112.6201708608446,39.755115691243375,14.82057003918252,181,19.8996878185053,0.010000000000019327,1.6294786159916916,3.362810502391085,1.2466300519482203,0.3517643122768236,0.006750734638245989,0.8606929991216856,gps>10m,False,,,,,,,,,,,,,,,,,,,,,,,,,,
20260811_182606_294,session_20260811_182606_294.zip,tt,dashboard_center,100 Hz,62,1240.0,1260.0,197.18,198.68,-7.945084284435483,112.62033968739011,46.96105095699404,14.283551463512831,151,19.91957500816534,0.010000000000019327,2.166013402498226,4.77622483432451,1.5468975881798854,0.3012112455983879,0.10696126673253889,3.9168465254873834,gps>10m,False,,,,,,,,,,,,,,,,,,,,,,,,,,
20260811_182606_294,session_20260811_182606_294.zip,tt,dashboard_center,100 Hz,63,1260.0,1280.0,198.69,200.04,-7.945271154332663,112.62053420330102,54.18706990634126,14.16701667642526,136,19.792452363509938,0.010000000000019327,2.287680345795094,4.655125053754228,1.507347464217353,0.4041944804550386,0.11253519505296028,5.282580438167098,gps>10m,False,,,,,,,,,,,,,,,,,,,,,,,,,,
20260811_182606_294,session_20260811_182606_294.zip,tt,dashboard_center,100 Hz,64,1280.0,1300.0,200.05,201.59,-7.945330471402552,112.6206744025397,46.14706110547758,12.625720918647145,155,19.87793972098484,0.010000000000019327,2.8792080222260994,5.235195064474153,1.9064499285476266,0.4527632202495732,0.12942198614165612,7.172422503071403,gps>10m,False,,,,,,,,,,,,,,,,,,,,,,,,,,
20260811_182606_294,session_20260811_182606_294.zip,tt,dashboard_center,100 Hz,65,1300.0,1320.0,201.6,203.14000000000001,-7.945436508579186,112.62084048522253,46.662790068971994,12.557212906836645,155,19.87628223671004,0.010000000000019327,2.2264363811456747,4.341873524471802,1.6267775618370115,0.30186731746636397,0.19430748937215497,1.8730663222979913,gps>10m,False,,,,,,,,,,,,,,,,,,,,,,,,,,
20260811_182606_294,session_20260811_182606_294.zip,tt,dashboard_center,100 Hz,66,1320.0,1340.0,203.15,204.91,-7.945503180396555,112.62093551888805,40.305628368343186,13.790274243574514,177,19.895309437920105,0.010000000000019327,1.8938167318809658,3.860302212831878,1.6029991095548974,0.35184172539976305,0.2388871577851798,3.411622259903168,gps>10m,False,,,,,,,,,,,,,,,,,,,,,,,,,,
20260811_182606_294,session_20260811_182606_294.zip,tt,dashboard_center,100 Hz,67,1340.0,1360.0,204.92000000000002,206.59,-7.94562113975477,112.6210945391265,42.612355043705755,14.875096008866553,168,19.891926951300093,0.010000000000019327,2.580847859975609,5.693255112690286,2.021500417143993,0.3519015536874619,0.03362241217615763,4.650510331562118,gps>10m,False,,,,,,,,,,,,,,,,,,,,,,,,,,
20260811_182606_294,session_20260811_182606_294.zip,tt,dashboard_center,100 Hz,68,1360.0,1380.0,206.6,208.12,-7.945745684930585,112.62128661839435,47.785454556043035,15.020225337039392,153,19.88420523433024,0.010000000000019327,1.3800559746728278,2.856116845739694,0.9858939740853414,0.25145586364032596,0.43932569111332653,2.6299471854434677,gps>10m,False,,,,,,,,,,,,,,,,,,,,,,,,,,
20260811_182606_294,session_20260811_182606_294.zip,tt,dashboard_center,100 Hz,69,1380.0,1400.0,208.13,209.8,-7.9458530000683405,112.62140905361795,42.54434702032089,14.83237264529462,168,19.824416221560114,0.010000000000019327,1.5045966025858455,2.79648656857741,1.0035949345465434,0.4539856255747909,0.03772990140279661,1.5934648728227963,gps>10m,False,,,,,,,,,,,,,,,,,,,,,,,,,,
20260811_182606_294,session_20260811_182606_294.zip,tt,dashboard_center,100 Hz,70,1400.0,1420.0,209.81,211.6,-7.945933172871717,112.62156813403445,40.573791868996686,15.683200375131737,180,19.93589025423489,0.010000000000019327,1.303956669461401,2.4886053783981734,0.8995813734235307,0.30096473864393625,0.03494901612323497,2.00227286878306,gps>10m,False,,,,,,,,,,,,,,,,,,,,,,,,,,
20260811_182606_294,session_20260811_182606_294.zip,tt,dashboard_center,100 Hz,71,1420.0,1440.0,211.61,213.99,-7.945950951170199,112.62166688057411,29.852995880318833,15.316193850100776,239,19.8976171639149,0.010000000000019327,1.4934319477088533,2.8267829513621727,1.3682585728313112,0.6533445634674288,0.013498246269685838,0.9312377419739614,gps>10m,False,,,,,,,,,,,,,,,,,,,,,,,,,,
20260811_182606_294,session_20260811_182606_294.zip,tt,dashboard_center,100 Hz,72,1440.0,1460.0,214.0,216.74,-7.945982560393797,112.6217510961338,26.161844578240746,14.510648571885534,275,19.97259656064989,0.010000000000019327,3.281538934730443,7.529956542042045,3.1960792346848854,0.6508918337444749,0.17241580716375726,5.187005950651172,gps>10m,False,,,,,,,,,,,,,,,,,,,,,,,,,,
20260811_182606_294,session_20260811_182606_294.zip,tt,dashboard_center,100 Hz,73,1460.0,1480.0,216.75,219.15,-7.9460622779033745,112.62198250893546,29.877598474605254,13.807650972828096,241,19.894396093659907,0.010000000000019327,1.124854422592034,2.1005804432051463,0.8502391980868954,0.7037157566427273,0.02650337597507527,0.9940053541974941,gps>10m,False,,,,,,,,,,,,,,,,,,,,,,,,,,
20260811_182606_294,session_20260811_182606_294.zip,tt,dashboard_center,100 Hz,74,1480.0,1500.0,219.16,221.45000000000002,-7.946132179500987,112.62213719325658,30.85185063325004,14.811556031622757,230,19.88493123686544,0.010000000000019327,3.4348355855518045,7.585441205598491,3.4170919375432,0.4526040292920175,0.24735919941478304,18.469451245058636,gps>10m,False,,,,,,,,,,,,,,,,,,,,,,,,,,
20260811_182606_294,session_20260811_182606_294.zip,tt,dashboard_center,100 Hz,75,1500.0,1520.0,221.46,223.29,-7.946345679365498,112.62236448163802,39.76167036254802,15.597312986468161,184,19.923807830229862,0.010000000000019327,2.0742281762439894,4.429763231899052,1.8609223390999077,0.4015296708424287,0.8622421791148822,6.241315726852777,gps>10m,False,,,,,,,,,,,,,,,,,,,,,,,,,,
20260811_182606_294,session_20260811_182606_294.zip,tt,dashboard_center,100 Hz,76,1520.0,1540.0,223.3,225.09,-7.946431117095662,112.62251747183078,40.02508302805254,14.709073538573758,180,19.913841305099822,0.010000000000019327,2.524529732041293,4.791997686287443,1.7951535375022614,0.4017306293362519,0.27955035237598475,4.9939363128161425,gps>10m,False,,,,,,,,,,,,,,,,,,,,,,,,,,
20260811_182606_294,session_20260811_182606_294.zip,tt,dashboard_center,100 Hz,77,1540.0,1560.0,225.1,227.43,-7.946466744092895,112.62262187214048,30.29565843716794,14.272018427493784,234,19.839171512195207,0.010000000000019327,2.197947213508297,4.8158611607031805,1.8093704953137273,0.5040533065532986,0.2250101118237915,2.430546109104308,gps>10m,False,,,,,,,,,,,,,,,,,,,,,,,,,,
20260811_182606_294,session_20260811_182606_294.zip,tt,dashboard_center,100 Hz,78,1560.0,1580.0,227.44,229.89000000000001,-7.946525647575568,112.6227471330568,29.613866915582943,14.587384374956446,246,19.963322834230212,0.010000000000019327,1.571053586816665,3.4283724248728626,1.2887672698774322,0.5009186137516871,0.012130897832968472,2.9612362412963167,gps>10m,False,,,,,,,,,,,,,,,,,,,,,,,,,,
20260811_182606_294,session_20260811_182606_294.zip,tt,dashboard_center,100 Hz,79,1580.0,1600.0,229.9,232.05,-7.946712931239085,112.62287494219163,33.28884398318559,15.124950831431928,216,19.861356635145057,0.010000000000019327,0.8385537343946994,1.567381469213133,0.591952248996095,0.453141251392381,0.010115772833816317,0.5909337974900368,gps>10m,False,,,,,,,,,,,,,,,,,,,,,,,,,,
20260811_182606_294,session_20260811_182606_294.zip,tt,dashboard_center,100 Hz,80,1600.0,1620.0,232.06,234.13,-7.946853133187188,112.62303961651392,34.6784353515274,15.689944419104142,208,19.911521419559904,0.010000000000019327,1.219208455957614,2.457069644495483,0.8897045892405335,0.4017774348544392,0.007910687488790112,1.6253698967182029,gps>10m,False,,,,,,,,,,,,,,,,,,,,,,,,,,
20260811_182606_294,session_20260811_182606_294.zip,tt,dashboard_center,100 Hz,81,1620.0,1640.0,234.14000000000001,236.56,-7.946855898523312,112.62319507396253,29.57683931651633,14.699946765757195,243,19.918474338904844,0.010000000000019327,1.2765279779903451,2.586153485460377,0.9786510025090502,0.5522511319310615,0.018026040042922027,1.3519572865342868,gps>10m,False,,,,,,,,,,,,,,,,,,,,,,,,,,
20260811_182606_294,session_20260811_182606_294.zip,tt,dashboard_center,100 Hz,82,1640.0,1660.0,236.57,239.05,-7.946872319371485,112.62336732455493,29.081102932326704,14.06594825231149,249,19.995442496455098,0.010000000000019327,1.8191086090267028,3.16648555760601,1.4914010966902875,0.5001139635580886,0.16030128257264398,4.694354689698907,gps>10m,False,,,,,,,,,,,,,,,,,,,,,,,,,,
20260811_182606_294,session_20260811_182606_294.zip,tt,dashboard_center,100 Hz,83,1660.0,1680.0,239.06,241.54,-7.946933586043802,112.62349973991165,28.73375383557542,14.023501879721554,249,19.870878781424835,0.010000000000019327,0.9360286224628166,2.022468643179328,0.7450615976564405,0.6038988074959986,0.0815757335126936,0.49870218035881325,gps>10m,False,,,,,,,,,,,,,,,,,,,,,,,,,,
20260811_182606_294,session_20260811_182606_294.zip,tt,dashboard_center,100 Hz,84,1680.0,1700.0,241.55,243.84,-7.946998796817619,112.62371151094217,31.525442553313475,15.27381999216759,230,19.95627965446988,0.010000000000019327,1.4344873348100575,2.873669073352658,1.0846916942256914,0.5010954032085917,0.006235423439715594,0.7770179596692016,gps>10m,False,,,,,,,,,,,,,,,,,,,,,,,,,,
20260811_182606_294,session_20260811_182606_294.zip,tt,dashboard_center,100 Hz,85,1700.0,1720.0,243.85,246.06,-7.947085861279138,112.62386548321862,32.22242940105965,14.834113651586776,222,19.832683826020002,0.010000000000019327,1.6214159058109354,3.3913596759522875,1.220106905088403,0.45379637365025793,0.0668484329704737,2.31521289831448,gps>10m,False,,,,,,,,,,,,,,,,,,,,,,,,,,
20260811_182606_294,session_20260811_182606_294.zip,tt,dashboard_center,100 Hz,86,1720.0,1740.0,246.07,248.04,-7.947206678788326,112.62405434980414,36.43443084745499,15.637739741629954,198,19.972017610560215,0.010000000000019327,1.5262989885769656,2.770598994254867,1.092188793027798,0.4506304858874772,0.006105111614492228,2.0787016351805154,gps>10m,False,,,,,,,,,,,,,,,,,,,,,,,,,,
20260811_182606_294,session_20260811_182606_294.zip,tt,dashboard_center,100 Hz,87,1740.0,1760.0,248.05,249.81,-7.94735548118199,112.62429582949402,41.0490099241275,15.045013580942042,177,19.917959779504827,0.010000000000019327,2.4587245507311226,4.782344408478274,2.0104200745151415,0.3514416173890891,0.05998661623139992,8.511976312261313,gps>10m,False,,,,,,,,,,,,,,,,,,,,,,,,,,
20260811_182606_294,session_20260811_182606_294.zip,tt,dashboard_center,100 Hz,88,1760.0,1780.0,249.82,251.98000000000002,-7.947389371720875,112.62445619180009,33.35398532857222,14.670624770389608,217,19.857078540450175,0.010000000000019327,1.3926275743230294,2.5505752146507326,1.0374181359245152,0.654678379476525,0.001623766769535917,1.8548001317539582,gps>10m,False,,,,,,,,,,,,,,,,,,,,,,,,,,
20260811_182606_294,session_20260811_182606_294.zip,tt,dashboard_center,100 Hz,89,1780.0,1800.0,251.99,255.82,-7.947446230955272,112.62456600570451,18.5002601058662,13.143675274128912,384,19.951104389284865,0.010000000000019327,1.0955581276486523,2.183841459379808,0.9810834889565287,0.7017155404950403,0.008306229538346659,1.2081920060609297,gps>10m,False,,,,,,,,,,,,,,,,,,,,,,,,,,
20260811_182606_294,session_20260811_182606_294.zip,tt,dashboard_center,100 Hz,90,1800.0,1820.0,255.83,260.27,-7.94755918998474,112.62472610560353,16.14135059399297,13.631417588651786,445,19.942560208709892,0.010000000000047748,0.9310801122705941,1.747468420665023,0.9040939518572016,1.0028802616458954,0.0028814477914312735,0.7543415472110809,gps>10m,False,,,,,,,,,,,,,,,,,,,,,,,,,,
20260811_182606_294,session_20260811_182606_294.zip,tt,dashboard_center,100 Hz,91,1820.0,1840.0,260.28000000000003,265.18,-7.947691941741043,112.62490984545009,14.730933116820614,15.180330175701238,491,19.969469561975075,0.010000000000047748,1.1742853194560583,2.346694389011211,1.2363727107669547,1.051605298519657,0.02937856941565387,1.1475191532426203,gps>10m,False,,,,,,,,,,,,,,,,,,,,,,,,,,
20260811_182606_294,session_20260811_182606_294.zip,tt,dashboard_center,100 Hz,92,1840.0,1860.0,265.19,276.08,-7.947690675096711,112.62498456262645,8.268442277258426,14.950040539958934,707,19.965136046935413,2.2199999999999704,0.4944052684634427,0.9517671054907515,0.5058686260299425,1.8031432350557857,0.012483129304662614,0.13629003045668892,discontinuous | gps>10m,False,,,,,,,,,,,,,,,,,,,,,,,,,,
20260811_182606_294,session_20260811_182606_294.zip,tt,dashboard_center,100 Hz,93,1860.0,1880.0,276.09000000000003,283.2,-7.9477814993597855,112.625161710094,10.114408240818008,13.381635512915869,712,19.974395740345017,0.010000000000047748,0.9773416864788913,1.9338150337998095,1.0728639162209712,1.4518586883419324,0.08980993108811441,0.8132337134241016,gps>10m,False,,,,,,,,,,,,,,,,,,,,,,,,,,
20260811_182606_294,session_20260811_182606_294.zip,tt,dashboard_center,100 Hz,94,1880.0,1900.0,283.21,287.14,-7.947897029834449,112.62536433399228,18.312258926024615,14.381535241552271,394,19.953555419055192,0.010000000000047748,1.2585422662942467,2.5340972404864366,1.123004477501142,0.8519784891952331,0.004992880995382561,1.6831609331734623,gps>10m,False,,,,,,,,,,,,,,,,,,,,,,,,,,
20260811_182606_294,session_20260811_182606_294.zip,tt,dashboard_center,100 Hz,95,1900.0,1920.0,287.15000000000003,290.58,-7.947990309936577,112.62552660836323,20.87381743358014,13.417113938566885,344,19.936962987244442,0.010000000000047748,1.3145316408053485,2.520647963424042,1.0879397300950977,0.7523713621576624,0.0037332358188501996,1.6554803970813436,gps>10m,False,,,,,,,,,,,,,,,,,,,,,,,,,,
20260811_182606_294,session_20260811_182606_294.zip,tt,dashboard_center,100 Hz,96,1920.0,1940.0,290.59000000000003,293.43,-7.948093485444107,112.62571863594735,25.170287150221004,14.27717043157395,285,19.902888119079762,0.010000000000047748,1.385836293131295,2.621594335862286,1.1662946830259047,0.4521956786448603,0.0097764687968055,1.5830818424332236,gps>10m,False,,,,,,,,,,,,,,,,,,,,,,,,,,
20260811_182606_294,session_20260811_182606_294.zip,tt,dashboard_center,100 Hz,97,1940.0,1960.0,293.44,295.90000000000003,-7.948201855262504,112.6259758835138,29.506789137723935,14.040618846754404,247,19.972118375470245,0.010000000000047748,1.6874449381480545,3.6171163997655142,1.376862857443106,0.4506282123309363,0.07742180348217324,4.332396298187473,gps>10m,False,,,,,,,,,,,,,,,,,,,,,,,,,,
20260811_182606_294,session_20260811_182606_294.zip,tt,dashboard_center,100 Hz,98,1960.0,1980.0,295.91,298.90000000000003,-7.948337783522164,112.62610503914244,23.714757555591003,12.871666483614442,300,19.901711378309983,0.010000000000047748,1.415410640641864,2.718238711084888,1.2136772024612579,0.6029632211970616,0.003710780860180941,1.0875873803875855,gps>10m,False,,,,,,,,,,,,,,,,,,,,,,,,,,
20260811_182606_294,session_20260811_182606_294.zip,tt,dashboard_center,100 Hz,99,1980.0,2000.0,298.91,302.5,-7.94839701314718,112.6262131125109,20.23075174533339,13.352838806140745,360,19.940243939979837,0.010000000000047748,1.3029424267515657,2.3255561255852766,1.0748220469241139,0.7522475675397965,0.01038016230389192,1.59980153288589,gps>10m,False,,,,,,,,,,,,,,,,,,,,,,,,,,
20260811_182606_294,session_20260811_182606_294.zip,tt,dashboard_center,100 Hz,100,2000.0,2020.0,302.51,305.47,-7.948557653155194,112.62640044067794,24.118767878716923,15.55016421791238,297,19.896756949080554,0.010000000000047748,1.5575431701917895,3.190022047374473,1.4681244098681585,0.753891703979083,0.013817559708827825,2.945952724727679,gps>10m,False,,,,,,,,,,,,,,,,,,,,,,,,,,
20260811_182606_294,session_20260811_182606_294.zip,tt,dashboard_center,100 Hz,101,2020.0,2040.0,305.48,308.72,-7.948636121614938,112.62657038298673,22.213642837984686,19.006199617711943,325,19.94050891538518,0.010000000000047748,1.8559416487100762,3.7573689634170617,1.5565675928692124,0.5516408857304994,0.005434804258758754,3.54378141631285,gps>10m,False,,,,,,,,,,,,,,,,,,,,,,,,,,
20260811_182606_294,session_20260811_182606_294.zip,tt,dashboard_center,100 Hz,102,2040.0,2060.0,308.73,312.96,-7.948661205495034,112.62671472779343,16.90573689278572,24.096400565907675,424,19.963794856720142,0.010000000000047748,1.3741409301289345,2.765922089652969,1.2095890085116667,0.751360155103515,0.011117867537220605,1.8210185493571727,gps>10m,False,,,,,,,,,,,,,,,,,,,,,,,,,,
20260811_182606_294,session_20260811_182606_294.zip,tt,dashboard_center,100 Hz,103,2060.0,2080.0,312.97,317.87,-7.948768193106521,112.62690889305458,14.648778027752034,25.00492406299255,491,19.944486840100126,0.010000000000047748,1.600593602614556,3.0291810171520113,1.4070517510433502,1.0529225529020718,0.005503206331659074,2.6271587409265504,gps>10m,False,,,,,,,,,,,,,,,,,,,,,,,,,,
20260811_182606_294,session_20260811_182606_294.zip,tt,dashboard_center,100 Hz,104,2080.0,2100.0,317.88,321.22,-7.9489648199795475,112.62720821502764,21.492050139752706,15.368586179377555,335,19.94119370637054,0.010000000000047748,0.9530756872308949,1.827550653714592,0.7745485988511202,0.7522117392204061,0.003230142952686695,0.7450870562357857,gps>10m,False,,,,,,,,,,,,,,,,,,,,,,,,,,
20260811_182606_294,session_20260811_182606_294.zip,tt,dashboard_center,100 Hz,105,2100.0,2120.0,321.23,324.58,-7.949052779559016,112.6273840416292,21.480379114804844,13.848794750120168,336,19.968339203474443,0.010000000000047748,1.9864294525175437,4.1185603840944935,1.8516090431359997,0.6009513298888687,0.010977362707543266,2.5617696135036923,gps>10m,False,,,,,,,,,,,,,,,,,,,,,,,,,,
20260811_182606_294,session_20260811_182606_294.zip,tt,dashboard_center,100 Hz,106,2120.0,2140.0,324.59000000000003,328.28000000000003,-7.949107057293631,112.62752637766981,19.304362622654534,13.678410909573735,370,19.904057063784876,0.010000000000047748,1.6319809788013733,3.4790589457246335,1.569609181732306,0.8038562162842545,0.08118816445754704,1.72820180850565,gps>10m,False,,,,,,,,,,,,,,,,,,,,,,,,,,
20260811_182606_294,session_20260811_182606_294.zip,tt,dashboard_center,100 Hz,107,2140.0,2160.0,328.29,331.28000000000003,-7.949202957811629,112.62769569977345,24.28369400055588,13.282483469041738,300,19.93492832066022,0.010000000000047748,1.0457318935532343,2.1241751265334203,0.8423775186548531,0.6019585225979169,0.006898685262599297,0.9436520818807059,gps>10m,False,,,,,,,,,,,,,,,,,,,,,,,,,,
20260811_182606_294,session_20260811_182606_294.zip,tt,dashboard_center,100 Hz,108,2160.0,2180.0,331.29,334.39,-7.94926935405805,112.6278366264404,22.71113288224651,12.416923511243263,311,19.94617481316527,0.010000000000047748,1.0182013917565376,1.826256169295366,0.8180360842487879,0.601619113058185,0.0035018035679949553,0.970358823727437,gps>10m,False,,,,,,,,,,,,,,,,,,,,,,,,,,
20260811_182606_294,session_20260811_182606_294.zip,tt,dashboard_center,100 Hz,109,2180.0,2200.0,334.40000000000003,337.25,-7.949327738291587,112.62796653285476,25.587255482589953,12.168658699528272,286,19.982060873219325,0.010000000000047748,1.0001501856339923,1.8872118531964794,0.7791408330422609,0.5504937688755915,0.005565888589224015,0.973727352348162,gps>10m,False,,,,,,,,,,,,,,,,,,,,,,,,,,
20260811_182606_294,session_20260811_182606_294.zip,tt,dashboard_center,100 Hz,110,2200.0,2220.0,337.26,339.74,-7.949435611735924,112.62816201078918,28.8862803057227,12.089143448371017,249,19.84566299576045,0.010000000000047748,1.1064919237379691,2.115255205609779,0.8619240026190704,0.5038884315498182,0.00353996184320353,0.9392054619244464,gps>10m,False,,,,,,,,,,,,,,,,,,,,,,,,,,
20260811_182606_294,session_20260811_182606_294.zip,tt,dashboard_center,100 Hz,111,2220.0,2240.0,339.75,342.37,-7.949519580366646,112.62833497211344,27.21709210792356,12.758872597229743,263,19.994772048600225,0.010000000000047748,1.5343963700027443,2.976010909663878,1.2273364133980544,0.5001307329582719,0.004078726488317942,1.9231201550177648,gps>10m,False,,,,,,,,,,,,,,,,,,,,,,,,,,
20260811_182606_294,session_20260811_182606_294.zip,tt,dashboard_center,100 Hz,112,2240.0,2260.0,342.38,345.02,-7.94961087066363,112.62846949599049,27.25182735227117,12.757430516195084,265,19.864559653979995,0.010000000000047748,2.276882877455357,4.672677922214604,2.051866938690887,0.5034090951015083,0.09386473893267239,5.501577901148213,gps>10m,False,,,,,,,,,,,,,,,,,,,,,,,,,,
20260811_182606_294,session_20260811_182606_294.zip,tt,dashboard_center,100 Hz,113,2260.0,2280.0,345.03000000000003,348.05,-7.949654108539439,112.62860868351737,23.80647152418416,12.10507273091485,303,19.951787049470113,0.010000000000047748,1.0850646432614794,1.965502088854792,0.8323339832556046,0.6515707073139225,0.006178701445506782,0.9072033875863729,gps>10m,False,,,,,,,,,,,,,,,,,,,,,,,,,,
20260811_182606_294,session_20260811_182606_294.zip,tt,dashboard_center,100 Hz,114,2280.0,2300.0,348.06,351.03000000000003,-7.949740508793081,112.62876806087102,24.057193979553002,11.40425345432112,298,19.91976448385958,0.010000000000047748,1.139192020185778,2.445198699389462,0.9353856268114726,0.5522153642385174,0.016000807025897866,1.494362401319296,gps>10m,False,,,,,,,,,,,,,,,,,,,,,,,,,,
20260811_182606_294,session_20260811_182606_294.zip,tt,dashboard_center,100 Hz,115,2300.0,2320.0,351.04,354.05,-7.949822689786032,112.62891700643215,23.947403328703103,12.269928047276958,302,19.934464359100275,0.010000000000047748,1.404886801380255,2.6037575447809655,1.098435447206839,0.7023012882515133,0.014832278717162877,1.6450757970641254,gps>10m,False,,,,,,,,,,,,,,,,,,,,,,,,,,
20260811_182606_294,session_20260811_182606_294.zip,tt,dashboard_center,100 Hz,116,2320.0,2340.0,354.06,357.1,-7.9498974296521485,112.62906389772404,23.566060896976403,13.136678177811204,305,19.939597900970057,0.010000000000047748,1.1912514235983838,2.31896019681902,0.9691463970560685,0.5516660894884371,0.004233769080842473,1.2820427618704593,gps>10m,False,,,,,,,,,,,,,,,,,,,,,,,,,,
20260811_182606_294,session_20260811_182606_294.zip,tt,dashboard_center,100 Hz,117,2340.0,2360.0,357.11,359.61,-7.949992056323716,112.629295492185,28.751323444113464,11.645119504301972,251,19.965631189009855,0.010000000000047748,1.132552099995133,2.2080288254318816,0.8604729589044905,0.5509467692689317,0.007172783977709653,1.3993205120196632,gps>10m,False,,,,,,,,,,,,,,,,,,,,,,,,,,
20260811_182606_294,session_20260811_182606_294.zip,tt,dashboard_center,100 Hz,118,2360.0,2380.0,359.62,361.83,-7.950106602587267,112.62949483073851,32.372681740495814,11.402210450691593,222,19.840754215999823,0.010000000000047748,1.5696961782305319,3.134151574007219,1.3963600566837182,0.40321047843779567,0.014509659651420353,3.0996303875069104,gps>10m,False,,,,,,,,,,,,,,,,,,,,,,,,,,
20260811_182606_294,session_20260811_182606_294.zip,tt,dashboard_center,100 Hz,119,2380.0,2400.0,361.84000000000003,364.76,-7.950165781687495,112.6296123801564,24.634505197831725,13.475698380849789,293,19.973708412284395,0.010000000000047748,1.0152976453115845,1.8118358986011378,0.7636538226285672,0.6007897858676889,0.016635448909938278,0.8134946566432586,gps>10m,False,,,,,,,,,,,,,,,,,,,,,,,,,,
20260811_182606_294,session_20260811_182606_294.zip,tt,dashboard_center,100 Hz,120,2400.0,2420.0,364.77,367.74,-7.950268184629477,112.62976407797908,24.147961764122954,17.023722446887557,298,19.928689127410053,0.010000000000047748,3.265973290144828,8.68735004086288,3.5214229486039264,0.6021469813333141,0.1525704393276735,16.683637708849567,gps>10m,False,,,,,,,,,,,,,,,,,,,,,,,,,,
20260811_182606_294,session_20260811_182606_294.zip,tt,dashboard_center,100 Hz,121,2420.0,2440.0,367.75,370.35,-7.950333499353136,112.62996192818044,27.65920845028391,15.18529859358846,261,19.941816064625073,0.010000000000047748,2.108422250075703,4.5129087938569565,1.8951416042155662,0.6017506109329172,0.04403525080574945,4.756840229121567,gps>10m,False,,,,,,,,,,,,,,,,,,,,,,,,,,
20260811_182606_294,session_20260811_182606_294.zip,tt,dashboard_center,100 Hz,122,2440.0,2460.0,370.36,372.91,-7.950436240638774,112.63017680671916,28.11462555271938,13.632134582686302,256,19.881193595855166,0.010000000000047748,1.084449369078845,2.162008706260723,0.8523088096931233,0.5532867001653906,0.004600957502038555,1.1154570263445305,gps>10m,False,,,,,,,,,,,,,,,,,,,,,,,,,,
20260811_182606_294,session_20260811_182606_294.zip,tt,dashboard_center,100 Hz,123,2460.0,2480.0,372.92,376.07,-7.950502640991491,112.630318055799,22.686518031238645,15.313825844659315,316,19.941948874969967,0.010000000000047748,0.9636692693563617,1.7718085380426412,0.8145899938318638,0.7020377039263213,0.004542992457063753,0.9247442275401908,gps>10m,False,,,,,,,,,,,,,,,,,,,,,,,,,,
20260811_182606_294,session_20260811_182606_294.zip,tt,dashboard_center,100 Hz,124,2480.0,2500.0,376.08,379.21,-7.950538407353211,112.63049537133121,22.856910836593727,18.344831745625676,314,19.928081246430338,0.010000000000047748,1.1241908208361298,2.1571261057857902,0.9572156421617145,0.6021653490673884,0.0027035682472857482,1.4214518332854496,gps>10m,False,,,,,,,,,,,,,,,,,,,,,,,,,,
20260811_182606_294,session_20260811_182606_294.zip,tt,dashboard_center,100 Hz,125,2500.0,2520.0,379.22,382.72,-7.950593381935464,112.6306792131613,20.526537176123053,16.530840832825078,351,19.962963175284585,0.010000000000047748,2.1745416467310985,4.624375715612098,1.910784533401473,0.6512059299941416,0.039505218892318464,6.021688801301867,gps>10m,False,,,,,,,,,,,,,,,,,,,,,,,,,,
20260811_182606_294,session_20260811_182606_294.zip,tt,dashboard_center,100 Hz,126,2520.0,2540.0,382.73,385.82,-7.950584983237745,112.63085846811191,23.273465157925912,16.049694504119017,310,19.942513182420043,0.010000000000047748,1.2290102979500328,2.43433880823541,0.9784113544342173,0.5014413132651363,0.015256140324521994,1.5058480265554233,gps>10m,False,,,,,,,,,,,,,,,,,,,,,,,,,,
20260811_182606_294,session_20260811_182606_294.zip,tt,dashboard_center,100 Hz,127,2540.0,2560.0,385.83,388.92,-7.950646342191565,112.63104559583908,23.306067486221174,15.210670553431562,310,19.943690816624894,0.010000000000047748,1.0846130246807788,1.9646653007352035,0.8570837948848973,0.8523998971057525,0.0014067973756427914,1.1823843000744085,gps>10m,False,,,,,,,,,,,,,,,,,,,,,,,,,,
20260811_182606_294,session_20260811_182606_294.zip,tt,dashboard_center,100 Hz,128,2560.0,2580.0,388.93,391.84000000000003,-7.950722301201086,112.63115714325176,24.662974826989583,11.593184260912501,292,19.930670117274985,0.010000000000047748,1.2101421934296483,2.263947825607302,0.9440925669051677,0.5519132038849867,0.004337991102245489,1.0879686607085903,gps>10m,False,,,,,,,,,,,,,,,,,,,,,,,,,,
20260811_182606_294,session_20260811_182606_294.zip,tt,dashboard_center,100 Hz,129,2580.0,2600.0,391.85,395.77,-7.95078219144724,112.63133443898543,16.16074829021177,11.294579617974358,393,17.272924694495032,0.010000000000047748,0.6762881626695957,1.3353380745348171,0.6037930414394961,0.9841992772317236,0.04808645108185188,0.3461099968846327,coverage<18m | gps>10m,False,,,,,,,,,,,,,,,,,,,,,,,,,,
20260811_182606_294,session_20260811_182606_294.zip,tt,dashboard_center,100 Hz,130,2600.0,2620.0,400.72,478.93,-7.950812225685621,112.63151051403946,10.006678388766602,10.127144894314544,628,18.867455498234904,71.94999999999999,1.0541182967521303,2.047125838916251,1.1397603554264246,1.378034255993468,0.04087895094102082,0.8741998166024527,discontinuous | gps>10m,False,,,,,,,,,,,,,,,,,,,,,,,,,,
20260811_182606_294,session_20260811_182606_294.zip,tt,dashboard_center,100 Hz,131,2620.0,2640.0,478.94,482.75,-7.9509592139655165,112.63160405437785,18.821601313714392,10.175277171969588,382,19.966351954459697,0.010000000000047748,1.0897821376963015,2.0915418029469395,1.125059303814134,0.8013481900195709,0.015755308172360073,0.9533953176864131,gps>10m,False,,,,,,,,,,,,,,,,,,,,,,,,,,
20260811_182606_294,session_20260811_182606_294.zip,tt,dashboard_center,100 Hz,132,2640.0,2660.0,482.76,485.53000000000003,-7.951161445877581,112.63161558941796,26.002024830925023,10.456265110047635,278,19.896377242485414,0.010000000000047748,1.99588776994591,4.771932490960906,2.1772784493358555,0.502604060936614,0.008281401498622441,0.6062575368037689,gps>10m,False,,,,,,,,,,,,,,,,,,,,,,,,,,
20260811_182606_294,session_20260811_182606_294.zip,tt,dashboard_center,100 Hz,133,2660.0,2680.0,485.54,488.21000000000004,-7.95137494123154,112.63163143474424,26.95632592852144,10.646196314994533,268,19.96916113474481,0.010000000000047748,1.116105538731205,2.1483017610037254,0.8693542002735304,0.4006177298094217,0.0645807986305964,0.9461651004713713,gps>10m,False,,,,,,,,,,,,,,,,,,,,,,,,,,
20260811_182606_294,session_20260811_182606_294.zip,tt,dashboard_center,100 Hz,134,2680.0,2700.0,488.22,490.39,-7.951570951156989,112.63169838182488,32.63677820103202,10.715930480851178,218,19.866574605925052,0.010000000000047748,1.2186126889330395,2.361982940520154,0.9076106696027567,0.5033580372238693,0.08162686225457505,1.2239289279014265,gps>10m,False,,,,,,,,,,,,,,,,,,,,,,,,,,
20260811_182606_294,session_20260811_182606_294.zip,tt,dashboard_center,100 Hz,135,2700.0,2720.0,490.40000000000003,492.45,-7.951751352892634,112.63175144994264,35.05661050607597,10.602847793577359,206,19.95014431589425,0.010000000000047748,1.0327102777297623,1.9355968409251871,0.7523663502057588,0.6014994082243114,0.0385907804365464,0.8384332701662142,gps>10m,False,,,,,,,,,,,,,,,,,,,,,,,,,,
20260811_182606_294,session_20260811_182606_294.zip,tt,dashboard_center,100 Hz,136,2720.0,2740.0,492.46000000000004,494.33,-7.951939891641725,112.63179364032993,38.398007178858755,10.574187258914023,188,19.823637705344936,0.010000000000047748,0.7542440435431897,1.5575330855439184,0.5640768779008355,0.5044482828347774,0.01946350226728226,0.49799049448487614,gps>10m,False,,,,,,,,,,,,,,,,,,,,,,,,,,
20260811_182606_294,session_20260811_182606_294.zip,tt,dashboard_center,100 Hz,137,2740.0,2760.0,494.34000000000003,496.23,-7.952124657180532,112.63183808925098,38.006232307595795,10.54232804671937,190,19.961981611625106,0.010000000000047748,2.1027867944674177,4.74340549657449,1.795153193470034,0.35066658892839897,0.8719654305592168,8.365882824383178,gps>10m,False,,,,,,,,,,,,,,,,,,,,,,,,,,
20260811_182606_294,session_20260811_182606_294.zip,tt,dashboard_center,100 Hz,138,2760.0,2780.0,496.24,498.01,-7.952299287359507,112.63185606521193,40.25649873165293,10.636517049466658,178,19.832684655600133,0.010000000000047748,1.7685889647880835,3.222835133479509,1.2573821728634527,0.35295272029767377,0.0854653592250305,2.124428734686323,gps>10m,False,,,,,,,,,,,,,,,,,,,,,,,,,,
20260811_182606_294,session_20260811_182606_294.zip,tt,dashboard_center,100 Hz,139,2780.0,2800.0,498.02000000000004,499.84000000000003,-7.952482354116437,112.6318770132802,39.32874775904343,10.802778270892432,183,19.881142138160612,0.010000000000047748,1.7909081468946442,3.372839094812478,1.3324194216308463,0.3520924477756203,0.1477242983876275,1.9375558704838511,gps>10m,False,,,,,,,,,,,,,,,,,,,,,,,,,,
20260811_182606_294,session_20260811_182606_294.zip,tt,dashboard_center,100 Hz,140,2800.0,2820.0,499.85,501.76,-7.952669068235671,112.63189518795497,37.61948572892988,11.201144291118599,192,19.906063334264672,0.010000000000047748,1.514968927260251,3.2880247739595334,1.1789629106663293,0.40188759905276966,0.06740033995256783,1.8818730207878331,gps>10m,False,,,,,,,,,,,,,,,,,,,,,,,,,,
20260811_182606_294,session_20260811_182606_294.zip,tt,dashboard_center,100 Hz,141,2820.0,2840.0,501.77000000000004,503.64,-7.95284355677716,112.63189749611215,38.190451593666815,12.123791735238475,188,19.931667013089736,0.010000000000047748,1.595838748446635,2.8349599042562454,1.1214604885798318,0.40137134514369294,0.07640756858527833,2.298180937835711,gps>10m,False,,,,,,,,,,,,,,,,,,,,,,,,,,
20260811_182606_294,session_20260811_182606_294.zip,tt,dashboard_center,100 Hz,142,2840.0,2860.0,503.65000000000003,505.49,-7.953042139854943,112.63188931881007,39.6377550611037,11.511759262150722,185,19.8938776556397,0.010000000000047748,2.0890283411781425,4.252953489642785,1.4632487464059178,0.40213376891518615,0.12854309799255859,4.82015473666456,gps>10m,False,,,,,,,,,,,,,,,,,,,,,,,,,,
20260811_182606_294,session_20260811_182606_294.zip,tt,dashboard_center,100 Hz,143,2860.0,2880.0,505.5,507.6,-7.953218958651379,112.63186268316167,33.83468544538353,11.238811757791586,211,19.91154106528029,0.010000000000047748,1.6304812908017603,3.122266206697298,1.2539199794589784,0.4519991682458612,0.365718229348273,2.0437999371070967,gps>10m,False,,,,,,,,,,,,,,,,,,,,,,,,,,
20260811_182606_294,session_20260811_182606_294.zip,tt,dashboard_center,100 Hz,144,2880.0,2900.0,507.61,509.66,-7.9534080268916645,112.63184327930855,34.55146231917402,11.27074078327034,206,19.847956913660255,0.010000000000047748,1.2122232127630352,2.3547322928188668,0.8704452565314417,0.4534471754020081,0.04210383799852965,1.404424506288565,gps>10m,False,,,,,,,,,,,,,,,,,,,,,,,,,,
20260811_182606_294,session_20260811_182606_294.zip,tt,dashboard_center,100 Hz,145,2900.0,2920.0,509.67,511.73,-7.9535959169982435,112.63183132980103,35.147075826034076,11.76243877910815,207,19.965607980309414,0.010000000000047748,1.8071770078324665,3.803176116829195,1.3915854665773726,0.4006890252422967,0.09235948608881056,4.250503482663666,gps>10m,False,,,,,,,,,,,,,,,,,,,,,,,,,,
20260811_182606_294,session_20260811_182606_294.zip,tt,dashboard_center,100 Hz,146,2920.0,2940.0,511.74,513.96,-7.953751798468312,112.6318266506098,32.013616038359984,11.505608708687486,223,19.881300301365172,0.010000000000104592,1.1443803030125546,2.1138701190799547,0.866946228456599,0.5029852096401027,0.01154265434609541,0.7123132937194725,gps>10m,False,,,,,,,,,,,,,,,,,,,,,,,,,,
20260811_182606_294,session_20260811_182606_294.zip,tt,dashboard_center,100 Hz,147,2940.0,2960.0,513.97,516.16,-7.953928264609598,112.6318101037652,32.8430691105484,11.517795757229525,220,19.952931572909165,0.010000000000104592,1.758652909896865,3.352481700270652,1.2815255577213096,0.5011794865060015,0.05249945607407803,2.925532412710869,gps>10m,False,,,,,,,,,,,,,,,,,,,,,,,,,,
20260811_182606_294,session_20260811_182606_294.zip,tt,dashboard_center,100 Hz,148,2960.0,2980.0,516.17,518.71,-7.954115133696547,112.63178369997871,27.93921433198476,12.073894776215665,255,19.91772173130039,0.010000000000104592,1.1520685348058974,2.038154530203817,0.864163947352572,0.6024785445788303,0.01748796422935786,1.2954855588070782,gps>10m,False,,,,,,,,,,,,,,,,,,,,,,,,,,
20260811_182606_294,session_20260811_182606_294.zip,tt,dashboard_center,100 Hz,149,2980.0,3000.0,518.72,521.17,-7.954311459072208,112.63177184927417,29.600813804227318,13.25495527165176,246,19.899740099319843,0.010000000000104592,1.4750544760434865,2.995420735269993,1.156590680925465,0.5527710384707974,0.009427787556691047,1.9879388569586183,gps>10m,False,,,,,,,,,,,,,,,,,,,,,,,,,,
20260811_182606_294,session_20260811_182606_294.zip,tt,dashboard_center,100 Hz,150,3000.0,3020.0,521.1800000000001,523.66,-7.954486107532466,112.63174323449867,28.871312871010943,13.870387822052415,249,19.889360468149334,0.010000000000104592,1.4156048623934694,2.696653143766119,1.1138594505316244,0.5530595122761898,0.05462856095783644,1.9482472358753018,gps>10m,False,,,,,,,,,,,,,,,,,,,,,,,,,,
20260811_182606_294,session_20260811_182606_294.zip,tt,dashboard_center,100 Hz,151,3020.0,3040.0,523.67,526.03,-7.954695499583553,112.63170398031687,30.39238598283865,13.5602200923305,237,19.940113954954995,0.010000000000104592,1.601199382789185,3.221583721399251,1.2684562057188005,0.4513514827613889,0.019412237134663328,2.886856881847127,gps>10m,False,,,,,,,,,,,,,,,,,,,,,,,,,,
20260811_182606_294,session_20260811_182606_294.zip,tt,dashboard_center,100 Hz,152,3040.0,3060.0,526.04,528.78,-7.954867064209036,112.63168896051255,26.02785599669962,12.758495172762354,275,19.894639098620246,0.010000000000104592,0.8224652691368751,1.5288041867806141,0.6256255471403338,0.7037071610397266,0.016167117604110746,0.5686310807451327,gps>10m,False,,,,,,,,,,,,,,,,,,,,,,,,,,
20260811_182606_294,session_20260811_182606_294.zip,tt,dashboard_center,100 Hz,153,3060.0,3080.0,528.79,531.88,-7.9550686470888285,112.63168217368788,23.363791540240403,12.041934437282766,310,19.93995012501,0.010000000000104592,1.0754895977061292,2.036991961295318,0.8502598563479432,0.7021080751069821,0.005848196500079714,1.1883914959678066,gps>10m,False,,,,,,,,,,,,,,,,,,,,,,,,,,
20260811_182606_294,session_20260811_182606_294.zip,tt,dashboard_center,100 Hz,154,3080.0,3100.0,531.89,535.95,-7.955297479062635,112.63163868874626,17.83283699827713,11.608296100107548,407,19.962067551035034,0.010000000000104592,0.7504926609702066,1.4544386866577699,0.6660040442950526,0.7514251698453074,0.004232204110597517,0.4467380633881055,gps>10m,False,,,,,,,,,,,,,,,,,,,,,,,,,,
20260811_182606_294,session_20260811_182606_294.zip,tt,dashboard_center,100 Hz,155,3100.0,3120.0,535.96,551.24,-7.955448397880051,112.63166436414957,7.980309359696293,11.307095183522648,528,19.978179860710497,7.07000000000005,0.7668103507392099,1.493419662338145,0.8525088688215792,1.151256028344818,0.03788518054978559,0.3342838006381937,discontinuous | gps>10m,False,,,,,,,,,,,,,,,,,,,,,,,,,,
20260811_182606_294,session_20260811_182606_294.zip,tt,dashboard_center,100 Hz,156,3120.0,3140.0,551.25,557.02,-7.9554079298361335,112.63154826129056,12.418158337887057,10.598406888930825,578,19.983525791829834,0.010000000000104592,1.291639858072099,2.824798654222163,1.378862605851283,1.2009892673600313,0.044331156513557124,1.6745029365220643,gps>10m,False,,,,,,,,,,,,,,,,,,,,,,,,,,
20260811_182606_294,session_20260811_182606_294.zip,tt,dashboard_center,100 Hz,157,3140.0,3160.0,557.03,559.15,-7.955128766796266,112.6315555111463,33.81121853036341,10.46982441897685,213,19.904751487844806,0.010000000000104592,1.5043967435772005,2.695117754972386,1.0552791559773735,0.4521533466768481,0.10962434102018306,1.865909165010834,gps>10m,False,,,,,,,,,,,,,,,,,,,,,,,,,,
20260811_182606_294,session_20260811_182606_294.zip,tt,dashboard_center,100 Hz,158,3160.0,3180.0,559.16,561.0,-7.954923670138834,112.63156557191584,39.045037974317935,10.507289159682166,185,19.911321226064956,0.010000000000104592,1.1365648332676475,2.4712493683218675,0.9006393435678404,0.45200415873048805,0.1975342750928213,2.3480182982099027,gps>10m,False,,,,,,,,,,,,,,,,,,,,,,,,,,
20260811_182606_294,session_20260811_182606_294.zip,tt,dashboard_center,100 Hz,159,3180.0,3200.0,561.01,562.6800000000001,-7.954745803534361,112.63156789021909,42.94328419989237,11.188940970163848,168,19.872998261505927,0.010000000000104592,1.592306079239017,2.9813765842413966,1.0859492728040232,0.3019172004670288,0.2595801577585408,2.0548249565971406,gps>10m,False,,,,,,,,,,,,,,,,,,,,,,,,,,
20260811_182606_294,session_20260811_182606_294.zip,tt,dashboard_center,100 Hz,160,3200.0,3220.0,562.69,564.24,-7.954555971246507,112.63156893122726,45.994986996440765,12.37660156125792,156,19.874727960144355,0.010000000000104592,1.3188677405978717,2.4394714087124374,0.8970288291603271,0.4528363868953621,0.21304565624345773,1.1122733182754834,gps>10m,False,,,,,,,,,,,,,,,,,,,,,,,,,,
20260811_182606_294,session_20260811_182606_294.zip,tt,dashboard_center,100 Hz,161,3220.0,3240.0,564.25,565.65,-7.954340928672368,112.6315951774261,50.902299117615044,13.581887319417458,141,19.835928422924553,0.010000000000104592,1.3422388972312773,2.6648169496603935,0.8849365473740685,0.2520678585541505,0.10475516286182762,1.2704011927962344,gps>10m,False,,,,,,,,,,,,,,,,,,,,,,,,,,
20260811_182606_294,session_20260811_182606_294.zip,tt,dashboard_center,100 Hz,162,3240.0,3260.0,565.66,566.96,-7.9541310612393605,112.63162918617385,54.65267409169579,14.381090522633496,131,19.782915327270985,0.010000000000104592,1.7665483703981821,3.704089229570848,1.189964044718725,0.2527433352104298,0.4965360528288595,1.5463748608224273,gps>10m,False,,,,,,,,,,,,,,,,,,,,,,,,,,
20260811_182606_294,session_20260811_182606_294.zip,tt,dashboard_center,100 Hz,163,3260.0,3280.0,566.97,568.33,-7.9539499382950325,112.63165911932097,52.53493113608988,14.63718254603769,137,19.970712243825346,0.010000000000104592,2.451518350444465,5.533032582825785,1.7933993264628605,0.2002933070770544,0.16298865469933327,1.1272000880378454,gps>10m,False,,,,,,,,,,,,,,,,,,,,,,,,,,
20260811_182606_294,session_20260811_182606_294.zip,tt,dashboard_center,100 Hz,164,3280.0,3300.0,568.34,569.6800000000001,-7.953760800984167,112.63168395178116,53.64475003240691,13.514372996603438,135,19.76326917173583,0.010000000000104592,1.5787522522797193,2.844043705129409,1.0661442637323426,0.4047913293333621,0.25418729978098825,1.384632460648318,gps>10m,False,,,,,,,,,,,,,,,,,,,,,,,,,,
20260811_182606_294,session_20260811_182606_294.zip,tt,dashboard_center,100 Hz,165,3300.0,3320.0,569.69,571.01,-7.953540495904893,112.63168111071384,54.53589510821513,13.027158690536156,133,19.906401000399,0.010000000000104592,1.3813218056496408,2.822259930186176,0.9582367583860636,0.20094039097875224,0.07593269423140511,1.1042469617731594,gps>10m,False,,,,,,,,,,,,,,,,,,,,,,,,,,
20260811_182606_294,session_20260811_182606_294.zip,tt,dashboard_center,100 Hz,166,3320.0,3340.0,571.02,572.39,-7.953372270095797,112.63170466291284,52.87632967839172,13.129073903833321,138,19.83684155528499,0.010000000000104592,1.4188310211741224,2.6139605478306134,0.9975330128737527,0.25205625533001674,0.11472591606480292,0.9935303409453334,gps>10m,False,,,,,,,,,,,,,,,,,,,,,,,,,,
20260811_182606_294,session_20260811_182606_294.zip,tt,dashboard_center,100 Hz,167,3340.0,3360.0,572.4,573.9300000000001,-7.953231471552759,112.63170284328646,45.85370750745879,13.128936866489356,154,19.898044551081057,0.010000000000104592,1.851798427859233,3.9136807010302435,1.2573622406653022,0.4020495571543668,0.12573750702061903,1.5629460485616546,gps>10m,False,,,,,,,,,,,,,,,,,,,,,,,,,,
20260811_182606_294,session_20260811_182606_294.zip,tt,dashboard_center,100 Hz,168,3360.0,3380.0,573.94,575.47,-7.9530508555222035,112.63173922414936,46.76640200491816,13.322529535194008,154,19.891257095174296,0.010000000000104592,1.3589978367344122,2.5831897773779393,0.915220316301587,0.35191340429148793,0.3168209701972189,1.0715773261148587,gps>10m,False,,,,,,,,,,,,,,,,,,,,,,,,,,
20260811_182606_294,session_20260811_182606_294.zip,tt,dashboard_center,100 Hz,169,3380.0,3400.0,575.48,577.01,-7.952844454194693,112.6317815062759,46.87995471144304,12.38145286758566,154,19.77269249447454,0.010000000000104592,1.553202745696183,3.0987440032833504,1.0663316505597151,0.3034488095982221,0.2876186303943139,2.074498239791666,gps>10m,False,,,,,,,,,,,,,,,,,,,,,,,,,,
20260811_182606_294,session_20260811_182606_294.zip,tt,dashboard_center,100 Hz,170,3400.0,3420.0,577.02,578.65,-7.952666233717912,112.63177826176684,43.778963270506125,11.34449983809048,164,19.934658482970463,0.010000000000104592,1.6867509050787797,3.051046315861936,1.101004167405725,0.35114722461786213,0.27270837566391337,2.920351126256849,gps>10m,False,,,,,,,,,,,,,,,,,,,,,,,,,,
20260811_182606_294,session_20260811_182606_294.zip,tt,dashboard_center,100 Hz,171,3420.0,3440.0,578.66,580.26,-7.952475812959039,112.63178569433892,44.80418523372904,12.158558970772996,161,19.89857822794056,0.010000000000104592,1.1351050713304391,2.1184581463374133,0.8470967122988894,0.40203877424603185,0.016210275982302038,1.2458407792897142,gps>10m,False,,,,,,,,,,,,,,,,,,,,,,,,,,
20260811_182606_294,session_20260811_182606_294.zip,tt,dashboard_center,100 Hz,172,3440.0,3460.0,580.27,581.82,-7.952300146865568,112.6317738337945,45.766591064232294,14.009567263264795,156,19.845684332040946,0.010000000000104592,1.9716787711352957,4.085014215076243,1.3950569748572876,0.2519439449073307,0.044782379789563835,6.803457522077562,gps>10m,False,,,,,,,,,,,,,,,,,,,,,,,,,,
20260811_182606_294,session_20260811_182606_294.zip,tt,dashboard_center,100 Hz,173,3460.0,3480.0,581.83,583.36,-7.952092770044243,112.63178307043687,47.31365404453035,14.744298395981874,154,19.895377378599733,0.010000000000104592,2.172654553430893,3.6469188803526045,2.0636664889811795,0.3015775919110658,0.013349484047033329,2.102332607959155,gps>10m,False,,,,,,,,,,,,,,,,,,,,,,,,,,
20260811_182606_294,session_20260811_182606_294.zip,tt,dashboard_center,100 Hz,174,3480.0,3500.0,583.37,585.04,-7.951949839010441,112.63180752315152,42.65739033710965,14.632113430363475,168,19.843512477919376,0.010000000000104592,1.376335361153334,2.587536946418545,0.9224163080934671,0.4031544319032178,0.10518458125463916,0.7837130585751075,gps>10m,False,,,,,,,,,,,,,,,,,,,,,,,,,,
20260811_182606_294,session_20260811_182606_294.zip,tt,dashboard_center,100 Hz,175,3500.0,3520.0,585.0500000000001,587.41,-7.9517911131778725,112.6317773977179,30.18839337543515,12.198872821246058,237,19.93822758495935,0.010000000000104592,1.1499277196506228,2.1775229561863942,0.9728900442062576,0.5015490949428034,0.032320873708307336,0.5477728979339939,gps>10m,False,,,,,,,,,,,,,,,,,,,,,,,,,,
20260811_182606_294,session_20260811_182606_294.zip,tt,dashboard_center,100 Hz,176,3520.0,3540.0,587.42,589.64,-7.951644722445255,112.63170774408212,32.56032370936111,11.907026694735567,223,19.904799185840602,0.010000000000104592,1.4057146388928543,2.6063738074771665,0.9931342101091565,0.5023914035321472,0.07794179804641613,1.776465534034137,gps>10m,False,,,,,,,,,,,,,,,,,,,,,,,,,,
20260811_182606_294,session_20260811_182606_294.zip,tt,dashboard_center,100 Hz,177,3540.0,3560.0,589.65,592.09,-7.951487160139726,112.63167388608187,29.396810092860807,13.346582121327629,245,19.923637900330505,0.010000000000104592,0.9812783807155514,1.8469919373654498,0.7388317841840213,0.5019163693912604,0.04354359763605216,1.0083219138200772,gps>10m,False,,,,,,,,,,,,,,,,,,,,,,,,,,
20260811_182606_294,session_20260811_182606_294.zip,tt,dashboard_center,100 Hz,178,3560.0,3580.0,592.1,595.32,-7.951348410797465,112.63161314187818,22.146452199003733,13.008856132695433,323,19.88954179567054,0.010000000000104592,0.8856914127727897,1.7057137628411023,0.72631245746073,0.7038875075064551,0.00983223227200939,0.6571587914321334,gps>10m,False,,,,,,,,,,,,,,,,,,,,,,,,,,
20260811_182606_294,session_20260811_182606_294.zip,tt,dashboard_center,100 Hz,179,3580.0,3600.0,595.33,598.72,-7.951125499573408,112.63164784389906,21.36435373833151,13.207022279861835,340,19.937569645270287,0.010000000000104592,0.8503538559916772,1.657662663462189,0.6880547027973364,0.7523484690902832,0.0028094142153386233,0.5046146255712101,gps>10m,False,,,,,,,,,,,,,,,,,,,,,,,,,,
20260811_182606_294,session_20260811_182606_294.zip,tt,dashboard_center,100 Hz,180,3600.0,3620.0,598.73,604.19,-7.951030996061814,112.63161817732065,13.168263447260745,11.664665875325564,547,19.981479143645174,0.010000000000104592,1.1002691624351617,2.0982976652353433,1.038900438298531,1.1010195912847016,0.01149428519139668,0.9869600732130289,gps>10m,False,,,,,,,,,,,,,,,,,,,,,,,,,,
20260811_182606_294,session_20260811_182606_294.zip,tt,dashboard_center,100 Hz,181,3620.0,3640.0,604.2,613.1,-7.95084494719724,112.63161747531974,8.04528346989546,13.131346625767701,891,19.977879600129654,0.010000000000104592,1.0256050552663605,2.0081568144204893,1.1593995506753758,2.1523805759506596,0.020733385652321426,0.7857257830680556,gps>10m,False,,,,,,,,,,,,,,,,,,,,,,,,,,
20260811_182606_294,session_20260811_182606_294.zip,tt,dashboard_center,100 Hz,182,3640.0,3660.0,613.11,619.37,-7.950715202145728,112.63167231279918,11.53463312534013,27.00215119640938,627,19.954697729669533,0.010000000000104592,0.9843441521899072,1.9436074096418299,0.953903707903577,1.2027243070846285,0.0028728614806862807,0.8660917512023721,gps>10m,False,,,,,,,,,,,,,,,,,,,,,,,,,,
20260811_182606_294,session_20260811_182606_294.zip,tt,dashboard_center,100 Hz,183,3660.0,3680.0,619.38,622.36,-7.950647184208921,112.63106372789355,24.001940426363024,21.163570839517728,299,19.96146701045018,0.010000000000104592,1.1734322842598988,2.2771896249848487,0.9856797672861987,0.6512547396037712,0.008732821186502893,1.0620059045060226,gps>10m,False,,,,,,,,,,,,,,,,,,,,,,,,,,
20260811_182606_294,session_20260811_182606_294.zip,tt,dashboard_center,100 Hz,184,3680.0,3700.0,622.37,624.77,-7.9506141983269245,112.6308270360152,29.884203101022305,16.23828842471518,241,19.924235609154948,0.010000000000104592,1.0829997376663767,2.33027689709173,0.8877620147858429,0.5520914435957398,0.0035181676416199213,0.7357801751539463,gps>10m,False,,,,,,,,,,,,,,,,,,,,,,,,,,
20260811_182606_294,session_20260811_182606_294.zip,tt,dashboard_center,100 Hz,185,3700.0,3720.0,624.78,626.82,-7.950575608783152,112.63057063592831,34.93017994080686,15.028914431335709,205,19.86019349197568,0.010000000000104592,1.1547426393192552,2.431610171089932,0.9223785421860444,0.5035197670173961,0.0014442271242234594,0.9672172687292955,gps>10m,False,,,,,,,,,,,,,,,,,,,,,,,,,,
20260811_182606_294,session_20260811_182606_294.zip,tt,dashboard_center,100 Hz,186,3720.0,3740.0,626.83,628.77,-7.950480322474799,112.6303884942857,37.062031073293596,15.870157529721792,195,19.94094700557889,0.010000000000104592,1.7965098384988858,3.4029691252256375,1.2733970500742784,0.35103648778774676,0.061664152843586506,2.8866159830110676,gps>10m,False,,,,,,,,,,,,,,,,,,,,,,,,,,
20260811_182606_294,session_20260811_182606_294.zip,tt,dashboard_center,100 Hz,187,3740.0,3760.0,628.78,630.69,-7.950393270223478,112.63020582888244,37.73476160194125,16.351172341804308,192,19.808290037665756,0.010000000000104592,1.3768071052516575,2.6648323765570385,0.9934937746887573,0.35338739420158916,0.004125855011053914,1.4809694971826355,gps>10m,False,,,,,,,,,,,,,,,,,,,,,,,,,,
20260811_182606_294,session_20260811_182606_294.zip,tt,dashboard_center,100 Hz,188,3760.0,3780.0,630.7,632.92,-7.9504213792280725,112.6300681251755,32.05453713869289,14.516303732505078,223,19.924399876829284,0.010000000000104592,1.0648116184767875,1.9296377271658423,0.7727169950351288,0.5520868918512446,0.006416342965286355,1.2781759684945098,gps>10m,False,,,,,,,,,,,,,,,,,,,,,,,,,,
20260811_182606_294,session_20260811_182606_294.zip,tt,dashboard_center,100 Hz,189,3780.0,3800.0,632.9300000000001,635.1800000000001,-7.950399176609832,112.62992685964687,31.845058211826558,13.173344172066766,226,19.95562195726052,0.010000000000104592,1.418197256980926,2.620360335016207,1.1653684529708643,0.6013343019676719,0.012463035293723121,0.8074722487930063,gps>10m,False,,,,,,,,,,,,,,,,,,,,,,,,,,
20260811_182606_294,session_20260811_182606_294.zip,tt,dashboard_center,100 Hz,190,3800.0,3820.0,635.19,637.3000000000001,-7.950297035395453,112.62979931154374,33.655103391698475,13.619964304528818,212,19.867415983605042,0.010000000000104592,1.6551315698615916,3.135446650729398,1.1829935577766404,0.35233570413870274,0.008060851331924036,2.458014252664343,gps>10m,False,,,,,,,,,,,,,,,,,,,,,,,,,,
20260811_182606_294,session_20260811_182606_294.zip,tt,dashboard_center,100 Hz,191,3820.0,3840.0,637.3100000000001,638.96,-7.950159495841994,112.62962151785436,43.66675128222222,11.689076957446229,166,19.856954504749865,0.010000000000104592,1.6039636700735438,3.293027465644558,1.1508261160444744,0.3525213294075671,0.03276336873509402,1.05321264975414,gps>10m,False,,,,,,,,,,,,,,,,,,,,,,,,,,
20260811_182606_294,session_20260811_182606_294.zip,tt,dashboard_center,100 Hz,192,3840.0,3860.0,638.97,640.57,-7.950091961344512,112.62945616192033,44.89064099348173,11.43757055517544,161,19.871891857120318,0.010000000000104592,2.1626665439210053,4.165337218919591,1.5956403422792784,0.3522563453107673,0.021988177011492797,3.353083481018084,gps>10m,False,,,,,,,,,,,,,,,,,,,,,,,,,,
20260811_182606_294,session_20260811_182606_294.zip,tt,dashboard_center,100 Hz,193,3860.0,3880.0,640.58,642.23,-7.950005381660175,112.62930615820198,43.65187107552735,11.546389070719773,166,19.96474499855458,0.010000000000104592,1.9638669704389002,3.736521658151399,1.3485167660067197,0.35061805199649637,0.15651138684188415,2.7839401831088066,gps>10m,False,,,,,,,,,,,,,,,,,,,,,,,,,,
20260811_182606_294,session_20260811_182606_294.zip,tt,dashboard_center,100 Hz,194,3880.0,3900.0,642.24,643.9300000000001,-7.949924937282406,112.62917693049559,41.81231746872738,11.618872942382268,170,19.82042569749092,0.010000000000104592,1.9215832115523195,3.354273248045959,1.2544177951939777,0.35317102199707723,0.03231371859423562,2.390267913320292,gps>10m,False,,,,,,,,,,,,,,,,,,,,,,,,,,
20260811_182606_294,session_20260811_182606_294.zip,tt,dashboard_center,100 Hz,195,3900.0,3920.0,643.94,645.8000000000001,-7.949856186677844,112.62904452655282,38.29208139919625,12.00752343479107,187,19.933283724969897,0.010000000000104592,2.1616428557940277,4.14893770610866,1.6467138095112945,0.40133879145956325,0.009063688433189762,6.659314781593998,gps>10m,False,,,,,,,,,,,,,,,,,,,,,,,,,,
20260811_182606_294,session_20260811_182606_294.zip,tt,dashboard_center,100 Hz,196,3920.0,3940.0,645.8100000000001,647.5500000000001,-7.94975916474445,112.62885518601966,41.355203516245396,11.904983898990372,175,19.83638134842022,0.010000000000104592,1.598710334353874,3.1767410528765216,1.1610838984296714,0.4032993649135065,0.06548041856589096,0.741402872880454,gps>10m,False,,,,,,,,,,,,,,,,,,,,,,,,,,
20260811_182606_294,session_20260811_182606_294.zip,tt,dashboard_center,100 Hz,197,3940.0,3960.0,647.5600000000001,649.29,-7.9496660604402924,112.6286692170678,41.764114252271746,12.5196465916306,174,19.916462332718766,0.010000000000104592,2.272048611809208,4.375752128285615,1.6107675782286217,0.3514680410135087,0.017843420052541685,3.655677617835039,gps>10m,False,,,,,,,,,,,,,,,,,,,,,,,,,,
20260811_182606_294,session_20260811_182606_294.zip,tt,dashboard_center,100 Hz,198,3960.0,3980.0,649.3000000000001,651.17,-7.949595000242045,112.62854361676159,38.22952718220208,12.96537984441666,188,19.900927677823347,0.010000000000104592,1.8505075705567031,3.721655706763127,1.350564186868453,0.4019913106319572,0.04429667567683458,2.122969810198229,gps>10m,False,,,,,,,,,,,,,,,,,,,,,,,,,,
20260811_182606_294,session_20260811_182606_294.zip,tt,dashboard_center,100 Hz,199,3980.0,4000.0,651.1800000000001,653.01,-7.949496100746337,112.62836897238728,38.98894863550238,11.731831126077777,184,19.841627085463642,0.010000000000104592,1.6885936139435727,3.2402131251509507,1.3559765564239616,0.6047891107071269,0.016346484696722514,3.007436677406878,gps>10m,False,,,,,,,,,,,,,,,,,,,,,,,,,,
20260811_182606_294,session_20260811_182606_294.zip,tt,dashboard_center,100 Hz,200,4000.0,4020.0,653.02,654.76,-7.9494124442760015,112.62818950179128,41.63941009974284,12.02117587997967,175,19.9136294786299,0.010000000000104592,1.845371515182408,3.356524228808716,1.2441124320201216,0.30130117698729086,0.01607142325167743,2.408039212647227,gps>10m,False,,,,,,,,,,,,,,,,,,,,,,,,,,
20260811_182606_294,session_20260811_182606_294.zip,tt,dashboard_center,100 Hz,201,4020.0,4040.0,654.77,656.5600000000001,-7.949361398375869,112.628017683351,39.44148136824952,12.104669235654868,180,19.868182418360448,0.010000000000104592,1.7636743942931643,3.6861938686305646,1.307811952933378,0.3523221124410056,0.021077066353014266,2.9244575237250743,gps>10m,False,,,,,,,,,,,,,,,,,,,,,,,,,,
20260811_182606_294,session_20260811_182606_294.zip,tt,dashboard_center,100 Hz,202,4040.0,4060.0,656.57,658.34,-7.9492842616258965,112.62784212065233,40.76612069059745,12.815073455550241,178,19.92154286415507,0.010000000000104592,1.241035873745174,2.110303413067234,0.8391306575121387,0.40157532248139466,0.009027283477062671,2.198704852427848,gps>10m,False,,,,,,,,,,,,,,,,,,,,,,,,,,
20260811_182606_294,session_20260811_182606_294.zip,tt,dashboard_center,100 Hz,203,4060.0,4080.0,658.35,660.28,-7.949200538195352,112.62772771106026,36.824077779686874,12.535332374279136,194,19.89901795435935,0.010000000000104592,0.9857985280819235,1.8367496427418,0.7394022485917796,0.35177615378081933,0.004785835045338745,0.7444118476400934,gps>10m,False,,,,,,,,,,,,,,,,,,,,,,,,,,
20260811_182606_294,session_20260811_182606_294.zip,tt,dashboard_center,100 Hz,204,4080.0,4100.0,660.29,662.13,-7.949106324058967,112.62757702794677,39.11287402199244,12.06538623489771,185,19.877971892301503,0.010000000000104592,1.3829863994006122,2.5772724305418255,0.9397909158848221,0.4024555444259534,0.00558397833534971,2.586794724050487,gps>10m,False,,,,,,,,,,,,,,,,,,,,,,,,,,
20260811_182606_294,session_20260811_182606_294.zip,tt,dashboard_center,100 Hz,205,4100.0,4120.0,662.14,664.26,-7.949036319370009,112.62744502629982,33.6467654338513,12.459193298263177,213,19.925712681029836,0.010000000000104592,1.1690983836964912,2.0645865282813025,0.8265068332698229,0.5520505176445955,0.011775668944610915,1.3401645364788681,gps>10m,False,,,,,,,,,,,,,,,,,,,,,,,,,,
20260811_182606_294,session_20260811_182606_294.zip,tt,dashboard_center,100 Hz,206,4120.0,4140.0,664.27,666.47,-7.94894801654985,112.62728946110295,32.566715475184445,12.772758915702639,221,19.91541794908062,0.010000000000104592,3.352053676866873,8.49068034571305,2.985509528120996,0.3514864723350257,0.24425854627765275,15.380379572734771,gps>10m,False,,,,,,,,,,,,,,,,,,,,,,,,,,
20260811_182606_294,session_20260811_182606_294.zip,tt,dashboard_center,100 Hz,207,4140.0,4160.0,666.48,668.76,-7.94887226511024,112.62712910593947,31.483149066591977,12.433183989805256,229,19.885860174619665,0.010000000000104592,2.0752365333299263,4.3211946094291065,1.861982175343149,0.5531568613782826,0.010829925508272279,1.6968949388678523,gps>10m,False,,,,,,,,,,,,,,,,,,,,,,,,,,
20260811_182606_294,session_20260811_182606_294.zip,tt,dashboard_center,100 Hz,208,4160.0,4180.0,668.77,671.27,-7.948783128987696,112.62696065062582,28.745149588727298,11.16483399562882,251,19.934771737099254,0.010000000000104592,1.0607766785411439,2.0903980273844933,0.8669960362711557,0.45147243814438615,0.002799264845151273,1.3693493504414327,gps>10m,False,,,,,,,,,,,,,,,,,,,,,,,,,,
20260811_182606_294,session_20260811_182606_294.zip,tt,dashboard_center,100 Hz,209,4180.0,4200.0,671.28,673.74,-7.948703998770451,112.6267972520556,29.370457685801032,11.381504794819575,247,19.95727824774076,0.010000000000104592,1.2883871654293053,2.4234100850702154,0.9932509066412037,0.3006421980752422,0.010298406186697237,1.6834758853636016,gps>10m,False,,,,,,,,,,,,,,,,,,,,,,,,,,
20260811_182606_294,session_20260811_182606_294.zip,tt,dashboard_center,100 Hz,210,4200.0,4220.0,673.75,676.33,-7.948555786884372,112.62671419223638,27.674017503682517,12.703695450775452,259,19.913560099531423,0.010000000000104592,2.1610170188548206,4.2301379303718525,1.6674099181722066,0.7030385290237192,0.014878610916731,4.10968524415577,gps>10m,False,,,,,,,,,,,,,,,,,,,,,,,,,,
20260811_182606_294,session_20260811_182606_294.zip,tt,dashboard_center,100 Hz,211,4220.0,4240.0,676.34,678.73,-7.948493589181124,112.6265157516412,29.77110997013407,13.942389058537287,240,19.8691539215597,0.010000000000104592,1.9153261998120208,3.6743886994860957,1.6041969192950358,0.4026341550114687,0.06489416729791751,5.172492289899023,gps>10m,False,,,,,,,,,,,,,,,,,,,,,,,,,,
20260811_182606_294,session_20260811_182606_294.zip,tt,dashboard_center,100 Hz,212,4240.0,4260.0,678.74,680.86,-7.948389937986123,112.62629823903204,34.020951087218656,13.453420418784157,213,19.93892488144502,0.010000000000104592,1.5298888766623,2.9423408481896,1.1193536310300458,0.501531554958909,0.017412200085848845,1.5828835962543928,gps>10m,False,,,,,,,,,,,,,,,,,,,,,,,,,,
20260811_182606_294,session_20260811_182606_294.zip,tt,dashboard_center,100 Hz,213,4260.0,4280.0,680.87,683.14,-7.9483400709937655,112.62614348905119,31.472827999136914,12.709098020215393,228,19.863577179839922,0.010000000000104592,1.1654842692059881,2.2010092289892955,0.8867113449646773,0.40274719541047294,0.005834640052409252,1.4153950162316804,gps>10m,False,,,,,,,,,,,,,,,,,,,,,,,,,,
20260811_182606_294,session_20260811_182606_294.zip,tt,dashboard_center,100 Hz,214,4280.0,4300.0,683.15,685.64,-7.948259360209873,112.62591446785513,29.00178804601016,11.91085831108996,250,19.96469098756461,0.010000000000104592,1.1248631790718517,2.2208120475894786,0.8554062454932869,0.5008842864749918,0.03850159497561148,0.8463036211890109,gps>10m,False,,,,,,,,,,,,,,,,,,,,,,,,,,
20260811_182606_294,session_20260811_182606_294.zip,tt,dashboard_center,100 Hz,215,4300.0,4320.0,685.65,688.75,-7.948176362172784,112.6257834401638,22.967236212880998,12.209416610057165,311,19.926752866806055,0.010000000000104592,1.480230579926569,2.8276411737835216,1.2307484847088317,0.7025730731734607,0.046141798767675,2.7807239442695133,gps>10m,False,,,,,,,,,,,,,,,,,,,,,,,,,,
20260811_182606_294,session_20260811_182606_294.zip,tt,dashboard_center,100 Hz,216,4320.0,4340.0,688.76,691.63,-7.948096810563277,112.62564881547823,25.15784708727777,12.505090734807144,288,19.940756171904468,0.010000000000104592,0.9811463934635049,2.0010778676669685,0.8169026721782098,0.551634045628543,0.010364532701836713,0.858045049010035,gps>10m,False,,,,,,,,,,,,,,,,,,,,,,,,,,
20260811_182606_294,session_20260811_182606_294.zip,tt,dashboard_center,100 Hz,217,4340.0,4360.0,691.64,694.11,-7.948016662764302,112.62543613903222,28.97720725300951,11.816342007658166,248,19.932382362836506,0.010000000000104592,0.9267707133813252,1.8412614951350743,0.7204547659764242,0.6020354105976684,0.013071999453373583,0.7817395992539454,gps>10m,False,,,,,,,,,,,,,,,,,,,,,,,,,,
20260811_182606_294,session_20260811_182606_294.zip,tt,dashboard_center,100 Hz,218,4360.0,4380.0,694.12,696.49,-7.947864756620664,112.62530346878876,30.400042948949363,11.845274878195646,238,19.884952902490113,0.010000000000104592,0.9227616100340533,1.671965783485195,0.7268055184638128,0.40231425436256335,0.0054893816957337594,0.7698098338462511,gps>10m,False,,,,,,,,,,,,,,,,,,,,,,,,,,
20260811_182606_294,session_20260811_182606_294.zip,tt,dashboard_center,100 Hz,219,4380.0,4400.0,696.5,699.19,-7.947765424279572,112.62515071812439,26.540719233977427,12.068433432148868,270,19.91484310026044,0.010000000000104592,1.3451291903682792,2.70354968080126,1.2579739119902138,0.6527794336391226,0.005779061367920554,1.8889865732808362,gps>10m,False,,,,,,,,,,,,,,,,,,,,,,,,,,
20260811_182606_294,session_20260811_182606_294.zip,tt,dashboard_center,100 Hz,220,4400.0,4420.0,699.2,702.84,-7.947725199090335,112.62494181027198,19.593402639848073,11.991541666608214,365,19.96630688183359,0.010000000000104592,0.9037841277918522,1.6217587684836128,0.8311771589963034,0.8013499990104657,0.00787380126260324,0.8316004417791785,gps>10m,False,,,,,,,,,,,,,,,,,,,,,,,,,,
20260811_182606_294,session_20260811_182606_294.zip,tt,dashboard_center,100 Hz,221,4420.0,4440.0,702.85,708.1,-7.9476386072553336,112.62477726445854,13.763626561647442,11.671684165625091,526,19.981999548070235,0.010000000000104592,3.4546158617908476,7.672002688404664,4.62100287534359,1.0509458750352179,0.6194830709474436,10.620039099474841,gps>10m,False,,,,,,,,,,,,,,,,,,,,,,,,,,
20260811_182606_294,session_20260811_182606_294.zip,tt,dashboard_center,100 Hz,222,4440.0,4460.0,708.11,711.91,-7.947671274875056,112.62465105368243,18.922347566504772,10.6619800781261,381,19.960025590824443,0.010000000000104592,1.6002810688482363,3.022715870391286,1.4493084293307548,0.7515020425071725,0.03114742515552711,1.7132612568228087,gps>10m,False,,,,,,,,,,,,,,,,,,,,,,,,,,
20260811_182606_294,session_20260811_182606_294.zip,tt,dashboard_center,100 Hz,223,4460.0,4480.0,711.92,715.22,-7.947836447742107,112.62452949816289,21.65479734313039,10.299304768912998,331,19.92615337771622,0.010000000000104592,1.0757269413790138,2.1622816653386323,0.8999400219425263,0.8531501127062191,0.013296482672602795,0.924585031291593,gps>10m,False,,,,,,,,,,,,,,,,,,,,,,,,,,
20260811_182606_294,session_20260811_182606_294.zip,tt,dashboard_center,100 Hz,224,4480.0,4500.0,715.23,718.08,-7.9479782191740105,112.62444374024605,25.24758301524874,10.132239229167798,286,19.91393460818017,0.010000000000104592,2.0091366045969052,4.913255560812348,1.9142352612294717,0.5523770272641882,0.05113027251009783,5.281530945073932,gps>10m,False,,,,,,,,,,,,,,,,,,,,,,,,,,
20260811_182606_294,session_20260811_182606_294.zip,tt,dashboard_center,100 Hz,225,4500.0,4520.0,718.09,720.25,-7.948150044494997,112.62434415522281,33.22443818831973,10.614733875145104,217,19.937870262690012,0.010000000000104592,1.776545549130766,3.206569656411276,1.3021376616276932,0.3510906585192897,0.07141489506881953,3.1133413021101175,gps>10m,False,,,,,,,,,,,,,,,,,,,,,,,,,,
20260811_182606_294,session_20260811_182606_294.zip,tt,dashboard_center,100 Hz,226,4520.0,4540.0,720.26,722.77,-7.948311611367762,112.62426918080193,28.69180138961102,10.365525257191507,252,19.91351198698976,0.010000000000104592,2.4697531816320417,4.956744763908311,1.953799964747283,0.5523887502710074,0.04423004565733233,8.383009983530926,gps>10m,False,,,,,,,,,,,,,,,,,,,,,,,,,,
20260811_182606_294,session_20260811_182606_294.zip,tt,dashboard_center,100 Hz,227,4540.0,4560.0,722.78,726.9300000000001,-7.948483829463036,112.62415889928536,17.224618523153634,10.041468223106733,416,19.94247448740498,0.010000000000104592,1.037942404098275,1.9699311760807126,0.8983304499036617,0.8524518865869253,0.01091913899108026,0.9439264009719993,gps>10m,False,,,,,,,,,,,,,,,,,,,,,,,,,,
20260811_182606_294,session_20260811_182606_294.zip,tt,dashboard_center,100 Hz,228,4560.0,4580.0,726.94,732.65,-7.948611146391481,112.62403974367378,12.622581999682428,9.935,572,19.9730487146453,0.010000000000104592,0.9990242992439422,2.0357449403905776,1.0427847096279288,1.2016192591770891,0.031663036905438924,0.9047014419663085,OK,True,4560.0,4580.0,726.94,732.65,-7.948611146391481,112.62403974367378,12.622581999682428,9.935,572.0,19.9730487146453,0.010000000000104592,0.9990242992439422,2.0357449403905776,1.0427847096279288,1.2016192591770891,0.031663036905438924,0.9047014419663085,1.3909341849957912,2.7301748741008036,1.2482321152426177,0.08537902434153055,1.4950112716893618,63.2,0.0,Sedang,False
20260811_182606_294,session_20260811_182606_294.zip,tt,dashboard_center,100 Hz,229,4580.0,4600.0,732.66,737.21,-7.948770042188238,112.62395332759641,15.673582566165011,10.092463829719808,456,19.918215674099883,0.010000000000104592,1.1421212582940914,2.3946263306324003,1.085638395611089,0.9036954059798548,0.05997760701313661,1.0207037408169495,gps>10m,False,,,,,,,,,,,,,,,,,,,,,,,,,,
20260811_182606_294,session_20260811_182606_294.zip,tt,dashboard_center,100 Hz,230,4600.0,4620.0,737.22,740.72,-7.948946539145855,112.62386380100669,20.74398565975353,10.246625874734791,351,19.95446012076536,0.010000000000104592,1.3420460956393128,2.50340430971887,1.075862264641458,0.6514834238222116,0.009013840148914036,1.3859675554685327,gps>10m,False,,,,,,,,,,,,,,,,,,,,,,,,,,
20260811_182606_294,session_20260811_182606_294.zip,tt,dashboard_center,100 Hz,231,4620.0,4640.0,740.73,753.7,-7.949144687218772,112.62378927132856,10.077619029327956,9.935,418,19.963843174034082,8.81000000000006,1.0298972919373592,2.0025579690741018,1.091145760822037,0.75135833663078,0.0730391974525634,0.7868204220971712,discontinuous,False,,,,,,,,,,,,,,,,,,,,,,,,,,
20260811_182606_294,session_20260811_182606_294.zip,tt,dashboard_center,100 Hz,232,4640.0,4660.0,753.71,759.83,-7.949289459851111,112.62370824306498,11.765502939939125,9.935,613,19.96211305623001,0.010000000000104592,0.8371212873065644,1.6748809050804923,0.8767343085772326,1.402657119570888,0.014173362911565252,0.6188993480209856,OK,True,4640.0,4660.0,753.71,759.83,-7.949289459851111,112.62370824306498,11.765502939939125,9.935,613.0,19.96211305623001,0.010000000000104592,0.8371212873065644,1.6748809050804923,0.8767343085772326,1.402657119570888,0.014173362911565252,0.6188993480209856,1.214371199347279,2.3295164661524423,1.0731454709803188,0.04322354708750231,1.0884878404764124,31.6,1.0,Rendah,False
20260811_182606_294,session_20260811_182606_294.zip,tt,dashboard_center,100 Hz,233,4660.0,4680.0,759.84,765.45,-7.949413595906849,112.62361163292456,12.886513050610302,9.935,562,19.98391637808072,0.010000000000104592,1.7023791459932718,3.431340674576788,1.751570479584655,1.0008048283236874,0.22956210868025673,2.143910865223964,OK,True,4660.0,4680.0,759.84,765.45,-7.949413595906849,112.62361163292456,12.886513050610302,9.935,562.0,19.98391637808072,0.010000000000104592,1.7023791459932718,3.431340674576788,1.751570479584655,1.0008048283236874,0.22956210868025673,2.143910865223964,2.341740241693322,4.5527800898442585,2.0829391707184923,0.5969924964376108,3.4784109598535,89.5,2.0,Tinggi,False
20260811_182606_294,session_20260811_182606_294.zip,tt,dashboard_center,100 Hz,234,4680.0,4700.0,765.46,769.61,-7.949393286563107,112.62340768248103,17.279204240919306,11.158074134927048,416,19.93701860530109,0.010000000000104592,0.9075286025182954,1.857063041159878,0.8372158854139955,1.003159017701983,0.008095033354643157,0.5635579353011854,gps>10m,False,,,,,,,,,,,,,,,,,,,,,,,,,,
20260811_182606_294,session_20260811_182606_294.zip,tt,dashboard_center,100 Hz,235,4700.0,4720.0,769.62,773.32,-7.9493043732373705,112.62322984046176,19.949721846567716,12.20869980017692,371,19.97472729841502,0.010000000000104592,1.1430523155228427,2.027044843524034,1.351321022315515,0.7008856637112082,0.0061997415605245885,0.5588530117939935,gps>10m,False,,,,,,,,,,,,,,,,,,,,,,,,,,
20260811_182606_294,session_20260811_182606_294.zip,tt,dashboard_center,100 Hz,236,4720.0,4740.0,773.33,779.5500000000001,-7.949220742315665,112.62313473033699,11.797625150991072,11.450763931770476,580,19.959580991770054,0.44000000000005457,2.25777857119853,3.7559096151646703,3.505996509518352,1.102227547215108,0.42493603584269807,4.39743146889823,discontinuous | gps>10m,False,,,,,,,,,,,,,,,,,,,,,,,,,,
20260811_182606_294,session_20260811_182606_294.zip,tt,dashboard_center,100 Hz,237,4740.0,4760.0,779.5600000000001,783.4300000000001,-7.949019069301661,112.62300717528638,18.405855251108747,13.138791914707474,388,19.915025784684985,0.010000000000104592,2.5873840087587916,5.953332545374242,2.7052278570536554,0.6025601035991737,0.058149141671991846,5.657773857962656,gps>10m,False,,,,,,,,,,,,,,,,,,,,,,,,,,
20260811_182606_294,session_20260811_182606_294.zip,tt,dashboard_center,100 Hz,238,4760.0,4780.0,783.44,786.78,-7.948968311869239,112.62276012125227,21.73525483741071,11.91008325796294,335,19.972273204994053,0.010000000000104592,1.5882428804547497,2.88980058013004,1.932371190753128,0.8011106114850868,0.06274685586743256,3.170921190804947,gps>10m,False,,,,,,,,,,,,,,,,,,,,,,,,,,
20260811_182606_294,session_20260811_182606_294.zip,tt,dashboard_center,100 Hz,239,4780.0,4800.0,786.79,789.97,-7.948887256339509,112.62262460245968,22.524923926865206,12.267166275342296,319,19.92747380648143,0.010000000000104592,3.2280229299617407,7.299933997756274,3.5057729957256742,0.5018197538288818,0.08907200167897994,4.999345129981057,gps>10m,False,,,,,,,,,,,,,,,,,,,,,,,,,,
20260811_182606_294,session_20260811_182606_294.zip,tt,dashboard_center,100 Hz,240,4800.0,4820.0,789.98,793.03,-7.9488103697866155,112.62243931367976,23.49066809501647,12.04549290743881,306,19.91761114019573,0.010000000000104592,2.530820663068267,5.212204374584544,3.2529780878783217,0.502068241498048,0.03742301354319495,10.857974084174783,gps>10m,False,,,,,,,,,,,,,,,,,,,,,,,,,,
20260811_182606_294,session_20260811_182606_294.zip,tt,dashboard_center,100 Hz,241,4820.0,4840.0,793.04,795.85,-7.948754773112551,112.6222363543528,25.57108747137074,12.082897814896599,282,19.946217381371753,0.010000000000104592,1.293294234482695,2.7624439865758807,1.2222530116162393,0.6016178291131573,0.06289442041972908,1.4588965455691107,gps>10m,False,,,,,,,,,,,,,,,,,,,,,,,,,,
20260811_182606_294,session_20260811_182606_294.zip,tt,dashboard_center,100 Hz,242,4840.0,4860.0,795.86,799.12,-7.948680485557917,112.62204980369833,21.98375676173335,11.502779520767582,327,19.932999435830425,0.010000000000104592,2.192656305848934,5.179055026666789,2.22165279245605,0.6521848376031125,0.044621916755449145,4.531353150670999,gps>10m,False,,,,,,,,,,,,,,,,,,,,,,,,,,
20260811_182606_294,session_20260811_182606_294.zip,tt,dashboard_center,100 Hz,243,4860.0,4880.0,799.13,803.96,-7.948595851708155,112.62193689166835,14.88729982259969,11.753351411627007,484,19.96978762132494,0.010000000000104592,1.9429922397588715,4.645091342498727,2.204467110107205,0.8012103234845741,0.03180756491026055,2.440008432787521,gps>10m,False,,,,,,,,,,,,,,,,,,,,,,,,,,
20260811_182606_294,session_20260811_182606_294.zip,tt,dashboard_center,100 Hz,244,4880.0,4900.0,803.97,809.73,-7.9484772984029854,112.62183765185024,12.492866662744305,11.331280673245484,577,19.967476389415424,0.010000000000104592,1.7672064933295206,4.494711024090807,2.1067279163627295,1.0517102707647075,0.12082000330338696,2.431519077893577,gps>10m,False,,,,,,,,,,,,,,,,,,,,,,,,,,
20260811_182606_294,session_20260811_182606_294.zip,tt,dashboard_center,100 Hz,245,4900.0,4920.0,809.74,813.76,-7.948427999180318,112.62163325850872,17.75580509057405,10.820972259842339,403,19.912964822499816,0.010000000000104592,1.773418872852112,3.614331409314932,2.064482598772358,0.7030595456173,0.07123875408613121,2.4449220436407324,gps>10m,False,,,,,,,,,,,,,,,,,,,,,,,,,,
20260811_182606_294,session_20260811_182606_294.zip,tt,dashboard_center,100 Hz,246,4920.0,4940.0,813.77,817.24,-7.948346742027153,112.6214389958599,20.76084141384857,10.798,348,19.94976351678997,0.010000000000104592,1.919508876888284,4.001620295591733,1.8260267949300966,0.5012590746543875,0.05031180613687554,2.3032952569333474,gps>10m,False,,,,,,,,,,,,,,,,,,,,,,,,,,
20260811_182606_294,session_20260811_182606_294.zip,tt,dashboard_center,100 Hz,247,4940.0,4960.0,817.25,820.51,-7.948255890009543,112.62125423917706,21.991932242976542,10.460729166033538,327,19.930783268990126,0.010000000000104592,1.0685752005147233,1.9405895443294872,1.0901817952415702,0.8027782844286935,0.019498346657333597,0.5963734596320001,gps>10m,False,,,,,,,,,,,,,,,,,,,,,,,,,,
20260811_182606_294,session_20260811_182606_294.zip,tt,dashboard_center,100 Hz,248,4960.0,4980.0,820.52,823.98,-7.948162725898642,112.62108930495816,20.748762696819657,10.562677636393694,347,19.964960247165436,0.010000000000104592,0.8469169181773576,1.7137054380870598,0.7061096443801926,0.7012285437426642,0.0032535311080684835,0.49800747661974376,gps>10m,False,,,,,,,,,,,,,,,,,,,,,,,,,,
20260811_182606_294,session_20260811_182606_294.zip,tt,dashboard_center,100 Hz,249,4980.0,5000.0,823.99,827.07,-7.9480744463638135,112.62091173563411,23.379738243862636,10.483021805782029,309,19.944369573545373,0.010000000000104592,0.977636948932467,1.9982158462528197,0.8231399784498377,0.6016735678583218,0.013914188321161362,1.070440675375856,gps>10m,False,,,,,,,,,,,,,,,,,,,,,,,,,,
20260811_182606_294,session_20260811_182606_294.zip,tt,dashboard_center,100 Hz,250,5000.0,5020.0,827.08,830.28,-7.948011330462017,112.62076681196115,22.34521358682566,10.98858151438547,321,19.89552558145988,0.010000000000104592,1.1073788292140516,2.131773916824711,1.0089282372499282,0.60315069088612,0.02016853033668326,1.0382459736230507,gps>10m,False,,,,,,,,,,,,,,,,,,,,,,,,,,
20260811_182606_294,session_20260811_182606_294.zip,tt,dashboard_center,100 Hz,251,5020.0,5040.0,830.29,833.65,-7.947922207383756,112.62061530589212,21.376114808033616,11.196083392246871,337,19.988947999079755,0.010000000000104592,1.6952473288678365,3.446272486257513,1.7171807826889027,0.6503593886280804,0.06165917990124633,2.077808078583695,gps>10m,False,,,,,,,,,,,,,,,,,,,,,,,,,,
20260811_182606_294,session_20260811_182606_294.zip,tt,dashboard_center,100 Hz,252,5040.0,5060.0,833.66,837.21,-7.947863073072636,112.62041774019035,20.313194295656814,10.844095543315706,356,19.936914987874843,0.010000000000104592,0.8338291267447079,1.7205086139849162,0.7748585739207293,0.8025313851080179,0.02387709554617235,0.6106570355657939,gps>10m,False,,,,,,,,,,,,,,,,,,,,,,,,,,
20260811_182606_294,session_20260811_182606_294.zip,tt,dashboard_center,100 Hz,253,5060.0,5080.0,837.22,841.1800000000001,-7.94776796032587,112.62024189421851,18.10086405796616,11.067238413513563,397,19.948700793906028,0.010000000000104592,0.9627116166399771,1.878619057911675,1.0867052945035043,0.8521858228077287,0.024812115442460023,0.858186735973858,gps>10m,False,,,,,,,,,,,,,,,,,,,,,,,,,,
20260811_182606_294,session_20260811_182606_294.zip,tt,dashboard_center,100 Hz,254,5080.0,5100.0,841.19,846.26,-7.947693913543798,112.62007302445139,14.279558640991288,11.148926580090123,508,19.942412086499644,0.010000000000104592,0.6665301275187484,1.3810961972893738,0.6446422444034026,1.0028877105362466,0.003910897810814803,0.43311857523257763,gps>10m,False,,,,,,,,,,,,,,,,,,,,,,,,,,
20260811_182606_294,session_20260811_182606_294.zip,tt,dashboard_center,100 Hz,255,5100.0,5120.0,846.27,855.9300000000001,-7.94760098451465,112.61998814939513,11.568334277845697,10.783391673390305,445,19.966404279759445,5.230000000000018,0.8740433655049331,1.8186510431014802,0.8898475355578783,0.9015143511967827,0.03126051085877619,0.5896368471868588,discontinuous | gps>10m,False,,,,,,,,,,,,,,,,,,,,,,,,,,
20260811_182606_294,session_20260811_182606_294.zip,tt,dashboard_center,100 Hz,256,5120.0,5140.0,855.94,860.04,-7.947599498593583,112.61981077089594,17.413968844427615,10.599768678257194,411,19.9667011579686,0.010000000000104592,1.4814669004261793,2.7992868485341864,1.6348584804721065,0.7011674031297191,0.15358465653254338,2.2094976737923853,gps>10m,False,,,,,,,,,,,,,,,,,,,,,,,,,,
20260811_182606_294,session_20260811_182606_294.zip,tt,dashboard_center,100 Hz,257,5140.0,5160.0,860.0500000000001,862.5600000000001,-7.947729707579656,112.61967196105783,28.697422810420214,10.921097027466534,252,19.930366923840666,0.010000000000104592,1.01905338939864,1.907427913427446,0.7434433101216186,0.5519215999401307,0.011291844414077332,0.7969895407623822,gps>10m,False,,,,,,,,,,,,,,,,,,,,,,,,,,
20260811_182606_294,session_20260811_182606_294.zip,tt,dashboard_center,100 Hz,258,5160.0,5180.0,862.57,864.95,-7.947871773506591,112.61954219063657,30.048070069870263,10.45488014144062,239,19.865990548149966,0.010000000000104592,0.9554984079686637,1.7614322380866818,0.7238569552275085,0.5033728358906955,0.10375357403552579,0.6848372786681023,gps>10m,False,,,,,,,,,,,,,,,,,,,,,,,,,,
20260811_182606_294,session_20260811_182606_294.zip,tt,dashboard_center,100 Hz,259,5180.0,5200.0,864.96,868.47,-7.94802936191933,112.6194205410624,20.59365953711657,10.279985052965639,352,19.967004024769267,0.010000000000104592,0.9347659709631657,1.7711616602954778,0.7725601929590921,0.7011567675667747,0.0028348272592809256,0.9824701671034555,gps>10m,False,,,,,,,,,,,,,,,,,,,,,,,,,,
20260811_182606_294,session_20260811_182606_294.zip,tt,dashboard_center,100 Hz,260,5200.0,5220.0,868.48,874.79,-7.948136653877022,112.61930578214728,10.99494208573614,10.213911414011719,632,19.944180810049147,0.010000000000104592,0.7968462115776497,1.7580366910532783,0.9392804999061848,1.6044780332053732,0.008002845740423618,0.4375407432578858,gps>10m,False,,,,,,,,,,,,,,,,,,,,,,,,,,
20260811_182606_294,session_20260811_182606_294.zip,tt,dashboard_center,100 Hz,261,5220.0,5240.0,874.8000000000001,877.04,-7.948327289182849,112.61916172582396,32.934858108350426,10.215286427569461,225,19.97038620242438,0.010000000000104592,1.5349134703750467,2.9784637153022904,1.1626781622999895,0.40059315422897585,0.029864602752567505,2.3720988950485395,gps>10m,False,,,,,,,,,,,,,,,,,,,,,,,,,,
20260811_182606_294,session_20260811_182606_294.zip,tt,dashboard_center,100 Hz,262,5240.0,5260.0,877.0500000000001,879.1700000000001,-7.948460373206597,112.61903885998117,33.623115417711624,10.34606514274031,213,19.83074826369011,0.010000000000104592,1.092094599360401,2.038750453966388,0.8046195554417972,0.4538406660367377,0.04740932248153296,0.9377841761790947,gps>10m,False,,,,,,,,,,,,,,,,,,,,,,,,,,
20260811_182606_294,session_20260811_182606_294.zip,tt,dashboard_center,100 Hz,263,5260.0,5280.0,879.1800000000001,881.46,-7.948591393877571,112.61891989873027,31.706698896827255,10.271577416970162,229,19.949078333110265,0.010000000000104592,1.1810773611581362,2.303957878689699,0.9164569257678643,0.45114866209444615,0.07812213643770025,1.6345959178146796,gps>10m,False,,,,,,,,,,,,,,,,,,,,,,,,,,
20260811_182606_294,session_20260811_182606_294.zip,tt,dashboard_center,100 Hz,264,5280.0,5300.0,881.47,884.13,-7.948736391433231,112.61882475620854,26.830634527883593,10.233122269962156,267,19.96521360240513,0.010000000000104592,1.130227017996643,2.3623751694762642,0.9299492482021396,0.4507840576729821,0.10425445983175283,1.2091653264025717,gps>10m,False,,,,,,,,,,,,,,,,,,,,,,,,,,
20260811_182606_294,session_20260811_182606_294.zip,tt,dashboard_center,100 Hz,265,5300.0,5320.0,884.14,886.38,-7.94889425751039,112.61871233483178,31.941066494310746,10.48643065166922,225,19.919807207074882,0.010000000000104592,1.7161485817528555,3.3871211038123357,1.3682389925217573,0.4518116017108582,0.021189539264101637,2.3192036089306876,gps>10m,False,,,,,,,,,,,,,,,,,,,,,,,,,,
20260811_182606_294,session_20260811_182606_294.zip,tt,dashboard_center,100 Hz,266,5320.0,5340.0,886.39,888.6800000000001,-7.949045312136072,112.61858935699888,31.553821984598724,10.586046611451238,230,19.895862403901447,0.010000000000104592,1.4381371623191566,3.0278036443826526,1.163278007340999,0.5528787733193699,0.10742753572693099,1.8437877319600426,gps>10m,False,,,,,,,,,,,,,,,,,,,,,,,,,,
20260811_182606_294,session_20260811_182606_294.zip,tt,dashboard_center,100 Hz,267,5340.0,5360.0,888.69,891.45,-7.9491767612878315,112.61848940293626,25.682474299409154,10.755418877491289,277,19.879677582159275,0.010000000000104592,1.248380019837546,2.46696029639223,0.9946583261883327,0.5030262668331379,0.02202003501501562,1.3835469214055478,gps>10m,False,,,,,,,,,,,,,,,,,,,,,,,,,,
20260811_182606_294,session_20260811_182606_294.zip,tt,dashboard_center,100 Hz,268,5360.0,5380.0,891.46,893.69,-7.9493631081086775,112.61839355454855,31.976877830538903,11.544510626916221,224,19.95395971727612,0.010000000000104592,1.4699429340367562,2.8150919366572396,1.1503616253356663,0.4510382965345875,0.15648054335232905,2.2388618683984776,gps>10m,False,,,,,,,,,,,,,,,,,,,,,,,,,,
20260811_182606_294,session_20260811_182606_294.zip,tt,dashboard_center,100 Hz,269,5380.0,5400.0,893.7,895.6800000000001,-7.949560076802665,112.61831150618367,36.69824542091035,10.949532452280803,199,19.908660471859548,0.010000000000104592,0.9440125169463947,1.8981178093578799,0.6951651242728102,0.5022939646861113,0.06566720813192722,0.5887247927522746,gps>10m,False,,,,,,,,,,,,,,,,,,,,,,,,,,
20260811_182606_294,session_20260811_182606_294.zip,tt,dashboard_center,100 Hz,270,5400.0,5420.0,895.69,897.78,-7.949726551115974,112.6182319671237,34.158986420713205,10.824848014620615,210,19.856350072638634,0.010000000000104592,1.8850692157361002,3.9231835723127064,1.403622114945373,0.4028937831340778,0.08577849676750307,3.444907484348326,gps>10m,False,,,,,,,,,,,,,,,,,,,,,,,,,,
20260811_182606_294,session_20260811_182606_294.zip,tt,dashboard_center,100 Hz,271,5420.0,5440.0,897.79,900.19,-7.949899984932324,112.6181533872817,30.057222001649656,11.469139046678222,241,19.96355922535986,0.010000000000104592,1.0907861310145361,2.0358067838700853,0.8735312227721987,0.5009126823085197,0.023513911149211433,0.8292983094135314,gps>10m,False,,,,,,,,,,,,,,,,,,,,,,,,,,
20260811_182606_294,session_20260811_182606_294.zip,tt,dashboard_center,100 Hz,272,5440.0,5460.0,900.2,905.26,-7.9500598590370615,112.61809114740937,14.104667091136962,11.350145427247169,507,19.946301989119092,0.010000000000104592,1.2742414519872989,2.1775200986016245,1.7009594047062782,1.1530959479379552,0.09088032095305057,1.9032144917578937,gps>10m,False,,,,,,,,,,,,,,,,,,,,,,,,,,
20260811_182606_294,session_20260811_182606_294.zip,tt,dashboard_center,100 Hz,273,5460.0,5480.0,905.27,912.0500000000001,-7.950132676516667,112.61816609602118,11.939318030886792,15.59786842137015,556,19.928304067011595,1.240000000000009,0.9252706386652352,1.7644666059861276,0.8716565792659563,1.3046770017444291,0.010151460340826354,0.798265186388553,discontinuous | gps>10m,False,,,,,,,,,,,,,,,,,,,,,,,,,,
20260811_182606_294,session_20260811_182606_294.zip,tt,dashboard_center,100 Hz,274,5480.0,5500.0,912.0600000000001,914.9200000000001,-7.9501895556400575,112.6184953997835,25.173760084357532,16.37142889195321,287,19.98190183097995,0.010000000000104592,0.9619104484311778,1.8422957366858148,0.7417903534432595,0.6505887232337811,0.023636936603616085,0.7345294009954934,gps>10m,False,,,,,,,,,,,,,,,,,,,,,,,,,,
20260811_182606_294,session_20260811_182606_294.zip,tt,dashboard_center,100 Hz,275,5500.0,5520.0,914.9300000000001,917.79,-7.950300973435857,112.61869645244622,24.88995882099547,14.594637787778428,287,19.8865179553095,0.010000000000104592,1.4505629127158275,3.190096460554137,1.3624686947940696,0.5531385647663426,0.03510230679817696,2.0804433976429975,gps>10m,False,,,,,,,,,,,,,,,,,,,,,,,,,,
20260811_182606_294,session_20260811_182606_294.zip,tt,dashboard_center,100 Hz,276,5520.0,5540.0,917.8000000000001,920.59,-7.950299180188086,112.61884899131937,26.103932978454857,13.515443681362193,280,19.93163894558984,0.010000000000104592,0.9447022552738469,1.8426359993441581,0.7499775299492355,0.7024008431126885,0.017942590828983418,0.7725873382552031,gps>10m,False,,,,,,,,,,,,,,,,,,,,,,,,,,
20260811_182606_294,session_20260811_182606_294.zip,tt,dashboard_center,100 Hz,277,5540.0,5560.0,920.6,923.63,-7.950548654784534,112.61905993906086,23.407787929027343,12.129159365716308,304,19.922307023765825,0.010000000000104592,1.213770622461057,2.378074285261314,0.9840997516173642,0.6023398788947935,0.010165982249868673,1.4452060705015237,gps>10m,False,,,,,,,,,,,,,,,,,,,,,,,,,,
20260811_182606_294,session_20260811_182606_294.zip,tt,dashboard_center,100 Hz,278,5560.0,5580.0,923.64,927.1800000000001,-7.950669110893306,112.61923885295096,20.186352637122695,12.801574552885599,355,19.961125410370187,0.010000000000104592,3.253173374969322,8.43848526230966,3.501113644105779,0.5510711332080149,1.463017901770122,10.586683655727523,gps>10m,False,,,,,,,,,,,,,,,,,,,,,,,,,,
20260811_182606_294,session_20260811_182606_294.zip,tt,dashboard_center,100 Hz,279,5580.0,5600.0,927.19,932.46,-7.9507163285135025,112.61940268823727,13.596033650255812,10.863115218101678,528,19.961333299159378,0.010000000000104592,3.0414026385953608,6.851094480378306,4.098899856345283,0.8516465180567829,0.9134310506848308,8.01565974851702,gps>10m,False,,,,,,,,,,,,,,,,,,,,,,,,,,
20260811_182606_294,session_20260811_182606_294.zip,tt,dashboard_center,100 Hz,280,5600.0,5620.0,932.47,936.3000000000001,-7.950756524903598,112.61954265446349,18.983069591614704,10.805498890501816,384,19.990049075779098,0.010000000000104592,0.7959681731225237,1.5668269275512596,0.7089824782283237,0.8003982351092058,0.010871844752183404,0.5672156193532808,gps>10m,False,,,,,,,,,,,,,,,,,,,,,,,,,,
20260811_182606_294,session_20260811_182606_294.zip,tt,dashboard_center,100 Hz,281,5620.0,5640.0,936.3100000000001,939.25,-7.950874918782131,112.61973410043662,24.45648465855392,11.41511501106293,295,19.930043809354174,0.010000000000104592,0.8570192193973746,1.5645612116064138,0.6943056758244529,0.6021060522891473,0.011246477372586376,0.621261314970437,gps>10m,False,,,,,,,,,,,,,,,,,,,,,,,,,,
20260811_182606_294,session_20260811_182606_294.zip,tt,dashboard_center,100 Hz,282,5640.0,5660.0,939.26,942.0600000000001,-7.950981302878918,112.61992275830477,25.52019183166687,12.640798888042502,281,19.89417917866558,0.010000000000104592,1.654572875524915,4.08065845663704,1.533322965864292,0.3518617147827222,0.32130908815387693,1.0147142544437995,gps>10m,False,,,,,,,,,,,,,,,,,,,,,,,,,,
20260811_182606_294,session_20260811_182606_294.zip,tt,dashboard_center,100 Hz,283,5660.0,5680.0,942.07,946.65,-7.951055246143056,112.61998878158126,15.44130435430895,12.07152225843723,459,19.935497876530462,0.010000000000104592,1.262364780284352,2.136908350677297,1.5488083003589108,0.9530737640803143,0.2931057570016549,0.6064203334792103,gps>10m,False,,,,,,,,,,,,,,,,,,,,,,,,,,
20260811_182606_294,session_20260811_182606_294.zip,tt,dashboard_center,100 Hz,284,5680.0,5700.0,946.66,949.49,-7.9510820921996785,112.6201339009965,25.755725147667768,10.85409370013214,284,19.969299502669855,0.010000000000104592,2.1373180544950365,3.7198166633590946,2.524885380178489,0.6009224308742339,0.078133719010344,6.260081675010515,gps>10m,False,,,,,,,,,,,,,,,,,,,,,,,,,,
20260811_182606_294,session_20260811_182606_294.zip,tt,dashboard_center,100 Hz,285,5700.0,5720.0,949.5,951.96,-7.951148764686022,112.62031187490749,29.058593813372436,11.104598527414888,247,19.901242821490086,0.010000000000104592,1.669924741335233,3.339253028317024,1.725538190623503,0.50248118118541,0.0713501129297423,4.263538802335479,gps>10m,False,,,,,,,,,,,,,,,,,,,,,,,,,,
20260811_182606_294,session_20260811_182606_294.zip,tt,dashboard_center,100 Hz,286,5720.0,5740.0,951.97,954.0600000000001,-7.951220895706609,112.62051817496318,34.30100590032141,11.31587171792528,210,19.84495221053021,0.010000000000104592,1.4078662637262849,2.8816420723406155,1.0969601031978051,0.5542971272142009,0.022215436492260335,1.6969092507894419,gps>10m,False,,,,,,,,,,,,,,,,,,,,,,,,,,
20260811_182606_294,session_20260811_182606_294.zip,tt,dashboard_center,100 Hz,287,5740.0,5760.0,954.07,956.21,-7.951342091407405,112.6206848773524,33.36353905139963,11.659590893271355,215,19.939864863180446,0.010000000000104592,1.4238454600100454,2.849461147851704,1.0491623218016093,0.4012063298770012,0.04954228614010839,2.1227353780440517,gps>10m,False,,,,,,,,,,,,,,,,,,,,,,,,,,
20260811_182606_294,session_20260811_182606_294.zip,tt,dashboard_center,100 Hz,288,5760.0,5780.0,956.22,958.59,-7.951373476124218,112.62079499419863,30.246660773696778,11.59197457599614,238,19.89430325980993,0.010000000000104592,1.60353314039141,3.090935929115319,1.1711526101542629,0.452390811704455,0.009300496336926426,2.1679013981586954,gps>10m,False,,,,,,,,,,,,,,,,,,,,,,,,,,
20260811_182606_294,session_20260811_182606_294.zip,tt,dashboard_center,100 Hz,289,5780.0,5800.0,958.6,961.03,-7.951426935245809,112.62097442921512,29.66771699637255,11.092030279583994,244,19.958869053309172,0.010000000000104592,2.557045283459316,6.098796103245747,2.5081937762145707,0.40082431417493586,0.14142847945341772,11.442974736527088,gps>10m,False,,,,,,,,,,,,,,,,,,,,,,,,,,
20260811_182606_294,session_20260811_182606_294.zip,tt,dashboard_center,100 Hz,290,5800.0,5820.0,961.04,963.5600000000001,-7.951569369974854,112.62111890888514,28.68026988947461,12.319393541707372,253,19.933504728961452,0.010000000000104592,4.6033954661298555,9.97007151298862,5.062289550355463,0.3010007563437944,0.18433611831456653,5.5010206136890325,gps>10m,False,,,,,,,,,,,,,,,,,,,,,,,,,,
20260811_182606_294,session_20260811_182606_294.zip,tt,dashboard_center,100 Hz,291,5820.0,5840.0,963.57,966.46,-7.951631864816182,112.62124631163704,24.716274595000996,12.006725760340661,290,19.940532167684978,0.010000000000104592,1.205102288924995,2.4002450576739567,1.0189652363073118,0.6519384683758543,0.014037200794484993,0.9428004610716184,gps>10m,False,,,,,,,,,,,,,,,,,,,,,,,,,,
20260811_182606_294,session_20260811_182606_294.zip,tt,dashboard_center,100 Hz,292,5840.0,5860.0,966.47,968.97,-7.951681348071364,112.62140104903742,28.587102573287048,12.81821992656498,251,19.93703032576468,0.010000000000104592,1.566335157313443,3.0203034440357355,1.1836806169001097,0.6520529781810114,0.07953436662193114,2.400016732476139,gps>10m,False,,,,,,,,,,,,,,,,,,,,,,,,,,
20260811_182606_294,session_20260811_182606_294.zip,tt,dashboard_center,100 Hz,293,5860.0,5880.0,968.98,971.35,-7.95181281798375,112.6215346074568,30.63738675687113,12.232663969598175,238,19.913523357580743,0.010000000000104592,1.1311968290206558,2.1987411324391184,0.8497723540126448,0.602605565299513,0.0031323218780868294,1.1288022553570385,gps>10m,False,,,,,,,,,,,,,,,,,,,,,,,,,,
20260811_182606_294,session_20260811_182606_294.zip,tt,dashboard_center,100 Hz,294,5880.0,5900.0,971.36,974.64,-7.9519482107603565,112.62166180220382,21.533913809599987,11.504878398512433,329,19.93303481988005,0.010000000000104592,3.8943783451579694,9.303344944949647,4.72561641188073,0.5016797537536323,0.2665191740422704,17.23296902837644,gps>10m,False,,,,,,,,,,,,,,,,,,,,,,,,,,
20260811_182606_294,session_20260811_182606_294.zip,tt,dashboard_center,100 Hz,295,5900.0,5920.0,974.65,977.48,-7.952054552095712,112.62181116250952,25.659515691738715,10.963950300018134,284,19.907136590920345,0.010000000000104592,0.6176686768970746,1.18403387606371,0.485085260436769,0.7032653810385471,0.003984883534977886,0.3082065004328629,gps>10m,False,,,,,,,,,,,,,,,,,,,,,,,,,,
20260811_182606_294,session_20260811_182606_294.zip,tt,dashboard_center,100 Hz,296,5920.0,5940.0,977.49,981.91,-7.952166755273002,112.62194769799187,16.26030253180948,10.995703628171075,443,19.953841410834684,0.010000000000104592,3.491484372607634,7.283053261553482,4.730139255461267,0.40092530732734505,0.4756205424830917,2.5292197960832254,gps>10m,False,,,,,,,,,,,,,,,,,,,,,,,,,,
20260811_182606_294,session_20260811_182606_294.zip,tt,dashboard_center,100 Hz,297,5940.0,5960.0,981.9200000000001,991.03,-7.952222657133838,112.62205415415767,9.508913492534575,10.467207712683239,640,19.97329904008984,2.6000000000000227,1.0631245516829733,2.2084703692655325,1.2449588961021394,1.2016041992776396,0.04360929003828078,1.0081590290228604,discontinuous | gps>10m,False,,,,,,,,,,,,,,,,,,,,,,,,,,
20260811_182606_294,session_20260811_182606_294.zip,tt,dashboard_center,100 Hz,298,5960.0,5980.0,991.0400000000001,994.9200000000001,-7.95230756130596,112.62220019457028,18.40371088866877,10.216190582040392,389,19.9711953003507,0.010000000000104592,2.4658841612962576,6.534312248042214,2.8204395405078024,0.650937502963166,0.6815466161015742,4.765524247747489,gps>10m,False,,,,,,,,,,,,,,,,,,,,,,,,,,
20260811_182606_294,session_20260811_182606_294.zip,tt,dashboard_center,100 Hz,299,5980.0,6000.0,994.9300000000001,997.01,-7.952422171578277,112.62240478447713,34.57791043382294,10.185496638500037,209,19.83273401023871,0.010000000000104592,3.260824530167737,7.348406564496395,2.952878074895675,0.35295184195916857,0.20905472149580484,16.490681847856713,gps>10m,False,,,,,,,,,,,,,,,,,,,,,,,,,,
20260811_182606_294,session_20260811_182606_294.zip,tt,dashboard_center,100 Hz,300,6000.0,6020.0,997.02,999.19,-7.952514949996877,112.62255709063726,33.04548956502258,10.579478914214123,218,19.920351332735663,0.010000000000104592,1.825274223881886,3.4578278178674497,1.4980840452157855,0.45179926044828594,0.08554010000275467,4.275734512736959,gps>10m,False,,,,,,,,,,,,,,,,,,,,,,,,,,
20260811_182606_294,session_20260811_182606_294.zip,tt,dashboard_center,100 Hz,301,6020.0,6040.0,999.2,1001.73,-7.952644956591792,112.62269593711233,28.425610299916137,11.239869289207219,254,19.93314930102042,0.010000000000104592,5.049041769452639,12.699110249448406,4.6423639118946225,0.3511738107355497,0.055597712223435,26.09084486669738,gps>10m,False,,,,,,,,,,,,,,,,,,,,,,,,,,
20260811_182606_294,session_20260811_182606_294.zip,tt,dashboard_center,100 Hz,302,6040.0,6060.0,1001.74,1004.25,-7.952733515936746,112.62284457564718,28.517368922914613,11.418199593292988,252,19.91767809763951,0.010000000000104592,1.7771430522719573,3.1128748613589328,1.8045168791320225,0.65268651979774,0.028146916293537733,1.4269416966230597,gps>10m,False,,,,,,,,,,,,,,,,,,,,,,,,,,
20260811_182606_294,session_20260811_182606_294.zip,tt,dashboard_center,100 Hz,303,6060.0,6080.0,1004.26,1006.52,-7.952877414484199,112.62298519207668,31.696864100429302,11.894391337544505,227,19.966386988709928,0.010000000000104592,2.4134127336779305,5.424488820220725,2.424843150989588,0.40067339196238316,0.045351449056879906,7.9119705597336205,gps>10m,False,,,,,,,,,,,,,,,,,,,,,,,,,,
20260811_182606_294,session_20260811_182606_294.zip,tt,dashboard_center,100 Hz,304,6080.0,6100.0,1006.53,1008.9,-7.95301432001933,112.62312272688962,30.332510049675935,12.213235788822121,238,19.921605506259766,0.010000000000104592,3.2147331493771096,5.935758831651895,2.944642061934668,0.5019675746946098,0.1046769305218189,14.948819195566028,gps>10m,False,,,,,,,,,,,,,,,,,,,,,,,,,,
20260811_182606_294,session_20260811_182606_294.zip,tt,dashboard_center,100 Hz,305,6100.0,6120.0,1008.91,1011.8000000000001,-7.9531479267637035,112.62324961582713,24.90424802306875,11.935549066239114,290,19.922363074389978,0.010000000000104592,2.614785624057577,6.2462502930869235,2.4564096855441595,0.6023381842400962,0.031362639842542325,3.535060777839016,gps>10m,False,,,,,,,,,,,,,,,,,,,,,,,,,,
20260811_182606_294,session_20260811_182606_294.zip,tt,dashboard_center,100 Hz,306,6120.0,6140.0,1011.8100000000001,1016.72,-7.95325567800897,112.62334429024091,14.329813436165992,12.259048774430426,492,19.937124359924383,0.010000000000104592,4.3447595679831705,9.565819312671769,4.833110331896699,0.7022075875767422,4.361113066031038,14.193182223122756,gps>10m,False,,,,,,,,,,,,,,,,,,,,,,,,,,
20260811_182606_294,session_20260811_182606_294.zip,tt,dashboard_center,100 Hz,307,6140.0,6160.0,1016.73,1019.22,-7.9533057322966005,112.62352275993535,29.414917374339407,11.185533029808074,250,19.95338112564059,0.010000000000104592,2.5750062225681294,5.410027502993238,2.5218170345431976,0.4510513753699004,0.1821804634758914,1.5686245283393703,gps>10m,False,,,,,,,,,,,,,,,,,,,,,,,,,,
20260811_182606_294,session_20260811_182606_294.zip,tt,dashboard_center,100 Hz,308,6160.0,6180.0,1019.23,1021.3000000000001,-7.9534023929844775,112.62370069399995,34.52710400968114,10.781673619108304,208,19.8845729514951,0.010000000000104592,3.5120065337447284,7.562331625227641,2.710029559661618,0.40232194171404057,1.231225807553682,12.437040414380133,gps>10m,False,,,,,,,,,,,,,,,,,,,,,,,,,,
20260811_182606_294,session_20260811_182606_294.zip,tt,dashboard_center,100 Hz,309,6180.0,6200.0,1021.3100000000001,1023.5500000000001,-7.953485929641272,112.62386741210899,32.100490953521344,10.50472754845819,225,19.879442341914,0.010000000000104592,1.7362145413238568,3.7142356024081953,1.485279760924357,0.3521225535205852,0.08323391294783543,1.5850399368580905,gps>10m,False,,,,,,,,,,,,,,,,,,,,,,,,,,
20260811_182606_294,session_20260811_182606_294.zip,tt,dashboard_center,100 Hz,310,6200.0,6220.0,1023.5600000000001,1026.35,-7.95356149946746,112.6240282093661,25.790172654355402,10.276694045261923,280,19.960013683298712,0.010000000000218279,1.2749394979373039,2.374142325204344,1.0516527230533395,0.5511018266086717,0.032196490285391705,1.4723653176252862,gps>10m,False,,,,,,,,,,,,,,,,,,,,,,,,,,
20260811_182606_294,session_20260811_182606_294.zip,tt,dashboard_center,100 Hz,311,6220.0,6240.0,1026.3600000000001,1031.01,-7.9536052397380015,112.62416539160063,15.253672902695286,10.072764939720626,466,19.915998467659847,0.010000000000218279,1.0178440342194561,1.9917797601485836,0.9839424354224235,0.9037960124986403,0.032754886261238764,0.57882522977855,gps>10m,False,,,,,,,,,,,,,,,,,,,,,,,,,,
20260811_182606_294,session_20260811_182606_294.zip,tt,dashboard_center,100 Hz,312,6240.0,6260.0,1031.02,1033.32,-7.953692854804534,112.62435298516411,31.302315935245353,9.962848179039787,231,19.974315933824982,0.010000000000218279,1.5849860211043105,3.0298566890906877,1.4315449319919658,0.6007715127644955,0.026598663242579333,1.168979608759927,OK,True,6240.0,6260.0,1031.02,1033.32,-7.953692854804534,112.62435298516411,31.302315935245353,9.962848179039787,231.0,19.974315933824982,0.010000000000218279,1.5849860211043105,3.0298566890906877,1.4315449319919658,0.6007715127644955,0.026598663242579333,1.168979608759927,1.2984610091471926,2.5387746440912484,1.2845467725912563,0.014632111458387886,0.8637335266607333,47.4,1.0,Rendah,False
20260811_182606_294,session_20260811_182606_294.zip,tt,dashboard_center,100 Hz,313,6260.0,6280.0,1033.33,1035.47,-7.953773454755084,112.62450608859656,33.43709010152998,9.973475465840862,215,19.860878067386693,0.010000000000218279,1.3952098303742995,2.649520772702277,1.0188397929101833,0.5035024114276638,0.10785129740656987,1.7363872842606107,OK,True,6260.0,6280.0,1033.33,1035.47,-7.953773454755084,112.62450608859656,33.43709010152998,9.973475465840862,215.0,19.860878067386693,0.010000000000218279,1.3952098303742995,2.649520772702277,1.0188397929101833,0.5035024114276638,0.10785129740656987,1.7363872842606107,1.099794687808667,2.1455132493184084,0.8952808389246213,0.052859633577154036,1.21011400665176,21.1,1.0,Rendah,False
20260811_182606_294,session_20260811_182606_294.zip,tt,dashboard_center,100 Hz,314,6280.0,6300.0,1035.48,1037.65,-7.953852058054322,112.62466732369984,32.87687027391815,9.938699834620426,218,19.8773322445104,0.010000000000218279,3.0252348216529827,6.299187212234944,2.5468902741586454,0.45277705726761025,0.30204511556957325,4.37511380804946,OK,True,6280.0,6300.0,1035.48,1037.65,-7.953852058054322,112.62466732369984,32.87687027391815,9.938699834620426,218.0,19.8773322445104,0.010000000000218279,3.0252348216529827,6.299187212234944,2.5468902741586454,0.45277705726761025,0.30204511556957325,4.37511380804946,2.40833125851071,5.1457486364785066,2.250049351332269,0.15248039256581342,3.0950839595293846,94.7,2.0,Tinggi,True
20260811_182606_294,session_20260811_182606_294.zip,tt,dashboard_center,100 Hz,315,6300.0,6320.0,1037.66,1039.77,-7.953938498822563,112.62483250028211,33.97124585110403,9.935294969668321,212,19.90367830341893,0.010000000000218279,4.34290972335751,12.052357156899314,4.6170619765195475,0.3516937871125853,0.12201728863758043,1.9594338941698912,OK,True,6300.0,6320.0,1037.66,1039.77,-7.953938498822563,112.62483250028211,33.97124585110403,9.935294969668321,212.0,19.90367830341893,0.010000000000218279,4.34290972335751,12.052357156899314,4.6170619765195475,0.3516937871125853,0.12201728863758043,1.9594338941698912,3.3918259069015364,9.679910085729787,4.036779758435411,0.05816652480800669,1.3465118338442237,100.0,2.0,Tinggi,True
20260811_182606_294,session_20260811_182606_294.zip,tt,dashboard_center,100 Hz,316,6320.0,6340.0,1039.78,1041.79,-7.954032707766262,112.62500292937602,35.98422180880217,10.38010971271775,202,19.913794344030066,0.010000000000218279,4.2807192749833005,9.413084263231655,3.484151837746976,0.35151512961659775,0.9807997948715926,21.45327852194236,gps>10m,False,,,,,,,,,,,,,,,,,,,,,,,,,,
20260811_182606_294,session_20260811_182606_294.zip,tt,dashboard_center,100 Hz,317,6340.0,6360.0,1041.8,1044.19,-7.954119717343536,112.6251795902634,29.957217922060376,10.312998684419359,240,19.9147102843408,0.010000000000218279,1.3827380240950384,2.7394441401535246,1.1039916477301734,0.5523555122290403,0.14407549556521462,1.403508318235157,gps>10m,False,,,,,,,,,,,,,,,,,,,,,,,,,,
20260811_182606_294,session_20260811_182606_294.zip,tt,dashboard_center,100 Hz,318,6360.0,6380.0,1044.2,1049.05,-7.954201833521369,112.62534292575978,14.759784517602524,11.026431493004289,486,19.985505622294113,0.010000000000218279,1.5754581530977,3.5054255031337114,1.6418824524727202,1.000725244483668,0.08469971293783944,1.4216403131344417,gps>10m,False,,,,,,,,,,,,,,,,,,,,,,,,,,
20260811_182606_294,session_20260811_182606_294.zip,tt,dashboard_center,100 Hz,319,6380.0,6400.0,1049.06,1052.1100000000001,-7.954412214773916,112.62526226407613,23.575606318379297,10.603366883538612,306,19.974535843227386,0.010000000000218279,1.583831892222981,2.9738154611652545,1.23513552078213,0.7509561232225547,0.009187393080221207,2.137597669321438,gps>10m,False,,,,,,,,,,,,,,,,,,,,,,,,,,
20260811_182606_294,session_20260811_182606_294.zip,tt,dashboard_center,100 Hz,320,6400.0,6420.0,1052.1200000000001,1056.71,-7.954585703152219,112.62518496578083,15.620115243280756,10.35909685199281,460,19.92803054347496,0.010000000000218279,4.04023028468559,8.284326461807893,5.532359432431813,0.8028891748782914,1.4990800265447286,13.008573820417594,gps>10m,False,,,,,,,,,,,,,,,,,,,,,,,,,,
20260811_182606_294,session_20260811_182606_294.zip,tt,dashboard_center,100 Hz,321,6420.0,6440.0,1056.72,1061.77,-7.954678326596817,112.62532375114183,14.097538808757042,12.155948734853087,506,19.494173672448596,0.010000000000218279,2.8218034183429057,5.636712380883674,2.838616981869467,1.1798396991048787,0.12952759441101588,9.276769204346744,gps>10m,False,,,,,,,,,,,,,,,,,,,,,,,,,,
20260811_212352_867,session_20260811_212352_867 (1).zip,tt,dashboard_center,100 Hz,0,0.0,20.0,4.9,22.37,-7.953909660907026,112.61413739183878,23.485520316389515,6.6156595305129295,289,19.051824560910006,14.599999999999998,1.3760775153314477,2.538146941743566,1.08379938807278,0.6823493444650457,0.025839490131285378,1.5768293100258615,discontinuous,False,,,,,,,,,,,,,,,,,,,,,,,,,,
20260811_212352_867,session_20260811_212352_867 (1).zip,tt,dashboard_center,100 Hz,1,20.0,40.0,22.38,24.84,-7.954086540476151,112.6140255405265,29.004868335582007,5.947378931094459,247,19.93056823888501,0.010000000000001563,1.7236137236813673,3.411096068865149,1.3820067399736107,0.551916025080446,0.017333629129530913,2.2590185951664226,OK,True,20.0,40.0,22.38,24.84,-7.954086540476151,112.6140255405265,29.004868335582007,5.947378931094459,247.0,19.93056823888501,0.010000000000001563,1.7236137236813673,3.411096068865149,1.3820067399736107,0.551916025080446,0.017333629129530913,2.2590185951664226,1.7548372779893087,3.437257668553035,1.3820067399736107,0.017333629129530913,2.3878181364743822,51.2,2.0,Sedang,False
20260811_212352_867,session_20260811_212352_867 (1).zip,tt,dashboard_center,100 Hz,2,40.0,60.0,24.85,27.0,-7.954251370664473,112.6138929831454,33.15077525125216,5.45642810017722,216,19.88999276042999,0.010000000000001563,1.6188404567027828,3.121511085953206,1.1736158794543876,0.402212313315445,0.07565443476359233,2.268439476501764,OK,True,40.0,60.0,24.85,27.0,-7.954251370664473,112.6138929831454,33.15077525125216,5.45642810017722,216.0,19.88999276042999,0.010000000000001563,1.6188404567027828,3.121511085953206,1.1736158794543876,0.402212313315445,0.07565443476359233,2.268439476501764,1.6261521538122565,3.1275033193119675,1.1736158794543876,0.07565443476359233,2.3002337086519953,38.4,2.0,Sedang,False
20260811_212352_867,session_20260811_212352_867 (1).zip,tt,dashboard_center,100 Hz,3,60.0,80.0,27.01,28.94,-7.954426080475727,112.61379500114529,37.24723281237948,5.373680257062551,194,19.887655091709995,0.010000000000001563,1.7633935766618254,3.3056539544014325,1.2723310825946992,0.35197714198683444,0.2369274852044791,3.257631348144363,OK,True,60.0,80.0,27.01,28.94,-7.954426080475727,112.61379500114529,37.24723281237948,5.373680257062551,194.0,19.887655091709995,0.010000000000001563,1.7633935766618254,3.3056539544014325,1.2723310825946992,0.35197714198683444,0.2369274852044791,3.257631348144363,1.750707727388996,3.2955125147647384,1.2723310825946992,0.2369274852044791,3.1857914293484813,50.0,2.0,Sedang,False
20260811_212352_867,session_20260811_212352_867 (1).zip,tt,dashboard_center,100 Hz,4,80.0,100.0,28.95,30.8,-7.954596047650263,112.61371031538755,38.896544117411196,5.075390960101352,186,19.93046649479001,0.010000000000001563,1.7265724012169539,3.356988116650408,1.2136901460831415,0.4013955218805975,0.21265711836391368,2.8127985093038763,OK,True,80.0,100.0,28.95,30.8,-7.954596047650263,112.61371031538755,38.896544117411196,5.075390960101352,186.0,19.93046649479001,0.010000000000001563,1.7265724012169539,3.356988116650408,1.2136901460831415,0.4013955218805975,0.21265711836391368,2.8127985093038763,1.7066926849561759,3.3404840925359505,1.2136901460831415,0.21265711836391368,2.713967658344714,46.5,2.0,Sedang,False
20260811_212352_867,session_20260811_212352_867 (1).zip,tt,dashboard_center,100 Hz,5,100.0,120.0,30.810000000000002,32.59,-7.954757816409772,112.61362868308365,40.22298548246527,5.009386984660763,179,19.86981426927001,0.010000000000005116,1.7922323133353149,3.403778093851919,1.2645360737524456,0.40262077398340523,0.09849938765945908,2.9753891217473036,OK,True,100.0,120.0,30.810000000000002,32.59,-7.954757816409772,112.61362868308365,40.22298548246527,5.009386984660763,179.0,19.86981426927001,0.010000000000005116,1.7922323133353149,3.403778093851919,1.2645360737524456,0.40262077398340523,0.09849938765945908,2.9753891217473036,1.7656275431374542,3.3821827182929867,1.2645360737524456,0.09849938765945908,2.841075308674916,52.3,2.0,Sedang,False
20260811_212352_867,session_20260811_212352_867 (1).zip,tt,dashboard_center,100 Hz,6,120.0,140.0,32.6,34.39,-7.9549262651935795,112.61356579211622,40.030435378947985,5.406016588042928,180,19.924015106839988,0.010000000000005116,1.4456495879677884,2.745359388568792,1.0271366305927336,0.45171618028487975,0.07181342678165065,1.9583099489363363,OK,True,120.0,140.0,32.6,34.39,-7.9549262651935795,112.61356579211622,40.030435378947985,5.406016588042928,180.0,19.924015106839988,0.010000000000005116,1.4456495879677884,2.745359388568792,1.0271366305927336,0.45171618028487975,0.07181342678165065,1.9583099489363363,1.4248776497611364,2.728502109666259,1.0271366305927336,0.07181342678165065,1.872700055872811,27.9,0.0,Rendah,False
20260811_212352_867,session_20260811_212352_867 (1).zip,tt,dashboard_center,100 Hz,7,140.0,160.0,34.4,36.36,-7.955103175480788,112.61351456140311,36.575746801162175,4.478421778820631,197,19.890793213385024,0.010000000000005116,1.3158041609918747,2.59020936501557,0.93845786635766,0.4021961273327499,0.2700940176732903,1.3025810017090755,OK,True,140.0,160.0,34.4,36.36,-7.955103175480788,112.61351456140311,36.575746801162175,4.478421778820631,197.0,19.890793213385024,0.010000000000005116,1.3158041609918747,2.59020936501557,0.93845786635766,0.4021961273327499,0.2700940176732903,1.3025810017090755,1.3087323478715605,2.5842757649443446,0.93845786635766,0.2700940176732903,1.2810797023180374,18.6,0.0,Rendah,False
20260811_212352_867,session_20260811_212352_867 (1).zip,tt,dashboard_center,100 Hz,8,160.0,180.0,36.37,38.42,-7.955280363873994,112.61346364888985,34.93802953383797,4.654998460676716,206,19.92670268950002,0.010000000000005116,1.61760867186788,3.040372819692813,1.1280340312642274,0.5018391730845315,0.11456700233633416,2.7447384997786974,OK,True,160.0,180.0,36.37,38.42,-7.955280363873994,112.61346364888985,34.93802953383797,4.654998460676716,206.0,19.92670268950002,0.010000000000005116,1.61760867186788,3.040372819692813,1.1280340312642274,0.5018391730845315,0.11456700233633416,2.7447384997786974,1.61634991742531,3.039365740566924,1.1280340312642274,0.11456700233633416,2.738147131067092,37.2,2.0,Sedang,False
20260811_212352_867,session_20260811_212352_867 (1).zip,tt,dashboard_center,100 Hz,9,180.0,200.0,38.43,41.28,-7.955434211438816,112.61338147610617,25.15028702176323,7.54815300989279,286,19.88987463859999,0.010000000000005116,1.6390916226495233,3.230462981987458,1.2835730450183687,0.5530452152097761,0.008171529702800183,2.799624640245155,OK,True,180.0,200.0,38.43,41.28,-7.955434211438816,112.61338147610617,25.15028702176323,7.54815300989279,286.0,19.88987463859999,0.010000000000005116,1.6390916226495233,3.230462981987458,1.2835730450183687,0.5530452152097761,0.008171529702800183,2.799624640245155,1.6929064426652682,3.2751818226546896,1.2835730450183687,0.008171529702800183,3.0933699376094874,43.0,2.0,Sedang,False
20260811_212352_867,session_20260811_212352_867 (1).zip,tt,dashboard_center,100 Hz,10,200.0,220.0,41.29,46.53,-7.9555634435421405,112.61339891171416,13.768862891706068,6.839093077751376,525,19.965788768785018,0.010000000000005116,1.9457239760998508,4.396355382953848,2.33337362296557,0.9516278179655514,0.41311931417143366,3.811210049315491,OK,True,200.0,220.0,41.29,46.53,-7.9555634435421405,112.61339891171416,13.768862891706068,6.839093077751376,525.0,19.965788768785018,0.010000000000005116,1.9457239760998508,4.396355382953848,2.33337362296557,0.9516278179655514,0.41311931417143366,3.811210049315491,2.13522941814104,4.5737271297731805,2.33337362296557,0.41311931417143366,5.078419237749128,75.6,1.0,Tinggi,False
20260811_212352_867,session_20260811_212352_867 (1).zip,tt,dashboard_center,100 Hz,11,220.0,240.0,46.54,50.46,-7.955756104920394,112.61337286132265,18.244910682153733,5.337939831001926,393,19.93061103689999,0.010000000000005116,1.6380272729898508,3.4594868133893035,1.5976981275970965,0.6522629926363774,0.30908170206231483,2.1231470243725568,OK,True,220.0,240.0,46.54,50.46,-7.955756104920394,112.61337286132265,18.244910682153733,5.337939831001926,393.0,19.93061103689999,0.010000000000005116,1.6380272729898508,3.4594868133893035,1.5976981275970965,0.6522629926363774,0.30908170206231483,2.1231470243725568,1.7473546909255393,3.5559298053373856,1.5976981275970965,0.30908170206231483,2.592063769605856,58.1,2.0,Sedang,False
20260811_212352_867,session_20260811_212352_867 (1).zip,tt,dashboard_center,100 Hz,12,240.0,260.0,50.47,55.74,-7.955934349694338,112.61337945203907,13.688903961119212,7.983206545815557,528,19.94121033696004,0.010000000000005116,1.504603937636356,3.0367796559582256,1.506005890632546,0.6519162969714605,0.1477498438576792,2.0922967584377634,OK,True,240.0,260.0,50.47,55.74,-7.955934349694338,112.61337945203907,13.688903961119212,7.983206545815557,528.0,19.94121033696004,0.010000000000005116,1.504603937636356,3.0367796559582256,1.506005890632546,0.6519162969714605,0.1477498438576792,2.0922967584377634,1.6521142703039868,3.160087296738118,1.506005890632546,0.1477498438576792,2.793027576877245,54.7,2.0,Sedang,False
20260811_212352_867,session_20260811_212352_867 (1).zip,tt,dashboard_center,100 Hz,13,260.0,280.0,55.75,61.910000000000004,-7.95614269746041,112.61343089466276,11.36263149682432,5.495492377601941,617,19.97081797322994,0.010000000000005116,1.2151319385652521,2.3528512564890547,1.3291491253785743,1.2017534801113812,0.18762521831610698,1.0732529691590256,OK,True,260.0,280.0,55.75,61.910000000000004,-7.95614269746041,112.61343089466276,11.36263149682432,5.495492377601941,617.0,19.97081797322994,0.010000000000005116,1.2151319385652521,2.3528512564890547,1.3291491253785743,1.2017534801113812,0.18762521831610698,1.0732529691590256,1.3595105385774542,2.467998853903484,1.3291491253785743,0.18762521831610698,1.5180952570018407,23.3,0.0,Rendah,False
20260811_212352_867,session_20260811_212352_867 (1).zip,tt,dashboard_center,100 Hz,14,280.0,300.0,61.92,64.9,-7.9561749814089096,112.61363519950893,24.783654350656747,5.746301174494693,299,19.957854565850027,0.010000000000005116,0.9487649092483857,1.9461997231096135,0.7833492916800756,0.5010558608394233,0.014537347279290638,0.9219538875845152,OK,True,280.0,300.0,61.92,64.9,-7.9561749814089096,112.61363519950893,24.783654350656747,5.746301174494693,299.0,19.957854565850027,0.010000000000005116,0.9487649092483857,1.9461997231096135,0.7833492916800756,0.5010558608394233,0.014537347279290638,0.9219538875845152,0.9813642267988644,1.9743821638037975,0.7833492916800756,0.014537347279290638,1.023348984094112,8.1,0.0,Rendah,False
20260811_212352_867,session_20260811_212352_867 (1).zip,tt,dashboard_center,100 Hz,15,300.0,320.0,64.91,67.43,-7.956171251703309,112.6138607539119,28.184721348263878,9.768033634880926,253,19.86548322686002,0.010000000000005116,0.9529776211506479,1.8689679483327748,0.70502947453299,0.6040628291274012,0.030274709001461023,0.9796942247140373,OK,True,300.0,320.0,64.91,67.43,-7.956171251703309,112.6138607539119,28.184721348263878,9.768033634880926,253.0,19.86548322686002,0.010000000000005116,0.9529776211506479,1.8689679483327748,0.70502947453299,0.6040628291274012,0.030274709001461023,0.9796942247140373,0.9730460111303342,1.8856173209603146,0.70502947453299,0.030274709001461023,1.0448269271035908,7.0,0.0,Rendah,False
20260811_212352_867,session_20260811_212352_867 (1).zip,tt,dashboard_center,100 Hz,16,320.0,340.0,67.44,69.57000000000001,-7.9561408895468375,112.61407571682582,33.7625203513253,10.66391680541302,214,19.964962192210066,0.010000000000005116,0.8699532313026658,1.7280978370079438,0.6254751582561834,0.5509652306925972,0.013692719361116858,0.689462749469529,gps>10m,False,,,,,,,,,,,,,,,,,,,,,,,,,,
20260811_212352_867,session_20260811_212352_867 (1).zip,tt,dashboard_center,100 Hz,17,340.0,360.0,69.58,71.4,-7.956119891260183,112.61426152425733,39.18621793740503,10.49701849087239,183,19.812395278260055,0.010000000000005116,1.141935737579075,2.1732818592597036,0.7926180762236367,0.4037876232349513,0.09710496518275893,0.5947272513859169,gps>10m,False,,,,,,,,,,,,,,,,,,,,,,,,,,
20260811_212352_867,session_20260811_212352_867 (1).zip,tt,dashboard_center,100 Hz,18,360.0,380.0,71.41,73.14,-7.956081270871575,112.61444295409018,41.38553525487254,10.357645326702627,174,19.899503185940034,0.010000000000005116,1.0832092955437025,2.0201010621867663,0.7546780173796165,0.5025251086200728,0.05631571673081548,0.7417551288214366,gps>10m,False,,,,,,,,,,,,,,,,,,,,,,,,,,
20260811_212352_867,session_20260811_212352_867 (1).zip,tt,dashboard_center,100 Hz,19,380.0,400.0,73.15,74.72,-7.956034090259045,112.61463091892705,45.88581594016334,11.183123366960313,158,19.84829942404491,0.010000000000005116,1.7569320548708063,3.931677746339114,1.3022562068124124,0.302292900354546,0.16755539157695581,3.3888248595725403,gps>10m,False,,,,,,,,,,,,,,,,,,,,,,,,,,
20260811_212352_867,session_20260811_212352_867 (1).zip,tt,dashboard_center,100 Hz,20,400.0,420.0,74.73,76.31,-7.956003366925686,112.61482573067569,45.16072303714872,10.541630805249,159,19.964967561765036,0.010000000000005116,1.0255955333425697,1.9685121407089463,0.6932672305414257,0.4007018781899161,0.014277192126796012,0.5427673596261829,gps>10m,False,,,,,,,,,,,,,,,,,,,,,,,,,,
20260811_212352_867,session_20260811_212352_867 (1).zip,tt,dashboard_center,100 Hz,21,420.0,440.0,76.32000000000001,77.93,-7.955965987132787,112.61501752205163,44.432979572788696,10.655375821418282,162,19.864115696310023,0.010000000000005116,1.4123011726321708,2.7367418857080534,0.9714241266290141,0.2517101730800332,0.08747454204788,1.8501195365321577,gps>10m,False,,,,,,,,,,,,,,,,,,,,,,,,,,
20260811_212352_867,session_20260811_212352_867 (1).zip,tt,dashboard_center,100 Hz,22,440.0,460.0,77.94,79.59,-7.955930739985494,112.6151951718879,43.37478765023548,11.10770552441614,166,19.88294696674501,0.010000000000005116,1.1628040639146933,2.1278229784412335,0.7858613367455886,0.40235484273937394,0.01909818672469034,0.7660107026623917,gps>10m,False,,,,,,,,,,,,,,,,,,,,,,,,,,
20260811_212352_867,session_20260811_212352_867 (1).zip,tt,dashboard_center,100 Hz,23,460.0,480.0,79.60000000000001,81.36,-7.9559225132413705,112.61537354087315,40.75696589896808,10.384789839906635,177,19.910967674509948,0.010000000000005116,1.7230818327090358,3.526097255184462,1.2359933223754729,0.3515650326207606,0.14528656348006766,5.6689527025975455,gps>10m,False,,,,,,,,,,,,,,,,,,,,,,,,,,
20260811_212352_867,session_20260811_212352_867 (1).zip,tt,dashboard_center,100 Hz,24,480.0,500.0,81.37,83.16,-7.955949470171904,112.61555778036431,39.85630839178845,10.240602726334785,180,19.810139798139858,0.010000000000005116,1.1671471339819288,2.2909560104620863,0.827251333404859,0.3533543968557602,0.13149398457721426,1.2733876590163298,gps>10m,False,,,,,,,,,,,,,,,,,,,,,,,,,,
20260811_212352_867,session_20260811_212352_867 (1).zip,tt,dashboard_center,100 Hz,25,500.0,520.0,83.17,85.08,-7.956019547230039,112.61572375025938,37.23294921664361,10.266343426265141,192,19.96930349022,0.010000000000005116,1.3392988595254245,2.8282246245316873,1.008421460927853,0.4006148739197646,0.04077782620152609,2.102926927226287,gps>10m,False,,,,,,,,,,,,,,,,,,,,,,,,,,
20260811_212352_867,session_20260811_212352_867 (1).zip,tt,dashboard_center,100 Hz,26,520.0,540.0,85.09,86.89,-7.95610827244422,112.61589828669037,39.44930720266206,10.430869302107624,181,19.819380895849918,0.010000000000005116,1.2510596681388664,2.3085906631871644,0.8686838874618323,0.4036453026479329,0.05753235887762466,0.7339440406196375,gps>10m,False,,,,,,,,,,,,,,,,,,,,,,,,,,
20260811_212352_867,session_20260811_212352_867 (1).zip,tt,dashboard_center,100 Hz,27,540.0,560.0,86.9,88.5,-7.956204553508446,112.61607223488926,45.62818408636206,10.527759174339835,161,19.96388946267996,0.010000000000005116,2.063456910605103,4.6455727015274615,1.71684158057819,0.35063307744142946,0.0333415579320538,1.3420396199907876,gps>10m,False,,,,,,,,,,,,,,,,,,,,,,,,,,
20260811_212352_867,session_20260811_212352_867 (1).zip,tt,dashboard_center,100 Hz,28,560.0,580.0,88.51,90.18,-7.9562945074064375,112.61622782667708,42.481851595089324,10.704498832318759,168,19.84235952493009,0.010000000000005116,1.5615086984365243,3.1463610852556214,1.1043236213858287,0.4031778574492988,0.17437325966402778,1.5886654065240482,gps>10m,False,,,,,,,,,,,,,,,,,,,,,,,,,,
20260811_212352_867,session_20260811_212352_867 (1).zip,tt,dashboard_center,100 Hz,29,580.0,600.0,90.19,91.75,-7.956384855464079,112.6163986012913,46.10339676299143,11.282627099885795,157,19.882230260945107,0.010000000000005116,1.6697383925873477,2.9691443271862146,1.3096509968523056,0.3520731783169306,0.03835873904845229,1.3414641738847013,gps>10m,False,,,,,,,,,,,,,,,,,,,,,,,,,,
20260811_212352_867,session_20260811_212352_867 (1).zip,tt,dashboard_center,100 Hz,30,600.0,620.0,91.76,93.24,-7.956466941832675,112.61658806020431,48.39170563219874,11.586906500219698,149,19.879529641299882,0.010000000000005116,1.1543017611311717,2.320372003188811,0.7744463457081198,0.25151500514441044,0.00415556191643337,0.8568695745663458,gps>10m,False,,,,,,,,,,,,,,,,,,,,,,,,,,
20260811_212352_867,session_20260811_212352_867 (1).zip,tt,dashboard_center,100 Hz,31,620.0,640.0,93.25,94.83,-7.956547621908725,112.61674874278842,45.30870068709136,11.952294495401905,159,19.895735598489978,0.010000000000005116,1.3097908655925519,2.3162786406718645,0.9157322744641977,0.35183418905764297,0.05934459327644911,2.1966487370847103,gps>10m,False,,,,,,,,,,,,,,,,,,,,,,,,,,
20260811_212352_867,session_20260811_212352_867 (1).zip,tt,dashboard_center,100 Hz,32,640.0,660.0,94.84,96.56,-7.956642371653233,112.61690891188567,41.671299623318326,11.9218366570726,173,19.80597189481,0.010000000000005116,1.2813296116784638,2.689573815425484,0.9047231620768483,0.4039185778152264,0.08516536835166433,0.8760534179747544,gps>10m,False,,,,,,,,,,,,,,,,,,,,,,,,,,
20260811_212352_867,session_20260811_212352_867 (1).zip,tt,dashboard_center,100 Hz,33,660.0,680.0,96.57000000000001,98.79,-7.956726417677417,112.61706073770377,32.88873512156847,11.05050979705503,223,19.90732813382499,0.010000000000005116,1.147043902919503,2.179480269154746,0.8774794777409958,0.45209482354931885,0.011703667259359304,0.8717984463157484,gps>10m,False,,,,,,,,,,,,,,,,,,,,,,,,,,
20260811_212352_867,session_20260811_212352_867 (1).zip,tt,dashboard_center,100 Hz,34,680.0,700.0,98.8,104.22,-7.95683767514374,112.6172674462837,12.849274367973184,10.781329611037558,543,19.628424169150094,0.010000000000005116,0.8645607572125966,1.6287549519699995,0.9588832326716304,1.2227165967668812,0.05984682886546672,0.5335581882752123,gps>10m,False,,,,,,,,,,,,,,,,,,,,,,,,,,
20260811_212352_867,session_20260811_212352_867 (1).zip,tt,dashboard_center,100 Hz,35,700.0,720.0,105.14,111.60000000000001,-7.956799641775463,112.61740747693746,10.66853265879182,12.066974133274902,647,19.017156464510094,0.010000000000005116,0.6464399216103427,1.2347421286935443,0.6781817319113181,1.4197706187245989,0.025298239633252333,0.29748407999197035,gps>10m,False,,,,,,,,,,,,,,,,,,,,,,,,,,
20260811_212352_867,session_20260811_212352_867 (1).zip,tt,dashboard_center,100 Hz,36,720.0,740.0,111.61,115.48,-7.956618801052638,112.61757012508001,18.53470440472327,11.199691698698015,388,19.973662615444937,0.010000000000005116,1.4047419212534897,2.9455445578457455,1.315707127212875,0.8010548845271752,0.014332467849612021,1.83156323525502,gps>10m,False,,,,,,,,,,,,,,,,,,,,,,,,,,
20260811_212352_867,session_20260811_212352_867 (1).zip,tt,dashboard_center,100 Hz,37,740.0,760.0,115.49000000000001,118.3,-7.956443435128367,112.6177128048931,25.40259250179302,11.505623793817794,282,19.86978164079494,0.010000000000005116,1.402667286625908,2.895113911989703,1.1654330157146242,0.7045875114830852,0.03294204474942081,1.9751854977625456,gps>10m,False,,,,,,,,,,,,,,,,,,,,,,,,,,
20260811_212352_867,session_20260811_212352_867 (1).zip,tt,dashboard_center,100 Hz,38,760.0,780.0,118.31,121.0,-7.956293387553669,112.61780773027438,26.597013146797224,12.931783292537496,270,19.928692628005024,0.010000000000005116,0.7982324555518201,1.5723901727759735,0.6134514984798425,0.551967969265687,0.008330031362643452,0.5669080235081201,gps>10m,False,,,,,,,,,,,,,,,,,,,,,,,,,,
20260811_212352_867,session_20260811_212352_867 (1).zip,tt,dashboard_center,100 Hz,39,780.0,800.0,121.01,123.77,-7.956107956033963,112.61792410678284,26.133996860245546,12.69204233578592,277,19.95303539219492,0.010000000000005116,0.9414691591558131,1.9313121281379724,0.7799510554315577,0.4009415030221106,0.00983936372791145,0.9491707245161525,gps>10m,False,,,,,,,,,,,,,,,,,,,,,,,,,,
20260811_212352_867,session_20260811_212352_867 (1).zip,tt,dashboard_center,100 Hz,40,800.0,820.0,123.78,126.69,-7.956015486885586,112.61802677081499,24.575522524261313,12.21323642554886,292,19.965111252664997,0.010000000000005116,1.3020149497170608,2.680582952539291,1.27503762041463,0.6010484914477102,0.013761407369930263,0.9242629724538981,gps>10m,False,,,,,,,,,,,,,,,,,,,,,,,,,,
20260811_212352_867,session_20260811_212352_867 (1).zip,tt,dashboard_center,100 Hz,41,820.0,840.0,126.7,129.22,-7.9558688962250015,112.61812417222208,28.516667050481026,11.209702033890942,253,19.89571781965492,0.010000000000019327,1.369319239843406,2.7648679363759556,1.098030964895423,0.5528827911468032,0.012274352606304863,1.2389665234414367,gps>10m,False,,,,,,,,,,,,,,,,,,,,,,,,,,
20260811_212352_867,session_20260811_212352_867 (1).zip,tt,dashboard_center,100 Hz,42,840.0,860.0,129.23,131.49,-7.955716215875984,112.61824173057794,31.825790479458462,11.5318920932673,227,19.928853866950135,0.010000000000019327,1.1791579529764293,2.3424448995884393,0.8856927971884323,0.5017850031297548,0.04756401526218738,1.1524670769358614,gps>10m,False,,,,,,,,,,,,,,,,,,,,,,,,,,
20260811_212352_867,session_20260811_212352_867 (1).zip,tt,dashboard_center,100 Hz,43,860.0,880.0,131.5,133.78,-7.9555442588249505,112.61836057227588,31.621657275625978,11.299858533920673,229,19.88346017599997,0.010000000000019327,1.54949661047024,3.269277922207929,1.2644665604675596,0.4023444576138855,0.07658216406111493,1.9585157953720633,gps>10m,False,,,,,,,,,,,,,,,,,,,,,,,,,,
20260811_212352_867,session_20260811_212352_867 (1).zip,tt,dashboard_center,100 Hz,44,880.0,900.0,133.79,137.12,-7.955429776900813,112.61850061404672,21.48328771611088,11.532224671530326,334,19.953240839329965,0.010000000000019327,1.0537263577222062,2.1154688416276812,0.8842895857129991,0.6014060621343637,0.023033333176869814,1.0473504858809333,gps>10m,False,,,,,,,,,,,,,,,,,,,,,,,,,,
20260811_212352_867,session_20260811_212352_867 (1).zip,tt,dashboard_center,100 Hz,45,900.0,920.0,137.13,143.02,-7.9553057949212995,112.61847840191011,12.252687276033788,10.790006672802118,590,19.967754607984944,0.010000000000019327,1.7850895342875983,3.4644894111642572,2.0838929183809776,1.2019378478540894,0.625907187576457,2.615121923288327,gps>10m,False,,,,,,,,,,,,,,,,,,,,,,,,,,
20260811_212352_867,session_20260811_212352_867 (1).zip,tt,dashboard_center,100 Hz,46,920.0,940.0,143.03,147.42000000000002,-7.955156859550133,112.61829759864908,16.26237095395861,10.770174944824369,440,19.975362187480187,0.010000000000019327,1.6398929289285078,3.942469380563665,2.101957358451471,0.8510483985444313,0.04340101450237956,3.1180571785025735,gps>10m,False,,,,,,,,,,,,,,,,,,,,,,,,,,
20260811_212352_867,session_20260811_212352_867 (1).zip,tt,dashboard_center,100 Hz,47,940.0,960.0,147.43,150.79,-7.955048726892176,112.61814543716261,21.36068878594953,10.323620422980913,337,19.90344013001493,0.010000000000019327,1.2172031159132757,2.272569772738124,1.3601979462405838,0.7033959912732684,0.02362014810158113,1.5804282912209733,gps>10m,False,,,,,,,,,,,,,,,,,,,,,,,,,,
20260811_212352_867,session_20260811_212352_867 (1).zip,tt,dashboard_center,100 Hz,48,960.0,980.0,150.8,154.82,-7.954938129634167,112.61799389220174,17.949523580982294,10.723904193205305,403,19.98534278385,0.010000000000019327,1.0062752661426295,1.888268091362669,0.9460920072077625,0.9006600584577242,0.084884340603529,0.8871469376627177,gps>10m,False,,,,,,,,,,,,,,,,,,,,,,,,,,
20260811_212352_867,session_20260811_212352_867 (1).zip,tt,dashboard_center,100 Hz,49,980.0,1000.0,154.83,159.49,-7.9548048156398705,112.61792342533876,15.319413960645159,11.074322173800189,467,19.931840964959974,0.010000000000019327,1.6036407579390457,2.9882051690173173,2.1065615460494307,0.8027356844823255,0.06385925538709775,1.4966088165535263,gps>10m,False,,,,,,,,,,,,,,,,,,,,,,,,,,
20260811_212352_867,session_20260811_212352_867 (1).zip,tt,dashboard_center,100 Hz,50,1000.0,1020.0,159.5,164.15,-7.9546320735918865,112.61795748662783,15.392339536708878,10.400966406634522,466,19.961693609464987,0.010000000000019327,0.8512510605982873,1.6120175907984289,0.918257929056161,1.1522068442676816,0.09800914372376085,0.5718260606691917,gps>10m,False,,,,,,,,,,,,,,,,,,,,,,,,,,
20260811_212352_867,session_20260811_212352_867 (1).zip,tt,dashboard_center,100 Hz,51,1020.0,1040.0,164.16,169.03,-7.9544579624241525,112.61800075120226,14.804796584600645,10.085049959593695,488,19.97391910977501,0.010000000000019327,2.978135481470363,7.6277199896060095,3.4576911336571907,0.7009140230846613,1.582910388274318,8.836595923547454,gps>10m,False,,,,,,,,,,,,,,,,,,,,,,,,,,
20260811_212352_867,session_20260811_212352_867 (1).zip,tt,dashboard_center,100 Hz,52,1040.0,1060.0,169.04,177.08,-7.954305804286462,112.61804542684978,8.989237247302015,9.936958279605106,805,19.98430226552523,0.010000000000019327,2.289312872862214,5.297337227257715,3.3280868384259,1.3510604293939998,1.1722056455620773,1.9372580195331894,OK,True,1040.0,1060.0,169.04,177.08,-7.954305804286462,112.61804542684978,8.989237247302015,9.936958279605106,805.0,19.98430226552523,0.010000000000019327,2.289312872862214,5.297337227257715,3.3280868384259,1.3510604293939998,1.1722056455620773,1.9372580195331894,2.6224406314307918,5.612631558406004,3.3280868384259,1.1722056455620773,2.9472418581143827,84.9,1.0,Tinggi,False
20260811_212352_867,session_20260811_212352_867 (1).zip,tt,dashboard_center,100 Hz,53,1060.0,1080.0,177.09,184.19,-7.954147921479186,112.61810200542233,10.289840015885918,9.935,693,19.973293185975308,0.18999999999999773,1.8090999435151605,3.919678776212489,2.3761294480913557,1.151537695153344,0.274696541749076,2.154332058419343,OK,True,1060.0,1080.0,177.09,184.19,-7.954147921479186,112.61810200542233,10.289840015885918,9.935,693.0,19.973293185975308,0.18999999999999773,1.8090999435151605,3.919678776212489,2.3761294480913557,1.151537695153344,0.274696541749076,2.154332058419343,2.044356204217287,4.1290082636681715,2.3761294480913557,0.274696541749076,3.142665705309699,66.3,1.0,Tinggi,False
20260811_212352_867,session_20260811_212352_867 (1).zip,tt,dashboard_center,100 Hz,54,1080.0,1100.0,184.20000000000002,191.63,-7.953966889310782,112.61822346592108,10.164242037894969,10.332456700981691,669,19.960797451384906,0.7600000000000193,2.2980938739090218,5.266843767435723,2.8101698590146063,0.8015711816608759,1.3455927642642331,3.065075521024818,discontinuous | gps>10m,False,,,,,,,,,,,,,,,,,,,,,,,,,,
20260811_212352_867,session_20260811_212352_867 (1).zip,tt,dashboard_center,100 Hz,55,1100.0,1120.0,191.64000000000001,199.66,-7.953846456145302,112.61833338934413,9.047521099400747,13.319024180505377,803,19.979888358379867,0.010000000000019327,1.7567252462837175,4.1536730102835,2.283928257828127,1.1511575834383205,0.603949017174392,2.2689819244495495,gps>10m,False,,,,,,,,,,,,,,,,,,,,,,,,,,
20260811_212352_867,session_20260811_212352_867 (1).zip,tt,dashboard_center,100 Hz,56,1120.0,1140.0,199.67000000000002,207.81,-7.9536762954230795,112.61844539349731,8.787148634595113,11.755038099845612,815,19.976893394259832,0.010000000000019327,1.6600167645493764,3.680690538781837,2.1202043679005333,1.0512144999499344,0.5896242504649546,1.0011102702928856,gps>10m,False,,,,,,,,,,,,,,,,,,,,,,,,,,
20260811_212352_867,session_20260811_212352_867 (1).zip,tt,dashboard_center,100 Hz,57,1140.0,1160.0,207.82,219.18,-7.953434978150744,112.61845356792074,7.241333682310903,10.33342445741701,784,19.97866924687537,1.5,1.1045483507543645,2.1867009149198005,1.4177322271980815,1.0511210601919527,0.4459328134477729,0.4702487947631704,discontinuous | gps>10m,False,,,,,,,,,,,,,,,,,,,,,,,,,,
20260811_212352_867,session_20260811_212352_867 (1).zip,tt,dashboard_center,100 Hz,58,1160.0,1180.0,219.19,225.46,-7.953257610855647,112.61846598830121,11.497406086459721,10.305254040844137,628,19.950270352869893,0.010000000000019327,1.5188317132242426,3.3250488746932394,2.0223895996655186,1.0024926803622465,0.46147773171515244,1.943865579786569,gps>10m,False,,,,,,,,,,,,,,,,,,,,,,,,,,
20260811_212352_867,session_20260811_212352_867 (1).zip,tt,dashboard_center,100 Hz,59,1180.0,1200.0,225.47,231.05,-7.953045754248645,112.61852386798081,12.779962768260685,10.150292319242956,559,19.955346612985068,0.010000000000019327,2.2525124642836243,4.682650617705507,2.3791256790929043,0.8519020155198905,1.9817236228923012,3.021456287083583,gps>10m,False,,,,,,,,,,,,,,,,,,,,,,,,,,
20260811_212352_867,session_20260811_212352_867 (1).zip,tt,dashboard_center,100 Hz,60,1200.0,1220.0,231.06,237.96,-7.952897565340382,112.61858133328383,10.414891758124979,10.21473601696731,691,19.99296175927998,0.010000000000019327,1.9076283674105854,4.7553568079063275,2.687162220069988,1.000352035921679,0.8514670903721229,2.550291833952503,gps>10m,False,,,,,,,,,,,,,,,,,,,,,,,,,,
20260811_212352_867,session_20260811_212352_867 (1).zip,tt,dashboard_center,100 Hz,61,1220.0,1240.0,237.97,246.42000000000002,-7.9527360512039875,112.6186265131831,11.344106424144131,9.935,556,19.941638460065406,2.490000000000009,0.7819241170607818,1.6613275188579393,0.7860793561154301,0.9527802862362035,0.1391345989995454,0.3044538588466261,discontinuous,False,,,,,,,,,,,,,,,,,,,,,,,,,,
20260811_212352_867,session_20260811_212352_867 (1).zip,tt,dashboard_center,100 Hz,62,1240.0,1260.0,246.43,248.94,-7.952607284642951,112.61850648489985,28.514366130411887,9.935,252,19.949249591440093,0.010000000000019327,0.6147799982164414,1.2243076938163744,0.488250919476309,0.5513991867002318,0.007155170273731163,0.47646313576347843,OK,True,1240.0,1260.0,246.43,248.94,-7.952607284642951,112.61850648489985,28.514366130411887,9.935,252.0,19.949249591440093,0.010000000000019327,0.6147799982164414,1.2243076938163744,0.488250919476309,0.5513991867002318,0.007155170273731163,0.47646313576347843,0.6269922062505083,1.2345991757457755,0.488250919476309,0.007155170273731163,0.5063062670466243,1.2,0.0,Rendah,False
20260811_212352_867,session_20260811_212352_867 (1).zip,tt,dashboard_center,100 Hz,63,1260.0,1280.0,248.95000000000002,251.02,-7.952493599532385,112.61836489642599,34.69509667888496,9.935,208,19.912309727399816,0.010000000000019327,2.2111181142773666,5.243492883092286,1.9161941225253798,0.35154133778703894,0.16399340903110993,5.8613790313707135,OK,True,1260.0,1280.0,248.95000000000002,251.02,-7.952493599532385,112.61836489642599,34.69509667888496,9.935,208.0,19.912309727399816,0.010000000000019327,2.2111181142773666,5.243492883092286,1.9161941225253798,0.35154133778703894,0.16399340903110993,5.8613790313707135,2.2109496394601558,5.243322853172903,1.9161941225253798,0.16399340903110993,5.859999764371099,76.7,1.0,Tinggi,False
20260811_212352_867,session_20260811_212352_867 (1).zip,tt,dashboard_center,100 Hz,64,1280.0,1300.0,251.03,252.95000000000002,-7.952378173021981,112.61821963405407,37.369594615920505,9.935,193,19.915333326975087,0.010000000000019327,1.2226460464863327,2.1732101895215035,1.1710676179227004,0.4017005323814537,0.02562433376248863,0.61429743394114,OK,True,1280.0,1300.0,251.03,252.95000000000002,-7.952378173021981,112.61821963405407,37.369594615920505,9.935,193.0,19.915333326975087,0.010000000000019327,1.2226460464863327,2.1732101895215035,1.1710676179227004,0.4017005323814537,0.02562433376248863,0.61429743394114,1.2134497154327284,2.166238651297418,1.1710676179227004,0.02562433376248863,0.6001382833628759,14.0,0.0,Rendah,False
20260811_212352_867,session_20260811_212352_867 (1).zip,tt,dashboard_center,100 Hz,65,1300.0,1320.0,252.96,254.79,-7.9522609180199115,112.61808042521231,39.11829799727524,9.97441991336807,184,19.886264231869745,0.010000000000019327,1.1689448294250948,2.1995160837828234,0.8545884785929782,0.5531456221109338,0.01998877704433371,1.3107247150172403,OK,True,1300.0,1320.0,252.96,254.79,-7.9522609180199115,112.61808042521231,39.11829799727524,9.97441991336807,184.0,19.886264231869745,0.010000000000019327,1.1689448294250948,2.1995160837828234,0.8545884785929782,0.5531456221109338,0.01998877704433371,1.3107247150172403,1.1548246827774895,2.188169681897188,0.8545884785929782,0.01998877704433371,1.2624379835787467,11.6,0.0,Rendah,False
20260811_212352_867,session_20260811_212352_867 (1).zip,tt,dashboard_center,100 Hz,66,1320.0,1340.0,254.8,256.58,-7.952142832617053,112.61793774265968,40.15802396723169,9.935,179,19.83259003748958,0.010000000000047748,1.21190653784731,2.2828586808089097,0.9806621624485639,0.40337646191836696,0.029498486543736095,0.4392908701303593,OK,True,1320.0,1340.0,254.8,256.58,-7.952142832617053,112.61793774265968,40.15802396723169,9.935,179.0,19.83259003748958,0.010000000000047748,1.21190653784731,2.2828586808089097,0.9806621624485639,0.40337646191836696,0.029498486543736095,0.4392908701303593,1.1941106468907812,2.268532061247378,0.9806621624485639,0.029498486543736095,0.4196713890728249,12.8,0.0,Rendah,False
20260811_212352_867,session_20260811_212352_867 (1).zip,tt,dashboard_center,100 Hz,67,1340.0,1360.0,256.59000000000003,258.4,-7.952030039651876,112.61780230098795,39.62108167825469,9.935,182,19.917204965174506,0.010000000000047748,1.2947127277303452,2.4672192598309675,0.8876678452987768,0.301247088157755,0.023439631226200776,0.7898712499386961,OK,True,1340.0,1360.0,256.59000000000003,258.4,-7.952030039651876,112.61780230098795,39.62108167825469,9.935,182.0,19.917204965174506,0.010000000000047748,1.2947127277303452,2.4672192598309675,0.8876678452987768,0.301247088157755,0.023439631226200776,0.7898712499386961,1.2774303745388453,2.453149623410549,0.8876678452987768,0.023439631226200776,0.7577583868902725,16.3,0.0,Rendah,False
20260811_212352_867,session_20260811_212352_867 (1).zip,tt,dashboard_center,100 Hz,68,1360.0,1380.0,258.41,260.19,-7.951912357554459,112.61767197441034,40.05798480459117,9.935,179,19.819538538219604,0.010000000000047748,1.4430687669533455,2.8615240960480706,1.1846197451678475,0.40364209209881247,0.05959286442362248,1.6978145165804919,OK,True,1360.0,1380.0,258.41,260.19,-7.951912357554459,112.61767197441034,40.05798480459117,9.935,179.0,19.819538538219604,0.010000000000047748,1.4430687669533455,2.8615240960480706,1.1846197451678475,0.40364209209881247,0.05959286442362248,1.6978145165804919,1.422235429424779,2.843869730306568,1.1846197451678475,0.05959286442362248,1.6232453118356285,31.4,0.0,Rendah,False
20260811_212352_867,session_20260811_212352_867 (1).zip,tt,dashboard_center,100 Hz,69,1380.0,1400.0,260.2,261.97,-7.951795866902528,112.6175359513521,40.630331928876245,9.935,178,19.95628121301047,0.010000000000047748,1.9608320210094976,4.779774575818982,1.6656825978075689,0.400876291259336,0.24670635523761744,5.203862960067449,OK,True,1380.0,1400.0,260.2,261.97,-7.951795866902528,112.6175359513521,40.630331928876245,9.935,178.0,19.95628121301047,0.010000000000047748,1.9608320210094976,4.779774575818982,1.6656825978075689,0.400876291259336,0.24670635523761744,5.203862960067449,1.9297664301739526,4.747399783564096,1.6656825978075689,0.24670635523761744,4.953412588722787,74.4,1.0,Tinggi,False
20260811_212352_867,session_20260811_212352_867 (1).zip,tt,dashboard_center,100 Hz,70,1400.0,1420.0,261.98,263.74,-7.9516726808735445,112.61740008657678,40.64311139703426,9.935,177,19.85606560173983,0.010000000000047748,1.2976317899736958,2.299622060878849,0.8804933933978518,0.3525371108456977,0.03737172158267978,1.8209778469636138,OK,True,1400.0,1420.0,261.98,263.74,-7.9516726808735445,112.61740008657678,40.64311139703426,9.935,177.0,19.85606560173983,0.010000000000047748,1.2976317899736958,2.299622060878849,0.8804933933978518,0.3525371108456977,0.03737172158267978,1.8209778469636138,1.2770329036477452,2.2840152915374254,0.8804933933978518,0.03737172158267978,1.7331687866237075,15.1,0.0,Rendah,False
20260811_212352_867,session_20260811_212352_867 (1).zip,tt,dashboard_center,100 Hz,71,1420.0,1440.0,263.75,265.52,-7.951553449291802,112.61726509507184,40.4457759921939,9.935,178,19.903937202869656,0.010000000000047748,1.0329788354760594,1.8510971341882692,0.7199737836851426,0.4521718446088356,0.03326456673123198,0.6227164568571548,OK,True,1420.0,1440.0,263.75,265.52,-7.951553449291802,112.61726509507184,40.4457759921939,9.935,178.0,19.903937202869656,0.010000000000047748,1.0329788354760594,1.8510971341882692,0.7199737836851426,0.4521718446088356,0.03326456673123198,0.6227164568571548,1.017079211906656,1.8389176741685598,0.7199737836851426,0.03326456673123198,0.5935859563452183,7.0,0.0,Rendah,False
20260811_212352_867,session_20260811_212352_867 (1).zip,tt,dashboard_center,100 Hz,72,1440.0,1460.0,265.53000000000003,267.28000000000003,-7.951437083754529,112.61711555257025,40.93729897584718,10.361186701429752,176,19.91896310691004,0.010000000000047748,1.2231685561987449,2.195643045116666,0.8025600038002902,0.5020341644455841,0.0203676093474208,1.3626735205794316,gps>10m,False,,,,,,,,,,,,,,,,,,,,,,,,,,
20260811_212352_867,session_20260811_212352_867 (1).zip,tt,dashboard_center,100 Hz,73,1460.0,1480.0,267.29,269.0,-7.951326927672088,112.61697550063505,41.81355979719926,10.241656198703005,172,19.81081055537493,0.010000000000047748,1.1601141988136308,2.0836533552139636,0.7817171505517799,0.35334243293244805,0.06703278753771374,0.5337558272032651,gps>10m,False,,,,,,,,,,,,,,,,,,,,,,,,,,
20260811_212352_867,session_20260811_212352_867 (1).zip,tt,dashboard_center,100 Hz,74,1480.0,1500.0,269.01,270.72,-7.951211502160223,112.61683457424112,41.81051419646285,10.491209883240714,172,19.86917961249037,0.010000000000047748,1.6500327380561328,3.3114346936555945,1.145465687729906,0.3019752258028921,1.374035265288167,2.747468897339745,gps>10m,False,,,,,,,,,,,,,,,,,,,,,,,,,,
20260811_212352_867,session_20260811_212352_867 (1).zip,tt,dashboard_center,100 Hz,75,1500.0,1520.0,270.73,272.46,-7.951079449746207,112.61669397071887,41.419589963255795,10.647751704394665,174,19.93039027445957,0.010000000000047748,1.3043626305025926,2.511174039882187,0.8854673947054438,0.45157168906688877,0.274550398558599,2.1319923067840088,gps>10m,False,,,,,,,,,,,,,,,,,,,,,,,,,,
20260811_212352_867,session_20260811_212352_867 (1).zip,tt,dashboard_center,100 Hz,76,1520.0,1540.0,272.47,274.22,-7.950951781691499,112.61654833749314,40.99025391080331,10.207994058912522,176,19.88834126709503,0.010000000000047748,1.1811386521410383,2.1542034962637047,0.7993255388501386,0.4022457123277487,0.02264067652846713,1.187455805276431,gps>10m,False,,,,,,,,,,,,,,,,,,,,,,,,,,
20260811_212352_867,session_20260811_212352_867 (1).zip,tt,dashboard_center,100 Hz,77,1540.0,1560.0,274.23,276.02,-7.950830854958321,112.61641134988575,39.91090877700132,10.270368115659323,180,19.86332534099961,0.010000000000047748,1.7681481287995866,3.581411924833269,1.3629421419226266,0.3020642262559877,0.018924139050488335,1.434419095222236,gps>10m,False,,,,,,,,,,,,,,,,,,,,,,,,,,
20260811_212352_867,session_20260811_212352_867 (1).zip,tt,dashboard_center,100 Hz,78,1560.0,1580.0,276.03000000000003,277.87,-7.950702308422753,112.61627319908754,38.968914209434374,10.187353861047228,185,19.92598784488473,0.010000000000047748,1.9753501866628627,4.273988029601455,1.6328222504531495,0.3011143059359178,0.23555150518515466,2.9373882430443286,gps>10m,False,,,,,,,,,,,,,,,,,,,,,,,,,,
20260811_212352_867,session_20260811_212352_867 (1).zip,tt,dashboard_center,100 Hz,79,1580.0,1600.0,277.88,279.75,-7.950578419107288,112.61613765940551,38.30396709293359,9.935,188,19.871329166469877,0.010000000000047748,1.3647748427518078,2.6274075240962427,0.9397794394421829,0.5032376000732562,0.006358334433395325,1.4497267690234419,OK,True,1580.0,1600.0,277.88,279.75,-7.950578419107288,112.61613765940551,38.30396709293359,9.935,188.0,19.871329166469877,0.010000000000047748,1.3647748427518078,2.6274075240962427,0.9397794394421829,0.5032376000732562,0.006358334433395325,1.4497267690234419,1.351146921561724,2.6162100912429382,0.9397794394421829,0.006358334433395325,1.4054802728833902,19.8,0.0,Rendah,False
20260811_212352_867,session_20260811_212352_867 (1).zip,tt,dashboard_center,100 Hz,80,1600.0,1620.0,279.76,281.90000000000003,-7.950459179152265,112.61599643767185,33.599372987566454,10.376119963508602,215,19.916052291410324,0.010000000000047748,1.1536681637222563,2.2084226116316246,0.8488425403531139,0.5021075388676771,0.09701183432434737,1.2662365703657152,gps>10m,False,,,,,,,,,,,,,,,,,,,,,,,,,,
20260811_212352_867,session_20260811_212352_867 (1).zip,tt,dashboard_center,100 Hz,81,1620.0,1640.0,281.91,285.01,-7.950334532306732,112.6158731535136,23.335117631665188,10.190619126856753,311,19.95727340266967,0.010000000000047748,0.9768481020152474,1.9178675796530784,0.8120078849514876,0.45096340659421325,0.017784220025196886,0.6899311790719144,gps>10m,False,,,,,,,,,,,,,,,,,,,,,,,,,,
20260811_212352_867,session_20260811_212352_867 (1).zip,tt,dashboard_center,100 Hz,82,1640.0,1660.0,285.02,317.85,-7.950219380268397,112.61571611452332,12.005226496811412,10.092790557057045,523,19.97538383405049,27.620000000000005,0.869839831179443,1.939122222604565,0.9359028500161013,1.0012323250533763,0.21430662746988366,0.34071820110984075,discontinuous | gps>10m,False,,,,,,,,,,,,,,,,,,,,,,,,,,
20260811_212352_867,session_20260811_212352_867 (1).zip,tt,dashboard_center,100 Hz,83,1660.0,1680.0,317.86,323.23,-7.950088802987196,112.61557880332849,13.479257157481193,9.961935195575629,538,19.957750238789913,0.010000000000047748,0.6098021483268109,1.2203792740850514,0.5775199896391755,1.2526462001418357,0.008933880616345823,0.32467598395497155,OK,True,1660.0,1680.0,317.86,323.23,-7.950088802987196,112.61557880332849,13.479257157481193,9.961935195575629,538.0,19.957750238789913,0.010000000000047748,0.6098021483268109,1.2203792740850514,0.5775199896391755,1.2526462001418357,0.008933880616345823,0.32467598395497155,0.6706276295083587,1.270772224813932,0.5775199896391755,0.008933880616345823,0.4354975138599093,2.3,0.0,Rendah,False
20260811_212352_867,session_20260811_212352_867 (1).zip,tt,dashboard_center,100 Hz,84,1680.0,1700.0,323.24,328.26,-7.94998411081673,112.61546920240075,14.431728337243936,9.935,503,19.961054414560294,0.010000000000047748,0.8072584335589192,1.7785836640359358,0.7682591096620993,1.0520486324951783,0.06989762163048249,0.3863278603765329,OK,True,1680.0,1700.0,323.24,328.26,-7.94998411081673,112.61546920240075,14.431728337243936,9.935,503.0,19.961054414560294,0.010000000000047748,0.8072584335589192,1.7785836640359358,0.7682591096620993,1.0520486324951783,0.06989762163048249,0.3863278603765329,0.8816996739283286,1.8466182108147706,0.7682591096620993,0.06989762163048249,0.5073106171666423,5.8,0.0,Rendah,False
20260811_212352_867,session_20260811_212352_867 (1).zip,tt,dashboard_center,100 Hz,85,1700.0,1720.0,328.27,332.6,-7.949807711292491,112.61547084291605,16.386448051655083,10.242048328655954,434,19.961948448634985,0.010000000000047748,1.7664154971878978,3.685080155200494,1.7272993191485693,0.7514296532023012,0.03810412714656045,2.8291854205166325,gps>10m,False,,,,,,,,,,,,,,,,,,,,,,,,,,
20260811_212352_867,session_20260811_212352_867 (1).zip,tt,dashboard_center,100 Hz,86,1720.0,1740.0,332.61,335.16,-7.949635972302257,112.6156172612933,28.065965867303248,10.11782441213041,256,19.879354142070042,0.010000000000047748,1.7415624506687417,3.6745128538551644,1.5028706394348041,0.6036413413756125,0.37406891636122563,3.000765388061136,gps>10m,False,,,,,,,,,,,,,,,,,,,,,,,,,,
20260811_212352_867,session_20260811_212352_867 (1).zip,tt,dashboard_center,100 Hz,87,1740.0,1760.0,335.17,337.25,-7.94948542341971,112.61572157210774,34.642582628352336,9.959070969079619,209,19.93380161862001,0.010000000000047748,2.0774110846862923,3.9968966653951896,1.593940539683428,0.4514944099570636,0.14708451695829375,4.340868611024154,OK,True,1740.0,1760.0,335.17,337.25,-7.94948542341971,112.61572157210774,34.642582628352336,9.959070969079619,209.0,19.93380161862001,0.010000000000047748,2.0774110846862923,3.9968966653951896,1.593940539683428,0.4514944099570636,0.14708451695829375,4.340868611024154,2.0775695037786783,3.997026374539678,1.593940539683428,0.14708451695829375,4.3418910946140805,66.3,1.0,Tinggi,False
20260811_212352_867,session_20260811_212352_867 (1).zip,tt,dashboard_center,100 Hz,88,1760.0,1780.0,337.26,339.33,-7.9493349104879965,112.61582942849458,34.604681626757944,9.935,208,19.860038557889993,0.010000000000047748,1.8891219982540621,3.459501777030407,1.362596016694247,0.5035236951253149,0.14449495099149487,2.5626489218317183,OK,True,1760.0,1780.0,337.26,339.33,-7.9493349104879965,112.61582942849458,34.604681626757944,9.935,208.0,19.860038557889993,0.010000000000047748,1.8891219982540621,3.459501777030407,1.362596016694247,0.5035236951253149,0.14449495099149487,2.5626489218317183,1.889474216729428,3.459776259454822,1.362596016694247,0.14449495099149487,2.5641249200774436,53.5,2.0,Sedang,False
20260811_212352_867,session_20260811_212352_867 (1).zip,tt,dashboard_center,100 Hz,89,1780.0,1800.0,339.34000000000003,341.58,-7.949189766335597,112.61593440739425,32.04541935190892,9.961469117914456,225,19.97769184681465,0.010000000000047748,0.9109908909786497,1.8200961582111164,0.713902862161875,0.5005583265913901,0.04228799120209407,0.48883483497155156,OK,True,1780.0,1800.0,339.34000000000003,341.58,-7.949189766335597,112.61593440739425,32.04541935190892,9.961469117914456,225.0,19.97769184681465,0.010000000000047748,0.9109908909786497,1.8200961582111164,0.713902862161875,0.5005583265913901,0.04228799120209407,0.48883483497155156,0.9182341810213394,1.8262408415097318,0.713902862161875,0.04228799120209407,0.5009392969830975,4.7,0.0,Rendah,False
20260811_212352_867,session_20260811_212352_867 (1).zip,tt,dashboard_center,100 Hz,90,1800.0,1820.0,341.59000000000003,343.65000000000003,-7.949041292374116,112.61604308587196,34.69923390477482,9.935,207,19.821402890435365,0.010000000000047748,1.18474680558717,2.3343527588501938,0.9542546634661687,0.3531536107052133,0.029718456660132498,1.352797900711868,OK,True,1800.0,1820.0,341.59000000000003,343.65000000000003,-7.949041292374116,112.61604308587196,34.69923390477482,9.935,207.0,19.821402890435365,0.010000000000047748,1.18474680558717,2.3343527588501938,0.9542546634661687,0.3531536107052133,0.029718456660132498,1.352797900711868,1.1846423176821097,2.3342651415084763,0.9542546634661687,0.029718456660132498,1.3524294380872532,15.1,0.0,Rendah,False
20260811_212352_867,session_20260811_212352_867 (1).zip,tt,dashboard_center,100 Hz,91,1820.0,1840.0,343.66,345.64,-7.948895573180771,112.61615762818349,36.30493528297747,9.973903075836056,199,19.9694850743997,0.010000000000047748,3.002414534308871,6.270058908866308,2.331792484327278,0.40061123109557634,1.7869239694630477,6.64886772540112,OK,True,1820.0,1840.0,343.66,345.64,-7.948895573180771,112.61615762818349,36.30493528297747,9.973903075836056,199.0,19.9694850743997,0.010000000000047748,3.002414534308871,6.270058908866308,2.331792484327278,0.40061123109557634,1.7869239694630477,6.64886772540112,2.9885124869169006,6.257687179061675,2.331792484327278,1.7869239694630477,6.5542408893010515,87.2,1.0,Tinggi,False
20260811_212352_867,session_20260811_212352_867 (1).zip,tt,dashboard_center,100 Hz,92,1840.0,1860.0,345.65000000000003,347.65000000000003,-7.94874712468764,112.61625883511691,35.686757794409004,10.207707615631309,201,19.879510220685006,0.010000000000047748,1.9476312642730498,4.069869341421987,1.5244819064019304,0.40242440136557533,0.3269087454760792,3.578722229090794,gps>10m,False,,,,,,,,,,,,,,,,,,,,,,,,,,
20260811_212352_867,session_20260811_212352_867 (1).zip,tt,dashboard_center,100 Hz,93,1860.0,1880.0,347.66,349.65000000000003,-7.948603874678673,112.61636406414857,35.949370056826616,10.251292680066623,200,19.892012990970215,0.010000000000047748,1.2309596047573825,2.3756498911537625,0.9006501696124962,0.502714330849241,0.01393637970491781,1.2732066623355869,gps>10m,False,,,,,,,,,,,,,,,,,,,,,,,,,,
20260811_212352_867,session_20260811_212352_867 (1).zip,tt,dashboard_center,100 Hz,94,1880.0,1900.0,349.66,351.63,-7.9484623810669355,112.6164750896604,36.52881120380206,10.149843319416206,198,19.950922541529735,0.010000000000047748,1.0973173259556,2.158652287447822,0.8030101495631824,0.400983963691265,0.08239378322297661,0.9484526449301455,gps>10m,False,,,,,,,,,,,,,,,,,,,,,,,,,,
20260811_212352_867,session_20260811_212352_867 (1).zip,tt,dashboard_center,100 Hz,95,1900.0,1920.0,351.64,353.55,-7.948315402303009,112.61659143696484,37.425046006074645,10.090264005644116,192,19.82809101395037,0.010000000000047748,0.922675432235794,1.7646748757282122,0.6419410496590032,0.5043349858019281,0.05306369590351666,0.770825418142999,gps>10m,False,,,,,,,,,,,,,,,,,,,,,,,,,,
20260811_212352_867,session_20260811_212352_867 (1).zip,tt,dashboard_center,100 Hz,96,1920.0,1940.0,353.56,355.47,-7.948174080434049,112.61669606362983,37.48778342689251,10.579156467538144,192,19.911714861895007,0.010000000000047748,0.8071673258664994,1.5660148614497287,0.5940903548266204,0.5524386059309572,0.028187513728271517,0.6332913361782418,gps>10m,False,,,,,,,,,,,,,,,,,,,,,,,,,,
20260811_212352_867,session_20260811_212352_867 (1).zip,tt,dashboard_center,100 Hz,97,1940.0,1960.0,355.48,357.38,-7.94802964468766,112.61680194367004,37.57494398665196,10.595565074273448,191,19.868297961979806,0.010000000000047748,1.4235467610536234,2.7670873741084243,1.0158471583163853,0.5033143764572139,0.396778993290809,1.140033598922244,gps>10m,False,,,,,,,,,,,,,,,,,,,,,,,,,,
20260811_212352_867,session_20260811_212352_867 (1).zip,tt,dashboard_center,100 Hz,98,1960.0,1980.0,357.39,359.21,-7.94788144542034,112.61692281343205,39.52888485250844,10.707262911604307,183,19.878742652169876,0.010000000000047748,1.3761980613351232,2.5365149540233127,0.9725455475683786,0.40243993998920025,0.12485530646485304,1.0466949497886602,gps>10m,False,,,,,,,,,,,,,,,,,,,,,,,,,,
20260811_212352_867,session_20260811_212352_867 (1).zip,tt,dashboard_center,100 Hz,99,1980.0,2000.0,359.22,361.09000000000003,-7.947736151907467,112.61702575431605,38.44194213104388,10.736883619610722,188,19.983858700190012,0.010000000000047748,1.331316715815222,2.549969860060039,0.9551152963246502,0.4003230867482031,0.05857032061112311,1.0312434770333943,gps>10m,False,,,,,,,,,,,,,,,,,,,,,,,,,,
20260811_212352_867,session_20260811_212352_867 (1).zip,tt,dashboard_center,100 Hz,100,2000.0,2020.0,361.1,363.01,-7.947575986537497,112.61711418083505,37.543519315872885,11.57864893911393,192,19.83080120346972,0.010000000000047748,1.2169939116076909,2.314956664560854,0.8623920073980381,0.35298624237003784,0.05618312617035703,1.5922371404512128,gps>10m,False,,,,,,,,,,,,,,,,,,,,,,,,,,
20260811_212352_867,session_20260811_212352_867 (1).zip,tt,dashboard_center,100 Hz,101,2020.0,2040.0,363.02,365.2,-7.947453103396518,112.61719884365094,32.88133595771473,10.984227963668175,219,19.941459642690006,0.010000000000047748,1.1573587685343985,2.208780401240086,0.8430105121379193,0.4513210247023795,0.0655057270511144,1.4275571319961204,gps>10m,False,,,,,,,,,,,,,,,,,,,,,,,,,,
20260811_212352_867,session_20260811_212352_867 (1).zip,tt,dashboard_center,100 Hz,102,2040.0,2060.0,365.21,367.73,-7.947297595836986,112.6172962508666,28.064012709890786,11.159148197360581,253,19.92309490583034,0.010000000000047748,1.1495753063607284,2.191390622025892,0.8766305523911271,0.4517370439954196,0.023811016026754263,1.512814693267753,gps>10m,False,,,,,,,,,,,,,,,,,,,,,,,,,,
20260811_212352_867,session_20260811_212352_867 (1).zip,tt,dashboard_center,100 Hz,103,2060.0,2080.0,367.74,369.96,-7.947137365548067,112.61742658807051,32.27888665675243,11.512368361793426,223,19.89510200594441,0.010000000000047748,0.778962601744808,1.4481291290930562,0.5683900780879813,0.4021090214872836,0.050154888761707914,0.5224964605742607,gps>10m,False,,,,,,,,,,,,,,,,,,,,,,,,,,
20260811_212352_867,session_20260811_212352_867 (1).zip,tt,dashboard_center,100 Hz,104,2080.0,2100.0,369.97,371.99,-7.946975276607272,112.61756850018352,35.75410399901687,11.287445990219355,203,19.932747688599648,0.010000000000047748,1.4380668667493697,3.130832401053059,1.1156261967972956,0.3010121882710453,0.10112339864680114,2.1385349345394062,gps>10m,False,,,,,,,,,,,,,,,,,,,,,,,,,,
20260811_212352_867,session_20260811_212352_867 (1).zip,tt,dashboard_center,100 Hz,105,2100.0,2120.0,372.0,373.92,-7.946819683186807,112.61767954975933,37.30636672577535,11.557975235465873,193,19.824474686715348,0.010000000000047748,1.6492931579595136,3.2406472157726283,1.217968037221883,0.5044269852305916,0.024657800415536037,1.6828469834722903,gps>10m,False,,,,,,,,,,,,,,,,,,,,,,,,,,
20260811_212352_867,session_20260811_212352_867 (1).zip,tt,dashboard_center,100 Hz,106,2120.0,2140.0,373.93,375.85,-7.946662549863752,112.61779737003684,37.18670748052238,11.59041514393764,193,19.966895465855032,0.010000000000047748,1.512374617270461,2.704374745430144,1.1201632204125884,0.4507460869613261,0.042551686471501225,1.4926743856585474,gps>10m,False,,,,,,,,,,,,,,,,,,,,,,,,,,
20260811_212352_867,session_20260811_212352_867 (1).zip,tt,dashboard_center,100 Hz,107,2140.0,2160.0,375.86,377.77,-7.946520962330116,112.61789856290955,37.41548798658655,11.314390779505489,192,19.882909584394383,0.010000000000047748,1.0184380792682708,1.9336547058420936,0.7609586672800455,0.3520611493145918,0.05237398790659259,1.1526159172490558,gps>10m,False,,,,,,,,,,,,,,,,,,,,,,,,,,
20260811_212352_867,session_20260811_212352_867 (1).zip,tt,dashboard_center,100 Hz,108,2160.0,2180.0,377.78000000000003,379.65000000000003,-7.946361992689361,112.61801229918692,38.330047593951505,11.498101408330726,188,19.830574208489452,0.010000000000047748,1.2760937246103063,2.358513359607776,0.9578415584748018,0.40341746617580077,0.016139179985007333,1.1398048441371895,gps>10m,False,,,,,,,,,,,,,,,,,,,,,,,,,,
20260811_212352_867,session_20260811_212352_867 (1).zip,tt,dashboard_center,100 Hz,109,2180.0,2200.0,379.66,381.57,-7.946216996576011,112.61813408455546,37.69486129801993,11.339226656974095,192,19.96123184136468,0.010000000000047748,1.0843804049886832,1.9927645655268058,0.7433779761327622,0.4007768690618579,0.1474509384692794,0.8704198559607432,gps>10m,False,,,,,,,,,,,,,,,,,,,,,,,,,,
20260811_212352_867,session_20260811_212352_867 (1).zip,tt,dashboard_center,100 Hz,110,2200.0,2220.0,381.58,383.47,-7.946057793310118,112.61823853070392,37.88142431925576,12.159707083065966,190,19.88702062672064,0.010000000000047748,1.1540185078719722,2.121960724016824,0.8090144592316142,0.4525564773592783,0.23815517582451182,0.9055948314075078,gps>10m,False,,,,,,,,,,,,,,,,,,,,,,,,,,
20260811_212352_867,session_20260811_212352_867 (1).zip,tt,dashboard_center,100 Hz,111,2220.0,2240.0,383.48,385.44,-7.945906142023017,112.61834823025346,36.61250633521427,11.834921086439316,197,19.932610852470134,0.010000000000047748,1.1445824808702958,2.542658463403923,0.8822233430243036,0.5016904245015528,0.24867163368491435,0.5485892954824602,gps>10m,False,,,,,,,,,,,,,,,,,,,,,,,,,,
20260811_212352_867,session_20260811_212352_867 (1).zip,tt,dashboard_center,100 Hz,112,2240.0,2260.0,385.45,387.37,-7.945755539141004,112.61845650018482,37.14579374035533,11.386789362646107,193,19.852243195735355,0.010000000000047748,1.252044870897507,2.6430833659762527,0.9617702635297586,0.4029771306508352,0.42132600813113963,1.2414846049518655,gps>10m,False,,,,,,,,,,,,,,,,,,,,,,,,,,
20260811_212352_867,session_20260811_212352_867 (1).zip,tt,dashboard_center,100 Hz,113,2260.0,2280.0,387.38,389.14,-7.945602824759054,112.61857693249145,40.741803247267306,11.25781783478172,177,19.901474345915176,0.010000000000047748,0.9019557538318694,1.653320237443509,0.6426547476212428,0.4522278019993665,0.038382346328544564,0.7188582859914431,gps>10m,False,,,,,,,,,,,,,,,,,,,,,,,,,,
20260811_212352_867,session_20260811_212352_867 (1).zip,tt,dashboard_center,100 Hz,114,2280.0,2300.0,389.15000000000003,390.84000000000003,-7.945453809752933,112.6186938717511,42.177668594501206,10.888058641862486,170,19.871957898340497,0.010000000000047748,1.0404920330944272,2.224210649666952,0.8734695634406291,0.4025773424503923,0.07449167953262631,1.4559273487010966,gps>10m,False,,,,,,,,,,,,,,,,,,,,,,,,,,
20260811_212352_867,session_20260811_212352_867 (1).zip,tt,dashboard_center,100 Hz,115,2300.0,2320.0,390.85,392.45,-7.945302995622206,112.61881481348018,44.78016151554367,10.837,161,19.80932496488458,0.010000000000047748,1.2227667870894452,2.3387341014371374,0.8380395391149268,0.40385020762602303,0.15879112350793811,0.7886063281558066,gps>10m,False,,,,,,,,,,,,,,,,,,,,,,,,,,
20260811_212352_867,session_20260811_212352_867 (1).zip,tt,dashboard_center,100 Hz,116,2320.0,2340.0,392.46000000000004,394.03000000000003,-7.9451559800778515,112.61892491000216,45.704778175391844,10.760620891000501,158,19.87489223367993,0.010000000000047748,1.3121697120375024,2.6348132906514348,0.9176669998093028,0.2515736911280966,0.05392150639202926,2.1966780217658606,gps>10m,False,,,,,,,,,,,,,,,,,,,,,,,,,,
20260811_212352_867,session_20260811_212352_867 (1).zip,tt,dashboard_center,100 Hz,117,2340.0,2360.0,394.04,395.58,-7.945006829321081,112.61903985871784,46.317961191361896,10.705305180214017,155,19.870015230119407,0.010000000000047748,1.9436867637230733,3.934431339814427,1.4499957872246487,0.30196252647582617,2.423210978501154,2.2400921405016967,gps>10m,False,,,,,,,,,,,,,,,,,,,,,,,,,,
20260811_212352_867,session_20260811_212352_867 (1).zip,tt,dashboard_center,100 Hz,118,2360.0,2380.0,395.59000000000003,397.1,-7.944855873370139,112.61916560334419,47.79481569647455,10.835854991885283,152,19.96842969110503,0.010000000000047748,1.1763296389803555,2.2299089230964406,0.8327903718473411,0.3505533538833132,0.06293023496870682,0.6564553469654104,gps>10m,False,,,,,,,,,,,,,,,,,,,,,,,,,,
20260811_212352_867,session_20260811_212352_867 (1).zip,tt,dashboard_center,100 Hz,119,2380.0,2400.0,397.11,398.66,-7.94473083158581,112.61928915748237,45.93224383774412,10.783896401741668,156,19.839868181095426,0.010000000000047748,1.5965903167074718,3.3624324094626683,1.1130527061032618,0.35282492484854333,0.2594844108961069,1.9418928302231573,gps>10m,False,,,,,,,,,,,,,,,,,,,,,,,,,,
20260811_212352_867,session_20260811_212352_867 (1).zip,tt,dashboard_center,100 Hz,120,2400.0,2420.0,398.67,400.25,-7.944590760809818,112.6194099521695,45.33632558709008,10.743002443432813,159,19.887423439939994,0.010000000000047748,1.241977203244164,2.2995029965330795,0.8703768007662425,0.2514151727648379,0.3421856111765274,0.48226061591716424,gps>10m,False,,,,,,,,,,,,,,,,,,,,,,,,,,
20260811_212352_867,session_20260811_212352_867 (1).zip,tt,dashboard_center,100 Hz,121,2420.0,2440.0,400.26,402.0,-7.944466423798752,112.61950439005734,41.25578386980061,10.804362766789485,175,19.887172630195437,0.010000000000047748,1.3275555792239742,2.343820609463537,0.9039835930139546,0.4022693496336076,0.17284584230665784,1.8174774060459313,gps>10m,False,,,,,,,,,,,,,,,,,,,,,,,,,,
20260811_212352_867,session_20260811_212352_867 (1).zip,tt,dashboard_center,100 Hz,122,2440.0,2460.0,402.01,403.8,-7.944327865497147,112.61962067546042,39.80066682502246,11.219349880081445,180,19.900618332605063,0.010000000000047748,0.9636992338860981,1.975403432568589,0.6955381738048116,0.4019975593870289,0.3931484554423151,0.6615061535350831,gps>10m,False,,,,,,,,,,,,,,,,,,,,,,,,,,
20260811_212352_867,session_20260811_212352_867 (1).zip,tt,dashboard_center,100 Hz,123,2460.0,2480.0,403.81,405.47,-7.9441728904892335,112.6197605059873,43.18407925969261,11.17839787447035,167,19.869931938735135,0.010000000000047748,1.1046094459410642,2.266777931095431,0.7792337999116195,0.4529456883772756,0.248638239577294,0.8976831106854433,gps>10m,False,,,,,,,,,,,,,,,,,,,,,,,,,,
20260811_212352_867,session_20260811_212352_867 (1).zip,tt,dashboard_center,100 Hz,124,2480.0,2500.0,405.48,407.3,-7.9440285528497725,112.61989563795585,39.269323313436715,11.17694321373731,183,19.819409514379913,0.010000000000047748,1.051171832404674,2.1723540200663862,0.9256682292098741,0.4036447197983181,0.029253979572974095,0.31683069103399747,gps>10m,False,,,,,,,,,,,,,,,,,,,,,,,,,,
20260811_212352_867,session_20260811_212352_867 (1).zip,tt,dashboard_center,100 Hz,125,2500.0,2520.0,407.31,409.56,-7.943885879881372,112.62000065863036,31.80316748070513,11.39391660263349,226,19.944121841995184,0.010000000000047748,0.9561248538349516,1.6821277646393686,0.6849175493246413,0.5014008678458621,0.013536212263998485,0.8826216879736373,gps>10m,False,,,,,,,,,,,,,,,,,,,,,,,,,,
20260811_212352_867,session_20260811_212352_867 (1).zip,tt,dashboard_center,100 Hz,126,2520.0,2540.0,409.57,412.15000000000003,-7.943748479580937,112.62013847438415,28.101014635738576,11.304237950761923,259,19.942895065090852,0.010000000000047748,1.348456306705824,2.784083754297041,1.2341738484028784,0.501431711261649,0.12028789563266477,1.9248250665796627,gps>10m,False,,,,,,,,,,,,,,,,,,,,,,,,,,
20260811_212352_867,session_20260811_212352_867 (1).zip,tt,dashboard_center,100 Hz,127,2540.0,2560.0,412.16,415.09000000000003,-7.943617564496395,112.62025011281914,24.186426675480842,11.248320820841364,294,19.94604181475006,0.010000000000047748,0.995788746288878,1.9929222123642951,0.7932326191134902,0.6016231246003918,0.061394652351138335,0.7299272254835732,gps>10m,False,,,,,,,,,,,,,,,,,,,,,,,,,,
20260811_212352_867,session_20260811_212352_867 (1).zip,tt,dashboard_center,100 Hz,128,2560.0,2580.0,415.1,417.64,-7.943483805372135,112.62038383651796,28.360399924124724,10.84246715686054,255,19.93893275010487,0.010000000000047748,1.0520329236374435,2.145709282796991,0.8514417874319617,0.4012250856284133,0.028738339391949017,1.0702319421147397,gps>10m,False,,,,,,,,,,,,,,,,,,,,,,,,,,
20260811_212352_867,session_20260811_212352_867 (1).zip,tt,dashboard_center,100 Hz,129,2580.0,2600.0,417.65000000000003,419.97,-7.943352045297562,112.62051264392564,30.9714790660404,10.602099572908044,233,19.843267049585393,0.010000000000047748,1.124150688226339,2.2757868360122204,0.8931618192379792,0.4031594182555313,0.11966398854618039,0.6509793205580386,gps>10m,False,,,,,,,,,,,,,,,,,,,,,,,,,,
20260811_212352_867,session_20260811_212352_867 (1).zip,tt,dashboard_center,100 Hz,130,2600.0,2620.0,419.98,422.45,-7.943225824883619,112.62062727007927,28.873998763489592,10.363101892427357,248,19.913128561264784,0.010000000000047748,0.8629424243792585,1.8158443972857221,0.7584026393278137,0.5523993864729678,0.008230530786207058,0.38056776358217825,gps>10m,False,,,,,,,,,,,,,,,,,,,,,,,,,,
20260811_212352_867,session_20260811_212352_867 (1).zip,tt,dashboard_center,100 Hz,131,2620.0,2640.0,422.46000000000004,424.83,-7.943103254924737,112.6207583258634,30.26063571551297,10.56155201424351,238,19.956952604719845,0.010000000000047748,1.1465705563304645,2.2430611550808686,0.8556157603211744,0.4509706556035759,0.04332206159320993,1.1567408922124347,gps>10m,False,,,,,,,,,,,,,,,,,,,,,,,,,,
20260811_212352_867,session_20260811_212352_867 (1).zip,tt,dashboard_center,100 Hz,132,2640.0,2660.0,424.84000000000003,427.21000000000004,-7.942970138747595,112.62089639656726,30.213832702090215,10.774074035306452,238,19.89526071092041,0.010000000000047748,1.124343449191044,2.151213161828692,0.8539889771138613,0.4523690405856277,0.07255763769057902,1.2239803822649158,gps>10m,False,,,,,,,,,,,,,,,,,,,,,,,,,,
20260811_212352_867,session_20260811_212352_867 (1).zip,tt,dashboard_center,100 Hz,133,2660.0,2680.0,427.22,429.54,-7.942835639367534,112.62103445259959,30.971968336313783,10.454573876880959,233,19.896880820759634,0.010000000000047748,1.9630937969092266,3.8101554731467053,1.5539255290428844,0.3518139382277684,0.015226579938506658,6.168064670684585,gps>10m,False,,,,,,,,,,,,,,,,,,,,,,,,,,
20260811_212352_867,session_20260811_212352_867 (1).zip,tt,dashboard_center,100 Hz,134,2680.0,2700.0,429.55,432.13,-7.942719172684368,112.6211837639592,27.935466474573918,10.314680067929952,259,19.98874038529948,0.010000000000047748,1.7033261708323129,3.5188673911378325,1.4285144439618462,0.5002816489304349,0.09828451099259675,3.1129233054250127,gps>10m,False,,,,,,,,,,,,,,,,,,,,,,,,,,
20260811_212352_867,session_20260811_212352_867 (1).zip,tt,dashboard_center,100 Hz,135,2700.0,2720.0,432.14,434.93,-7.942583059582292,112.6213199428975,25.66445435267419,10.30404191897793,280,19.885040537925306,0.010000000000047748,1.140518765780906,2.276554281667263,1.0492263006560252,0.6034687219829029,0.021146687352954604,0.9913828604441814,gps>10m,False,,,,,,,,,,,,,,,,,,,,,,,,,,
20260811_212352_867,session_20260811_212352_867 (1).zip,tt,dashboard_center,100 Hz,136,2720.0,2740.0,434.94,437.93,-7.942453805785458,112.62146273910162,23.913154147696762,10.081282653154783,300,19.941341794890377,0.010000000000047748,1.0088857117692605,1.994942555846088,0.8993127525001307,0.5516178456365739,0.022985349456986704,0.8745766170421054,gps>10m,False,,,,,,,,,,,,,,,,,,,,,,,,,,
20260811_212352_867,session_20260811_212352_867 (1).zip,tt,dashboard_center,100 Hz,137,2740.0,2760.0,437.94,441.22,-7.94232694269898,112.6216006109857,21.866377830188373,10.144406902279048,329,19.95589234090039,0.010000000000047748,1.2484356218906496,2.4633317353406965,1.0865014497542584,0.7516576930642639,0.019871473803236478,1.0927229252426254,gps>10m,False,,,,,,,,,,,,,,,,,,,,,,,,,,
20260811_212352_867,session_20260811_212352_867 (1).zip,tt,dashboard_center,100 Hz,138,2760.0,2780.0,441.23,444.26,-7.94219814316281,112.62174971430886,23.776714582565067,10.144513368063322,304,19.96371787623957,0.010000000000047748,1.1042101401339224,2.208241295998795,0.9386602523404942,0.5509995717326774,0.03146366161431766,1.0125128858846597,gps>10m,False,,,,,,,,,,,,,,,,,,,,,,,,,,
20260811_212352_867,session_20260811_212352_867 (1).zip,tt,dashboard_center,100 Hz,139,2780.0,2800.0,444.27,447.18,-7.94210314328112,112.62188831661265,24.513442349674378,10.090791214692313,292,19.908400451419766,0.010000000000047748,0.9983004848890221,2.0558566136573595,0.9123250545555872,0.5525305775741283,0.015135743937786633,0.7142049966304642,gps>10m,False,,,,,,,,,,,,,,,,,,,,,,,,,,
20260811_212352_867,session_20260811_212352_867 (1).zip,tt,dashboard_center,100 Hz,140,2800.0,2820.0,447.19,449.57,-7.941988450850053,112.6220255324513,30.19169557945625,10.09558409668716,239,19.86609139061966,0.010000000000047748,1.3928594564011891,2.731871847982482,1.0936887532637793,0.5033702807146948,0.04612215324292611,2.2317672469309873,gps>10m,False,,,,,,,,,,,,,,,,,,,,,,,,,,
20260811_212352_867,session_20260811_212352_867 (1).zip,tt,dashboard_center,100 Hz,141,2820.0,2840.0,449.58,451.7,-7.941854845281763,112.62216188087798,33.95314475143765,10.045892692026948,213,19.952618982409604,0.010000000000047748,1.2064841021610906,2.3224153245711565,0.9068683496581401,0.45106860447415326,0.039381572412127974,0.8333333717394927,gps>10m,False,,,,,,,,,,,,,,,,,,,,,,,,,,
20260811_212352_867,session_20260811_212352_867 (1).zip,tt,dashboard_center,100 Hz,142,2840.0,2860.0,451.71000000000004,453.84000000000003,-7.941740863048254,112.62227948371375,33.3522063246867,10.020116580583776,214,19.84988537188019,0.010000000000047748,2.154011112891391,4.6956519999713775,1.6952011387669406,0.45340312205276556,0.12416398084109342,5.331171211104892,gps>10m,False,,,,,,,,,,,,,,,,,,,,,,,,,,
20260811_212352_867,session_20260811_212352_867 (1).zip,tt,dashboard_center,100 Hz,143,2860.0,2880.0,453.85,455.88,-7.941621831708606,112.62242233756291,35.44010233580258,9.996271528028174,204,19.9397935915149,0.010000000000047748,1.348445759185658,2.6691387625006895,1.0331665908591454,0.40120776392611646,0.07620800403693481,1.8108056967892472,OK,True,2860.0,2880.0,453.85,455.88,-7.941621831708606,112.62242233756291,35.44010233580258,9.996271528028174,204.0,19.9397935915149,0.010000000000047748,1.348445759185658,2.6691387625006895,1.0331665908591454,0.40120776392611646,0.07620800403693481,1.8108056967892472,1.3454629401189744,2.6666244871086198,1.0331665908591454,0.07620800403693481,1.7984626680041977,24.4,0.0,Rendah,False
20260811_212352_867,session_20260811_212352_867 (1).zip,tt,dashboard_center,100 Hz,144,2880.0,2900.0,455.89,457.97,-7.9415049927503585,112.62256212128936,34.63088268576878,9.954656976064136,209,19.922423883225747,0.010000000000047748,1.3527967954622186,2.6847536543483654,1.0474713584854691,0.3011681728673523,0.04248243026433103,2.32977145142438,OK,True,2880.0,2900.0,455.89,457.97,-7.9415049927503585,112.62256212128936,34.63088268576878,9.954656976064136,209.0,19.922423883225747,0.010000000000047748,1.3527967954622186,2.6847536543483654,1.0474713584854691,0.3011681728673523,0.04248243026433103,2.32977145142438,1.352945952707282,2.684879626511627,1.0474713584854691,0.04248243026433103,2.330564929910625,25.6,0.0,Rendah,False
20260811_212352_867,session_20260811_212352_867 (1).zip,tt,dashboard_center,100 Hz,145,2900.0,2920.0,457.98,460.28000000000003,-7.941399434765689,112.62270006539431,30.988165228508837,10.079993705205574,231,19.910861011979705,0.010000000000047748,0.853870229306799,1.6144919326583114,0.6632186349934944,0.5524622965014755,0.018718733381881084,0.7287343549479981,gps>10m,False,,,,,,,,,,,,,,,,,,,,,,,,,,
20260811_212352_867,session_20260811_212352_867 (1).zip,tt,dashboard_center,100 Hz,146,2920.0,2940.0,460.29,462.65000000000003,-7.941295878281359,112.6228280109957,30.47457510392327,10.234761515601646,237,19.943471212474833,0.010000000000047748,0.9902430271222009,1.8395519149457848,0.7315036822093778,0.5515589479287535,0.08892864594011728,0.8468972796002012,gps>10m,False,,,,,,,,,,,,,,,,,,,,,,,,,,
20260811_212352_867,session_20260811_212352_867 (1).zip,tt,dashboard_center,100 Hz,147,2940.0,2960.0,462.66,464.93,-7.941189976552662,112.62296671282621,31.776244977816088,10.282200101367089,228,19.900225904314993,0.010000000000047748,1.1500776591636992,2.220220877681712,0.9226738029272873,0.4020054866947691,0.02982239300749448,0.6443250333558874,gps>10m,False,,,,,,,,,,,,,,,,,,,,,,,,,,
20260811_212352_867,session_20260811_212352_867 (1).zip,tt,dashboard_center,100 Hz,148,2960.0,2980.0,464.94,467.19,-7.941092829515053,112.62310703766556,31.420231156266077,10.665525797780521,226,19.85289567109521,0.010000000000047748,1.3173206226179612,2.4521294364025334,1.2815100817113707,0.5037048582569988,0.016732376532319095,1.2700557817764935,gps>10m,False,,,,,,,,,,,,,,,,,,,,,,,,,,
20260811_212352_867,session_20260811_212352_867 (1).zip,tt,dashboard_center,100 Hz,149,2980.0,3000.0,467.2,469.19,-7.940954226550383,112.62325192199663,36.3085267449745,10.477975392392697,200,19.89605855856007,0.010000000000047748,2.0847290294262595,4.38797384349979,1.7554715512129115,0.30156726682021967,0.20557306946952503,2.179320676764881,gps>10m,False,,,,,,,,,,,,,,,,,,,,,,,,,,
20260811_212352_867,session_20260811_212352_867 (1).zip,tt,dashboard_center,100 Hz,150,3000.0,3020.0,469.2,471.24,-7.940844521244046,112.62337969468841,35.095576380266074,10.580643167425775,205,19.979975717474645,0.010000000000047748,1.4648392541421462,2.9730563736122297,1.046662400030806,0.5005011087803235,0.12022793799818507,1.4866174475556102,gps>10m,False,,,,,,,,,,,,,,,,,,,,,,,,,,
20260811_212352_867,session_20260811_212352_867 (1).zip,tt,dashboard_center,100 Hz,151,3020.0,3040.0,471.25,473.27,-7.940709693377258,112.62350808717994,35.629322669659366,10.511403732583299,203,19.854172168709738,0.010000000000047748,1.4352236609823532,2.960449850295101,1.1982067535328087,0.453305225900279,0.1514895012323155,2.523152333725206,gps>10m,False,,,,,,,,,,,,,,,,,,,,,,,,,,
20260811_212352_867,session_20260811_212352_867 (1).zip,tt,dashboard_center,100 Hz,152,3040.0,3060.0,473.28000000000003,475.74,-7.940605737165777,112.62364191511632,29.22401051952328,10.481698000934042,247,19.932711529309927,0.010000000000047748,1.1399775390292326,2.4633902007766344,0.9152846709784417,0.6521942577097066,0.05885769846307469,1.3262973283385635,gps>10m,False,,,,,,,,,,,,,,,,,,,,,,,,,,
20260811_212352_867,session_20260811_212352_867 (1).zip,tt,dashboard_center,100 Hz,153,3060.0,3080.0,475.75,479.43,-7.940480049871727,112.62380363825442,19.388671516016526,10.438638164108086,369,19.949048448669146,0.010000000000047748,1.0700220550096804,2.2604086893821136,0.9435380538071896,0.7519155632207957,0.04924828526276667,1.028297210053555,gps>10m,False,,,,,,,,,,,,,,,,,,,,,,,,,,
20260811_212352_867,session_20260811_212352_867 (1).zip,tt,dashboard_center,100 Hz,154,3080.0,3100.0,479.44,488.2,-7.940451809057444,112.62389132284933,10.699981963185131,10.488638286051948,589,19.952471541895193,2.849999999999966,0.5170961698660288,1.0596155657386044,0.5115756770633101,1.303096708866694,0.04005812082372363,0.166995355404509,discontinuous | gps>10m,False,,,,,,,,,,,,,,,,,,,,,,,,,,
20260811_212352_867,session_20260811_212352_867 (1).zip,tt,dashboard_center,100 Hz,155,3100.0,3120.0,488.21000000000004,490.52,-7.940572482937309,112.62373772670198,30.91575034371733,10.747283067213445,232,19.928867344819082,0.010000000000047748,0.6979229241473163,1.2775663550171619,0.5183012974549572,0.5017846637731624,0.03705218270119055,0.3836033859081117,gps>10m,False,,,,,,,,,,,,,,,,,,,,,,,,,,
20260811_212352_867,session_20260811_212352_867 (1).zip,tt,dashboard_center,100 Hz,156,3120.0,3140.0,490.53000000000003,492.36,-7.940699116845574,112.62359689976232,39.27001819264593,10.800977011083415,184,19.929896962199564,0.010000000000047748,1.0586586161316884,2.1468560011459674,0.7947894103844402,0.45158286653814766,0.04122595725165199,0.39257916663618303,gps>10m,False,,,,,,,,,,,,,,,,,,,,,,,,,,
20260811_212352_867,session_20260811_212352_867 (1).zip,tt,dashboard_center,100 Hz,157,3140.0,3160.0,492.37,494.16,-7.9408217936081105,112.62348526446593,39.81642591869605,10.689607391443385,180,19.8373117226497,0.010000000000047748,0.9286300964595744,1.8627836284498511,0.6597287142555947,0.35287039382496527,0.026298785577731996,0.41892053902380466,gps>10m,False,,,,,,,,,,,,,,,,,,,,,,,,,,
20260811_212352_867,session_20260811_212352_867 (1).zip,tt,dashboard_center,100 Hz,158,3160.0,3180.0,494.17,496.05,-7.940947617336832,112.6233454560981,38.56642987494913,10.752714048830548,189,19.87649475503531,0.010000000000047748,1.1436843552366955,2.3270282061829435,0.8438951153133241,0.4024854532247624,0.23161881282520264,1.3105608981822008,gps>10m,False,,,,,,,,,,,,,,,,,,,,,,,,,,
20260811_212352_867,session_20260811_212352_867 (1).zip,tt,dashboard_center,100 Hz,159,3180.0,3200.0,496.06,498.18,-7.941055732944227,112.6231990500547,33.43748032193134,10.806588783318967,213,19.91507603827995,0.010000000000047748,0.949267918282374,1.7204172429632236,0.678960780309007,0.6025585831022733,0.03112673400596542,0.8312276439435721,gps>10m,False,,,,,,,,,,,,,,,,,,,,,,,,,,
20260811_212352_867,session_20260811_212352_867 (1).zip,tt,dashboard_center,100 Hz,160,3200.0,3220.0,498.19,500.45,-7.941178276455037,112.6230550563081,31.79692230219105,11.461010816589676,227,19.955350794534752,0.010000000000047748,1.4994574318458629,3.123246887737964,1.2453040012904664,0.4008949821213361,0.006120675277608987,1.288732841653241,gps>10m,False,,,,,,,,,,,,,,,,,,,,,,,,,,
20260811_212352_867,session_20260811_212352_867 (1).zip,tt,dashboard_center,100 Hz,161,3220.0,3240.0,500.46000000000004,503.32,-7.941314153247253,112.62293726234522,25.02574864963945,11.639193153249776,287,19.89843504598457,0.010000000000047748,1.3439857526562535,2.5443146650338746,1.12405306822863,0.552807292361404,0.029981747746077984,1.2883578512948033,gps>10m,False,,,,,,,,,,,,,,,,,,,,,,,,,,
20260811_212352_867,session_20260811_212352_867 (1).zip,tt,dashboard_center,100 Hz,162,3240.0,3260.0,503.33,508.08,-7.9414619347268935,112.62282961403591,14.958584982094608,11.353528437193013,476,19.925984286449875,0.010000000000047748,1.4169373106886929,2.9709076615640244,1.5358686523639107,0.9033430791291154,0.2659065879668072,1.6535607872659805,gps>10m,False,,,,,,,,,,,,,,,,,,,,,,,,,,
20260811_212352_867,session_20260811_212352_867 (1).zip,tt,dashboard_center,100 Hz,163,3260.0,3280.0,508.09000000000003,512.16,-7.941647114086992,112.62290464065647,17.85855064163666,10.411563604211267,408,19.984863714499625,0.010000000000104592,2.7320381659904607,5.321722303120632,2.760062560880528,0.8506437793551719,0.06719663889316452,5.819025568076383,gps>10m,False,,,,,,,,,,,,,,,,,,,,,,,,,,
20260811_212352_867,session_20260811_212352_867 (1).zip,tt,dashboard_center,100 Hz,164,3280.0,3300.0,512.17,516.22,-7.941793318826474,112.62303504770313,17.674591749711098,10.14481593663519,406,19.926257987235658,0.010000000000104592,2.946126182085658,5.719079510128162,3.01458926816941,0.8531456338109163,0.16481519622863783,6.904438617918145,gps>10m,False,,,,,,,,,,,,,,,,,,,,,,,,,,
20260811_212352_867,session_20260811_212352_867 (1).zip,tt,dashboard_center,100 Hz,165,3300.0,3320.0,516.23,519.69,-7.941928039495693,112.62315984486615,20.65889132140533,10.181939615922168,347,19.947009728310604,0.010000000000104592,1.878227662915783,3.7154821672236618,1.6515698808646768,0.7519924141166202,0.08521067841021378,3.0563081650502193,gps>10m,False,,,,,,,,,,,,,,,,,,,,,,,,,,
20260811_212352_867,session_20260811_212352_867 (1).zip,tt,dashboard_center,100 Hz,166,3320.0,3340.0,519.7,523.09,-7.942047645867369,112.62328608298068,21.319242705752384,10.889435514890943,340,19.934156290195006,0.010000000000104592,2.179867184262935,4.1535810590072675,1.8198449460591806,0.8528076008093592,0.11913351472779593,4.726373715386062,gps>10m,False,,,,,,,,,,,,,,,,,,,,,,,,,,
20260811_212352_867,session_20260811_212352_867 (1).zip,tt,dashboard_center,100 Hz,167,3340.0,3360.0,523.1,526.55,-7.942210051083676,112.62343583988535,20.76872983400219,11.167015628286702,346,19.958181442459136,0.010000000000104592,2.013905405495052,3.7728505997402397,1.6526132134085438,0.6513619508611007,0.20106125814820497,3.5765850993731365,gps>10m,False,,,,,,,,,,,,,,,,,,,,,,,,,,
20260811_212352_867,session_20260811_212352_867 (1).zip,tt,dashboard_center,100 Hz,168,3360.0,3380.0,526.5600000000001,531.09,-7.942352746831968,112.62346592390062,15.99088017121385,11.983198460580116,454,19.9720491292951,0.010000000000104592,1.695566831648792,3.1916722698676683,1.5862075661852253,0.9513295244267502,0.18117010748455975,2.3420396113402804,gps>10m,False,,,,,,,,,,,,,,,,,,,,,,,,,,
20260811_212352_867,session_20260811_212352_867 (1).zip,tt,dashboard_center,100 Hz,169,3380.0,3400.0,531.1,534.48,-7.9425191143785785,112.62333719755695,21.123891486303254,11.591695908455325,339,19.934787596814658,0.010000000000104592,2.0875100805904023,4.061050585735813,2.2254680365449673,0.6521263362784585,0.20603404977099937,4.331419382912129,gps>10m,False,,,,,,,,,,,,,,,,,,,,,,,,,,
20260811_212352_867,session_20260811_212352_867 (1).zip,tt,dashboard_center,100 Hz,170,3400.0,3420.0,534.49,539.49,-7.942664011393766,112.62322766681507,14.356145610950641,10.225494765291206,501,19.937563901610247,0.010000000000104592,1.8601784922998883,3.2825063411862243,1.9473633020610797,0.952975002049547,0.7480278577280689,2.4771115399699264,gps>10m,False,,,,,,,,,,,,,,,,,,,,,,,,,,
20260811_212352_867,session_20260811_212352_867 (1).zip,tt,dashboard_center,100 Hz,171,3420.0,3440.0,539.5,544.44,-7.942805364196498,112.62330209035275,13.827795334804904,10.18374785744952,495,18.978182250174996,0.010000000000104592,1.419970737889441,2.8583123306179,1.3111493348884593,1.0011496227371726,0.14240799467070958,1.8804312234309029,gps>10m,False,,,,,,,,,,,,,,,,,,,,,,,,,,
20260811_212352_867,session_20260811_212352_867 (1).zip,tt,dashboard_center,100 Hz,172,3440.0,3460.0,550.3100000000001,610.7,-7.942908703678525,112.62336810823268,12.378295930006429,9.935,416,15.968925162300366,56.25,2.963302474688181,5.613288192220215,3.633642469439717,1.1898108236398672,0.1465471979274579,4.811273147737321,coverage<18m | discontinuous,False,,,,,,,,,,,,,,,,,,,,,,,,,,
20260811_212352_867,session_20260811_212352_867 (1).zip,tt,dashboard_center,100 Hz,173,3460.0,3480.0,610.71,616.5,-7.943009617059317,112.62348320840198,12.351008392147316,10.164728527943783,580,19.93481469414428,0.010000000000104592,2.701462147970135,5.3836220950747675,2.787600795331795,1.304250899690446,0.18638589733558958,6.579273858287678,gps>10m,False,,,,,,,,,,,,,,,,,,,,,,,,,,
20260811_212352_867,session_20260811_212352_867 (1).zip,tt,dashboard_center,100 Hz,174,3480.0,3500.0,616.51,619.9300000000001,-7.942832469758849,112.62373128150723,21.251820528182453,9.935,343,19.94622496894499,0.010000000000104592,2.527408491578412,4.837150197274108,2.1401770551644144,0.7018872002996615,0.043197134177462605,5.1507380221420815,OK,True,3480.0,3500.0,616.51,619.9300000000001,-7.942832469758849,112.62373128150723,21.251820528182453,9.935,343.0,19.94622496894499,0.010000000000104592,2.527408491578412,4.837150197274108,2.1401770551644144,0.7018872002996615,0.043197134177462605,5.1507380221420815,2.6550158765213365,4.939616744034479,2.1401770551644144,0.043197134177462605,5.997076155401958,80.2,1.0,Tinggi,False
20260811_212352_867,session_20260811_212352_867 (1).zip,tt,dashboard_center,100 Hz,175,3500.0,3520.0,619.94,624.02,-7.942701591749528,112.62377769316134,17.350942278587393,9.935,409,19.943090756200036,0.010000000000104592,3.085482117943641,6.19443770248092,2.8389975136299817,0.8022828655596334,0.04465332789421065,7.034708558207312,OK,True,3500.0,3520.0,619.94,624.02,-7.942701591749528,112.62377769316134,17.350942278587393,9.935,409.0,19.943090756200036,0.010000000000104592,3.085482117943641,6.19443770248092,2.8389975136299817,0.8022828655596334,0.04465332789421065,7.034708558207312,3.3081024010777162,6.38084110914816,2.8389975136299817,0.04465332789421065,8.723568316197701,91.9,1.0,Tinggi,True
20260811_212352_867,session_20260811_212352_867 (1).zip,tt,dashboard_center,100 Hz,176,3520.0,3540.0,624.03,626.5500000000001,-7.9425712005475875,112.62365525258906,28.619323283654772,9.935,253,19.929695752050975,0.010000000000104592,4.292038908628554,8.230884865637755,3.223434482168306,0.5017638063526833,0.0944155069364904,14.890264741358154,OK,True,3520.0,3540.0,624.03,626.5500000000001,-7.9425712005475875,112.62365525258906,28.619323283654772,9.935,253.0,19.929695752050975,0.010000000000104592,4.292038908628554,8.230884865637755,3.223434482168306,0.5017638063526833,0.0944155069364904,14.890264741358154,4.375679137423039,8.29876728305914,3.223434482168306,0.0944155069364904,15.804850988016872,97.7,1.0,Tinggi,True
20260811_212352_867,session_20260811_212352_867 (1).zip,tt,dashboard_center,100 Hz,177,3540.0,3560.0,626.5600000000001,628.82,-7.942440111354681,112.62353527407443,31.632708154114148,9.935,227,19.88962822450003,0.010000000000104592,3.716056737398085,7.251569218492263,2.784149202668722,0.5027746062986742,0.0963060707373349,12.562593926219465,OK,True,3540.0,3560.0,626.5600000000001,628.82,-7.942440111354681,112.62353527407443,31.632708154114148,9.935,227.0,19.88962822450003,0.010000000000104592,3.716056737398085,7.251569218492263,2.784149202668722,0.5027746062986742,0.0963060707373349,12.562593926219465,3.7504929535711695,7.2800915714068,2.784149202668722,0.0963060707373349,12.925646119308546,95.3,1.0,Tinggi,True
20260811_212352_867,session_20260811_212352_867 (1).zip,tt,dashboard_center,100 Hz,178,3560.0,3580.0,628.83,630.92,-7.942300941210659,112.62341484642852,34.30761815831188,9.935,210,19.909357413274392,0.010000000000104592,5.119366622243794,9.747330507588364,3.7601178641818227,0.45204874337126155,0.32875490106407895,33.536822036914465,OK,True,3560.0,3580.0,628.83,630.92,-7.942300941210659,112.62341484642852,34.30761815831188,9.935,210.0,19.909357413274392,0.010000000000104592,5.119366622243794,9.747330507588364,3.7601178641818227,0.45204874337126155,0.32875490106407895,33.536822036914465,5.124766073354255,9.751704315198008,3.7601178641818227,0.32875490106407895,33.64619087429601,100.0,1.0,Tinggi,True
20260811_212352_867,session_20260811_212352_867 (1).zip,tt,dashboard_center,100 Hz,179,3580.0,3600.0,630.9300000000001,632.98,-7.94216763658682,112.62329586673823,34.9364936393551,9.935,206,19.929921835849655,0.010000000000104592,4.091576104996397,8.070370996861465,2.9652305254977724,0.5017581143751475,0.5704531698524096,13.988260358199188,OK,True,3580.0,3600.0,630.9300000000001,632.98,-7.94216763658682,112.62329586673823,34.9364936393551,9.935,206.0,19.929921835849655,0.010000000000104592,4.091576104996397,8.070370996861465,2.9652305254977724,0.5017581143751475,0.5704531698524096,13.988260358199188,4.088410303439472,8.067712995459134,2.9652305254977724,0.5704531698524096,13.954858867510906,96.5,1.0,Tinggi,True
20260811_212352_867,session_20260811_212352_867 (1).zip,tt,dashboard_center,100 Hz,180,3600.0,3620.0,632.99,635.24,-7.942025916787658,112.62317038926751,31.975257947065533,9.935,226,19.941690045385258,0.010000000000104592,4.757460936247507,9.012367105293796,3.7239510839025383,0.4513158102205438,3.0978393325418105,18.465689832020868,OK,True,3600.0,3620.0,632.99,635.24,-7.942025916787658,112.62317038926751,31.975257947065533,9.935,226.0,19.941690045385258,0.010000000000104592,4.757460936247507,9.012367105293796,3.7239510839025383,0.4513158102205438,3.0978393325418105,18.465689832020868,4.796345474063277,9.043642035149201,3.7239510839025383,3.0978393325418105,18.935832152865274,98.8,1.0,Tinggi,True
20260811_212352_867,session_20260811_212352_867 (1).zip,tt,dashboard_center,100 Hz,181,3620.0,3640.0,635.25,637.6800000000001,-7.94188564134789,112.62305488251451,29.669627126343727,3.79,244,19.875745343725157,0.010000000000104592,3.1019440639720894,5.916707892262787,2.443303082371364,0.6540635219048098,0.24698304297110713,6.449657560673195,OK,True,3620.0,3640.0,635.25,637.6800000000001,-7.94188564134789,112.62305488251451,29.669627126343727,3.79,244.0,19.875745343725157,0.010000000000104592,3.1019440639720894,5.916707892262787,2.443303082371364,0.6540635219048098,0.24698304297110713,6.449657560673195,3.1509418685859285,5.956302528180519,2.443303082371364,0.24698304297110713,6.769536192257474,87.2,1.0,Tinggi,False
20260811_212352_867,session_20260811_212352_867 (1).zip,tt,dashboard_center,100 Hz,182,3640.0,3660.0,637.69,640.8000000000001,-7.941755571624228,112.62293333304584,22.912093328439333,3.79,312,19.97529334592491,0.010000000000104592,3.187512535353266,6.717947191666584,2.8569685334012913,0.5506802733509829,0.1448110925354155,10.369453995265019,OK,True,3640.0,3660.0,637.69,640.8000000000001,-7.941755571624228,112.62293333304584,22.912093328439333,3.79,312.0,19.97529334592491,0.010000000000104592,3.187512535353266,6.717947191666584,2.8569685334012913,0.5506802733509829,0.1448110925354155,10.369453995265019,3.3231933256341026,6.8381874122147766,2.8569685334012913,0.1448110925354155,11.794262387483295,94.2,1.0,Tinggi,True
20260811_212352_867,session_20260811_212352_867 (1).zip,tt,dashboard_center,100 Hz,183,3660.0,3680.0,640.8100000000001,645.46,-7.9416503759216575,112.62278505657287,15.475401393347832,4.751710671977975,466,19.929261703734483,0.010000000000104592,2.7909008808013933,5.614116554074813,3.215899088762518,1.0035494689827,0.1396819004485699,4.671190480885779,OK,True,3660.0,3680.0,640.8100000000001,645.46,-7.9416503759216575,112.62278505657287,15.475401393347832,4.751710671977975,466.0,19.929261703734483,0.010000000000104592,2.7909008808013933,5.614116554074813,3.215899088762518,1.0035494689827,0.1396819004485699,4.671190480885779,3.0269172362218235,5.811462178176728,3.215899088762518,0.1396819004485699,6.002321653787598,86.0,1.0,Tinggi,False
20260811_212352_867,session_20260811_212352_867 (1).zip,tt,dashboard_center,100 Hz,184,3680.0,3700.0,645.47,651.27,-7.941662612481394,112.62264609679877,12.455083873837387,6.560329766150727,581,19.978869442715222,0.010000000000104592,1.7648380255595588,3.3397283375467994,2.5544714116300526,1.0511105275607628,0.2629232940472753,2.6335237359546704,OK,True,3680.0,3700.0,645.47,651.27,-7.941662612481394,112.62264609679877,12.455083873837387,6.560329766150727,581.0,19.978869442715222,0.010000000000104592,1.7648380255595588,3.3397283375467994,2.5544714116300526,1.0511105275607628,0.2629232940472753,2.6335237359546704,1.9563720758911298,3.489426072595172,2.5544714116300526,0.2629232940472753,3.620270970720952,62.8,1.0,Tinggi,False
20260811_212352_867,session_20260811_212352_867 (1).zip,tt,dashboard_center,100 Hz,185,3700.0,3720.0,651.28,654.1,-7.941837784667377,112.62245213480982,25.024510058101747,10.244748709390368,283,19.943132957509988,0.010000000000104592,1.87198603810416,3.407690978155763,1.463865658568718,0.6017108758973178,0.06321301618529387,3.1531452192831324,gps>10m,False,,,,,,,,,,,,,,,,,,,,,,,,,,
20260811_212352_867,session_20260811_212352_867 (1).zip,tt,dashboard_center,100 Hz,186,3720.0,3740.0,654.11,656.17,-7.942008455188104,112.62226095455587,34.96811511965094,9.81325788110659,207,19.8642066772195,0.010000000000104592,2.3998458565256824,5.007021546526994,1.7906465046071276,0.45307623638054995,0.12760971852112402,3.7720562829359516,OK,True,3720.0,3740.0,654.11,656.17,-7.942008455188104,112.62226095455587,34.96811511965094,9.81325788110659,207.0,19.8642066772195,0.010000000000104592,2.3998458565256824,5.007021546526994,1.7906465046071276,0.45307623638054995,0.12760971852112402,3.7720562829359516,2.3977706691685223,5.005178512165126,1.7906465046071276,0.12760971852112402,3.7619911400635804,73.3,1.0,Tinggi,False
20260811_212352_867,session_20260811_212352_867 (1).zip,tt,dashboard_center,100 Hz,187,3740.0,3760.0,656.1800000000001,658.0500000000001,-7.942148705961156,112.62207336516332,38.64921179396346,8.294234491199791,188,19.874566547679933,0.010000000000104592,2.3697596730437502,4.314126892345026,1.5979822867359856,0.35220893915883406,0.5875495913932576,4.945858835672247,OK,True,3740.0,3760.0,656.1800000000001,658.0500000000001,-7.942148705961156,112.62207336516332,38.64921179396346,8.294234491199791,188.0,19.874566547679933,0.010000000000104592,2.3697596730437502,4.314126892345026,1.5979822867359856,0.35220893915883406,0.5875495913932576,4.945858835672247,2.343978723342631,4.2940903715574015,1.5979822867359856,0.5875495913932576,4.781552695875671,73.3,1.0,Tinggi,False
20260811_212352_867,session_20260811_212352_867 (1).zip,tt,dashboard_center,100 Hz,188,3760.0,3780.0,658.0600000000001,660.03,-7.942261221350569,112.62194904163204,36.21318279504423,6.225971294358358,198,19.908665905059024,0.010000000000104592,2.5292393639136654,6.1704834450824055,2.1182147678161907,0.35160567932486214,0.17172515036364727,7.819518023909021,OK,True,3760.0,3780.0,658.0600000000001,660.03,-7.942261221350569,112.62194904163204,36.21318279504423,6.225971294358358,198.0,19.908665905059024,0.010000000000104592,2.5292393639136654,6.1704834450824055,2.1182147678161907,0.35160567932486214,0.17172515036364727,7.819518023909021,2.5181695067652705,6.158975699912568,2.1182147678161907,0.17172515036364727,7.71429622170602,80.2,1.0,Tinggi,False
20260811_212352_867,session_20260811_212352_867 (1).zip,tt,dashboard_center,100 Hz,189,3780.0,3800.0,660.04,662.1800000000001,-7.942391836756485,112.62180428536233,34.113988056542276,7.101290492635417,215,19.964683142886315,0.010000000000104592,1.3847556541414878,2.5888038966708895,1.0128688406965294,0.4507960349577008,0.07393606978616858,1.6517104030119223,OK,True,3780.0,3800.0,660.04,662.1800000000001,-7.942391836756485,112.62180428536233,34.113988056542276,7.101290492635417,215.0,19.964683142886315,0.010000000000104592,1.3847556541414878,2.5888038966708895,1.0128688406965294,0.4507960349577008,0.07393606978616858,1.6517104030119223,1.3870060546637448,2.5905934941164652,1.0128688406965294,0.07393606978616858,1.6600149792345578,25.6,0.0,Rendah,False
20260811_212352_867,session_20260811_212352_867 (1).zip,tt,dashboard_center,100 Hz,190,3800.0,3820.0,662.19,664.96,-7.94249789598442,112.6216464502206,25.53809560033254,7.169558351568654,278,19.91636329507992,0.010000000000104592,1.519066487586848,3.3553691866693276,1.3069550430036285,0.5020996982150036,0.008655458538601267,2.035850299395782,OK,True,3800.0,3820.0,662.19,664.96,-7.94249789598442,112.6216464502206,25.53809560033254,7.169558351568654,278.0,19.91636329507992,0.010000000000104592,1.519066487586848,3.3553691866693276,1.3069550430036285,0.5020996982150036,0.008655458538601267,2.035850299395782,1.5665261851037875,3.39958820977448,1.3069550430036285,0.008655458538601267,2.2387834476845168,39.5,2.0,Sedang,False
20260811_212352_867,session_20260811_212352_867 (1).zip,tt,dashboard_center,100 Hz,191,3820.0,3840.0,664.97,667.24,-7.942604542132521,112.6214915005693,31.188063990186517,8.863864635043267,228,19.837894969224635,0.010000000000104592,1.4841796316523037,2.8739901771847367,1.0854928874937375,0.4032685933870876,0.010494989769714781,2.1659478076708085,OK,True,3820.0,3840.0,664.97,667.24,-7.942604542132521,112.6214915005693,31.188063990186517,8.863864635043267,228.0,19.837894969224635,0.010000000000104592,1.4841796316523037,2.8739901771847367,1.0854928874937375,0.4032685933870876,0.010494989769714781,2.1659478076708085,1.5000690615625254,2.887044346824967,1.0854928874937375,0.010494989769714781,2.238370896195522,31.4,0.0,Rendah,False
20260811_212352_867,session_20260811_212352_867 (1).zip,tt,dashboard_center,100 Hz,192,3840.0,3860.0,667.25,669.36,-7.942722440603907,112.6213565488442,34.21586123872923,8.408452036612989,212,19.938745448145255,0.010000000000104592,2.7923614691265723,5.047438159427646,2.064683861107685,0.4513824615197743,0.22724481043442296,6.490569757949673,OK,True,3840.0,3860.0,667.25,669.36,-7.942722440603907,112.6213565488442,34.21586123872923,8.408452036612989,212.0,19.938745448145255,0.010000000000104592,2.7923614691265723,5.047438159427646,2.064683861107685,0.4513824615197743,0.22724481043442296,6.490569757949673,2.796060158690444,5.05028232073533,2.064683861107685,0.22724481043442296,6.517159842648083,80.2,1.0,Tinggi,False
20260811_212352_867,session_20260811_212352_867 (1).zip,tt,dashboard_center,100 Hz,193,3860.0,3880.0,669.37,671.3100000000001,-7.942842951901762,112.62120956157375,36.86368619629547,8.631327554054156,195,19.910493473560564,0.010000000000104592,1.8342953829747595,3.8269797753759622,1.3982278698638653,0.4520229502071976,0.08331533810816291,2.3112222413906545,OK,True,3860.0,3880.0,669.37,671.3100000000001,-7.942842951901762,112.62120956157375,36.86368619629547,8.631327554054156,195.0,19.910493473560564,0.010000000000104592,1.8342953829747595,3.8269797753759622,1.3982278698638653,0.4520229502071976,0.08331533810816291,2.3112222413906545,1.8229976031270414,3.8169307904861958,1.3982278698638653,0.08331533810816291,2.267537530945547,54.7,2.0,Sedang,False
20260811_212352_867,session_20260811_212352_867 (1).zip,tt,dashboard_center,100 Hz,194,3880.0,3900.0,671.32,673.1,-7.942966349712443,112.62107331445056,40.16081594016377,9.88807799578118,179,19.835722284759868,0.010000000000104592,2.3269151417205545,4.570181263755351,1.7924805235270174,0.4537268606001233,0.12394378392255119,1.5515411688382894,OK,True,3880.0,3900.0,671.32,673.1,-7.942966349712443,112.62107331445056,40.16081594016377,9.88807799578118,179.0,19.835722284759868,0.010000000000104592,2.3269151417205545,4.570181263755351,1.7924805235270174,0.4537268606001233,0.12394378392255119,1.5515411688382894,2.292730186839739,4.541486486757798,1.7924805235270174,0.12394378392255119,1.4822146554951547,70.9,2.0,Sedang,False
20260811_212352_867,session_20260811_212352_867 (1).zip,tt,dashboard_center,100 Hz,195,3900.0,3920.0,673.11,674.87,-7.943099661036652,112.6209007973673,41.12995361105991,9.223761256523842,177,19.97287417719508,0.010000000000104592,2.66759881523468,4.856146343378645,1.7726027544972662,0.20027162663284478,0.011320607516125116,9.046782173224802,OK,True,3900.0,3920.0,673.11,674.87,-7.943099661036652,112.6209007973673,41.12995361105991,9.223761256523842,177.0,19.97287417719508,0.010000000000104592,2.66759881523468,4.856146343378645,1.7726027544972662,0.20027162663284478,0.011320607516125116,9.046782173224802,2.622108493333764,4.820730022971791,1.7726027544972662,0.011320607516125116,8.57872634697188,75.6,1.0,Tinggi,False
20260811_212352_867,session_20260811_212352_867 (1).zip,tt,dashboard_center,100 Hz,196,3920.0,3940.0,674.88,676.65,-7.9432204157006066,112.62075949184317,39.99445355428644,9.17042433425747,178,19.862583514514426,0.010000000000104592,1.730348163529291,3.43206117830257,1.282447419108493,0.5034591795519742,0.11564192283436664,2.7065068702827912,OK,True,3920.0,3940.0,674.88,676.65,-7.9432204157006066,112.62075949184317,39.99445355428644,9.17042433425747,178.0,19.862583514514426,0.010000000000104592,1.730348163529291,3.43206117830257,1.282447419108493,0.5034591795519742,0.11564192283436664,2.7065068702827912,1.7056398764882557,3.4111187424617095,1.282447419108493,0.11564192283436664,2.5889122486427656,46.5,2.0,Sedang,False
20260811_212352_867,session_20260811_212352_867 (1).zip,tt,dashboard_center,100 Hz,197,3940.0,3960.0,676.66,678.26,-7.943349524619645,112.62062996050575,44.76220307497958,7.964916638747788,161,19.83534061552018,0.010000000000104592,2.3632112859971213,4.975601124560246,1.7833017705733374,0.30249039410522116,0.30761659246606765,4.336897009367284,OK,True,3940.0,3960.0,676.66,678.26,-7.943349524619645,112.62062996050575,44.76220307497958,7.964916638747788,161.0,19.83534061552018,0.010000000000104592,2.3632112859971213,4.975601124560246,1.7833017705733374,0.30249039410522116,0.30761659246606765,4.336897009367284,2.3032104199611365,4.921442114992117,1.7833017705733374,0.30761659246606765,4.005740984722281,74.4,1.0,Tinggi,False
20260811_212352_867,session_20260811_212352_867 (1).zip,tt,dashboard_center,100 Hz,198,3960.0,3980.0,678.27,679.84,-7.943483416956967,112.62050496840618,45.70316721801505,7.97646368545258,158,19.931163970765283,0.010000000000104592,3.2208830641329738,6.0705897160115345,2.185321444689053,0.2508634220928552,0.5778740222695782,5.951460022650907,OK,True,3960.0,3980.0,678.27,679.84,-7.943483416956967,112.62050496840618,45.70316721801505,7.97646368545258,158.0,19.931163970765283,0.010000000000104592,3.2208830641329738,6.0705897160115345,2.185321444689053,0.2508634220928552,0.5778740222695782,5.951460022650907,3.1325405304733356,5.999163856668598,2.185321444689053,0.5778740222695782,5.46158565762221,88.4,1.0,Tinggi,True
20260811_212352_867,session_20260811_212352_867 (1).zip,tt,dashboard_center,100 Hz,199,3980.0,4000.0,679.85,681.42,-7.94362704114002,112.62038727376431,45.48306713840088,8.761447338583459,158,19.795662244839605,0.010000000000104592,2.4688325459263005,4.371819247085042,1.5896133337745773,0.3030967050149635,0.10025768710591815,7.390126101681481,OK,True,3980.0,4000.0,679.85,681.42,-7.94362704114002,112.62038727376431,45.48306713840088,8.761447338583459,158.0,19.795662244839605,0.010000000000104592,2.4688325459263005,4.371819247085042,1.5896133337745773,0.3030967050149635,0.10025768710591815,7.390126101681481,2.40228420247365,4.321274351425392,1.5896133337745773,0.10025768710591815,6.792017590732891,69.8,1.0,Tinggi,False
20260811_212352_867,session_20260811_212352_867 (1).zip,tt,dashboard_center,100 Hz,200,4000.0,4020.0,681.4300000000001,683.11,-7.943763327424623,112.62026634212698,42.49911036623177,9.83780727548257,169,19.87719025978913,0.010000000000104592,1.582241021584275,2.735265689323494,1.083211409039084,0.4024713702209574,0.11047497350723777,1.410042612317026,OK,True,4000.0,4020.0,681.4300000000001,683.11,-7.943763327424623,112.62026634212698,42.49911036623177,9.83780727548257,169.0,19.87719025978913,0.010000000000104592,1.582241021584275,2.735265689323494,1.083211409039084,0.4024713702209574,0.11047497350723777,1.410042612317026,1.5501418027166078,2.7115113047063932,1.083211409039084,0.11047497350723777,1.3235491002127926,26.7,0.0,Rendah,False
20260811_212352_867,session_20260811_212352_867 (1).zip,tt,dashboard_center,100 Hz,201,4020.0,4040.0,683.12,684.76,-7.943915568867679,112.6201287248647,44.04643776748654,10.197605245101967,165,19.947131252300096,0.010000000000104592,1.8140130346758991,3.545465373859409,1.2726370015247679,0.3007951331000613,0.05571740031119464,0.9693578718461578,gps>10m,False,,,,,,,,,,,,,,,,,,,,,,,,,,
20260811_212352_867,session_20260811_212352_867 (1).zip,tt,dashboard_center,100 Hz,202,4040.0,4060.0,684.77,686.38,-7.944054103842577,112.61999633169732,44.10654398544883,8.645833699792542,162,19.806800884960467,0.010000000000104592,2.1729509550849686,4.028232440934246,1.5148943793986998,0.4039016722823973,0.5194696561585832,6.141189336634609,OK,True,4040.0,4060.0,684.77,686.38,-7.944054103842577,112.61999633169732,44.10654398544883,8.645833699792542,162.0,19.806800884960467,0.010000000000104592,2.1729509550849686,4.028232440934246,1.5148943793986998,0.4039016722823973,0.5194696561585832,6.141189336634609,2.120928230773939,3.986904503637607,1.5148943793986998,0.5194696561585832,5.698339661217902,68.6,1.0,Tinggi,False
20260811_212352_867,session_20260811_212352_867 (1).zip,tt,dashboard_center,100 Hz,203,4060.0,4080.0,686.39,687.96,-7.944183127677421,112.6198601450308,45.620214072939945,9.311892963683038,158,19.8685933345555,0.010000000000104592,2.218692128204376,4.661384629687821,1.5955709809587273,0.30198413641919924,0.45022470352205,2.8239559544360207,OK,True,4060.0,4080.0,686.39,687.96,-7.944183127677421,112.6198601450308,45.620214072939945,9.311892963683038,158.0,19.8685933345555,0.010000000000104592,2.218692128204376,4.661384629687821,1.5955709809587273,0.30198413641919924,0.45022470352205,2.8239559544360207,2.1582323171315085,4.606897776608854,1.5955709809587273,0.45022470352205,2.5929754524399136,70.9,1.0,Tinggi,False
20260811_212352_867,session_20260811_212352_867 (1).zip,tt,dashboard_center,100 Hz,204,4080.0,4100.0,687.97,689.54,-7.944321055757596,112.61973452636627,45.781893875650724,12.991855420235165,158,19.93387986729431,0.010000000000104592,2.791528091030844,5.3715413316064495,1.853238723064787,0.30099509177058165,0.4157751067507912,9.667418697225429,gps>10m,False,,,,,,,,,,,,,,,,,,,,,,,,,,
20260811_212352_867,session_20260811_212352_867 (1).zip,tt,dashboard_center,100 Hz,205,4100.0,4120.0,689.5500000000001,691.27,-7.944446255517168,112.61959662476599,41.54085330742519,7.982639353671383,173,19.883105465299195,0.010000000000104592,2.0426358110458493,4.075578210487722,1.4845676393943212,0.3017637265200572,0.0747275679940996,2.3212129144845464,OK,True,4100.0,4120.0,689.5500000000001,691.27,-7.944446255517168,112.61959662476599,41.54085330742519,7.982639353671383,173.0,19.883105465299195,0.010000000000104592,2.0426358110458493,4.075578210487722,1.4845676393943212,0.3017637265200572,0.0747275679940996,2.3212129144845464,2.005795134253875,4.044132360346652,1.4845676393943212,0.0747275679940996,2.1943284704019854,57.0,2.0,Sedang,False
20260811_212352_867,session_20260811_212352_867 (1).zip,tt,dashboard_center,100 Hz,206,4120.0,4140.0,691.28,693.07,-7.9445649542714465,112.61947495129579,40.2165715429564,6.127517671975525,180,19.921658565920552,0.010000000000104592,1.6168120982289451,2.8449674771745466,1.1533196797305092,0.35137636642235764,0.07173562280546979,2.0219739939799237,OK,True,4120.0,4140.0,691.28,693.07,-7.9445649542714465,112.61947495129579,40.2165715429564,6.127517671975525,180.0,19.921658565920552,0.010000000000104592,1.6168120982289451,2.8449674771745466,1.1533196797305092,0.35137636642235764,0.07173562280546979,2.0219739939799237,1.5928369165186516,2.8269368023250494,1.1533196797305092,0.07173562280546979,1.9307945736580965,32.6,0.0,Rendah,False
20260811_212352_867,session_20260811_212352_867 (1).zip,tt,dashboard_center,100 Hz,207,4140.0,4160.0,693.08,694.89,-7.944694010321558,112.61936079401158,39.58979321069559,4.982276788644656,182,19.854758046810275,0.010000000000104592,2.6639865161319816,5.105025230046105,1.8280781847269603,0.30219456645375325,0.04672979052383225,11.12085536113373,OK,True,4140.0,4160.0,693.08,694.89,-7.944694010321558,112.61936079401158,39.58979321069559,4.982276788644656,182.0,19.854758046810275,0.010000000000104592,2.6639865161319816,5.105025230046105,1.8280781847269603,0.30219456645375325,0.04672979052383225,11.12085536113373,2.6286355354887294,5.076084924026911,1.8280781847269603,0.04672979052383225,10.671348185500127,82.6,1.0,Tinggi,False
20260811_212352_867,session_20260811_212352_867 (1).zip,tt,dashboard_center,100 Hz,208,4160.0,4180.0,694.9,696.8000000000001,-7.944830628034252,112.61925631086746,37.50231613041754,5.090890814129535,191,19.87629845427091,0.010000000000104592,1.978986112574015,3.6866064304543404,1.3969300076717466,0.40248942822052486,0.03644945317227841,3.942851175133459,OK,True,4160.0,4180.0,694.9,696.8000000000001,-7.944830628034252,112.61925631086746,37.50231613041754,5.090890814129535,191.0,19.87629845427091,0.010000000000104592,1.978986112574015,3.6866064304543404,1.3969300076717466,0.40248942822052486,0.03644945317227841,3.942851175133459,1.963400138919606,3.6742220174878226,1.3969300076717466,0.03644945317227841,3.8477282385969405,59.3,2.0,Sedang,False
20260811_212352_867,session_20260811_212352_867 (1).zip,tt,dashboard_center,100 Hz,209,4180.0,4200.0,696.8100000000001,698.82,-7.9449739904056145,112.61914116539529,35.73969349904803,4.986386670322272,202,19.885970476465445,0.010000000000104592,1.7398893210233517,3.2278771592510482,1.2634006851867028,0.4525803762331478,0.030732955116640367,2.2000601275772302,OK,True,4180.0,4200.0,696.8100000000001,698.82,-7.9449739904056145,112.61914116539529,35.73969349904803,4.986386670322272,202.0,19.885970476465445,0.010000000000104592,1.7398893210233517,3.2278771592510482,1.2634006851867028,0.4525803762331478,0.030732955116640367,2.2000601275772302,1.734570405086889,3.2236740335318306,1.2634006851867028,0.030732955116640367,2.179353519689252,39.5,2.0,Sedang,False
20260811_212352_867,session_20260811_212352_867 (1).zip,tt,dashboard_center,100 Hz,210,4200.0,4220.0,698.83,701.26,-7.945118966540907,112.61902486942583,29.458384536929735,4.403796557819942,244,19.953232123304588,0.010000000000104592,1.3509128761782785,2.563083348543509,1.0495193530667306,0.4510547436316523,0.0072754029233654495,1.4302698414635167,OK,True,4200.0,4220.0,698.83,701.26,-7.945118966540907,112.61902486942583,29.458384536929735,4.403796557819942,244.0,19.953232123304588,0.010000000000104592,1.3509128761782785,2.563083348543509,1.0495193530667306,0.4510547436316523,0.0072754029233654495,1.4302698414635167,1.3732388825417492,2.5810253113865205,1.0495193530667306,0.0072754029233654495,1.5045439274817785,22.1,0.0,Rendah,False
20260811_212352_867,session_20260811_212352_867 (1).zip,tt,dashboard_center,100 Hz,211,4220.0,4240.0,701.27,704.03,-7.945261919657603,112.61892387681976,25.894280845053277,5.037251879219458,277,19.914838937243985,0.010000000000104592,1.613837621556658,3.2927977909399333,1.275921142472143,0.6025657570123778,0.029589397368755755,2.536412911980087,OK,True,4220.0,4240.0,701.27,704.03,-7.945261919657603,112.61892387681976,25.894280845053277,5.037251879219458,277.0,19.914838937243985,0.010000000000104592,1.613837621556658,3.2927977909399333,1.275921142472143,0.6025657570123778,0.029589397368755755,2.536412911980087,1.6619398027155121,3.334213564055028,1.275921142472143,0.029589397368755755,2.7772584852259965,43.0,2.0,Sedang,False
20260811_212352_867,session_20260811_212352_867 (1).zip,tt,dashboard_center,100 Hz,212,4240.0,4260.0,704.04,706.37,-7.945400774245807,112.61880037255457,30.882593076564866,6.125956541789667,234,19.97605963523074,0.010000000000104592,3.22634620978348,6.57719657457417,2.6872601725711855,0.4505393037637496,0.15151944800054326,11.297623183954457,OK,True,4240.0,4260.0,704.04,706.37,-7.945400774245807,112.61880037255457,30.882593076564866,6.125956541789667,234.0,19.97605963523074,0.010000000000104592,3.22634620978348,6.57719657457417,2.6872601725711855,0.4505393037637496,0.15151944800054326,11.297623183954457,3.2641190015065193,6.609857400779849,2.6872601725711855,0.15151944800054326,11.711160879878689,91.9,1.0,Tinggi,True
20260811_212352_867,session_20260811_212352_867 (1).zip,tt,dashboard_center,100 Hz,213,4260.0,4280.0,706.38,708.3000000000001,-7.945547606876372,112.6187143890113,37.24026396240761,5.76828766529142,193,19.85136738869187,0.010000000000104592,2.13301748481392,4.254053350958839,1.5141603186693515,0.352620545624856,0.07925128651438973,4.583839170177392,OK,True,4260.0,4280.0,706.38,708.3000000000001,-7.945547606876372,112.6187143890113,37.24026396240761,5.76828766529142,193.0,19.85136738869187,0.010000000000104592,2.13301748481392,4.254053350958839,1.5141603186693515,0.352620545624856,0.07925128651438973,4.583839170177392,2.1177124432276417,4.241036299708152,1.5141603186693515,0.07925128651438973,4.483013394049734,67.4,2.0,Sedang,False
20260811_212352_867,session_20260811_212352_867 (1).zip,tt,dashboard_center,100 Hz,214,4280.0,4300.0,708.3100000000001,710.2,-7.945699226736908,112.61860836732123,37.8124979694527,7.900901620683026,190,19.890407451030114,0.010000000000104592,1.4830703014491147,2.829639124530983,1.0227819122192334,0.4524794186422709,0.04627858366464677,2.117613705825413,OK,True,4280.0,4300.0,708.3100000000001,710.2,-7.945699226736908,112.61860836732123,37.8124979694527,7.900901620683026,190.0,19.890407451030114,0.010000000000104592,1.4830703014491147,2.829639124530983,1.0227819122192334,0.4524794186422709,0.04627858366464677,2.117613705825413,1.4701707205525114,2.819138730993498,1.0227819122192334,0.04627858366464677,2.061240800372732,30.2,0.0,Rendah,False
20260811_212352_867,session_20260811_212352_867 (1).zip,tt,dashboard_center,100 Hz,215,4300.0,4320.0,710.21,712.15,-7.945880163104138,112.61848855313042,36.88166441145892,7.190567121905091,195,19.888315294719177,0.010000000000104592,1.658409216931183,3.425852945856298,1.2118307503995787,0.3519654579218516,0.041383908188414115,2.117527244313763,OK,True,4300.0,4320.0,710.21,712.15,-7.945880163104138,112.61848855313042,36.88166441145892,7.190567121905091,195.0,19.888315294719177,0.010000000000104592,1.658409216931183,3.425852945856298,1.2118307503995787,0.3519654579218516,0.041383908188414115,2.117527244313763,1.6481138746410826,3.416785893825776,1.2118307503995787,0.041383908188414115,2.0771887344727045,36.0,2.0,Sedang,False
20260811_212352_867,session_20260811_212352_867 (1).zip,tt,dashboard_center,100 Hz,216,4320.0,4340.0,712.16,714.13,-7.946028788901644,112.61838836335936,36.49949690148987,8.437726015036642,198,19.904311279925423,0.010000000000104592,1.838649260133665,3.498230713427628,1.27900623556818,0.4521633465950157,0.1186302981466752,3.848528843877348,OK,True,4320.0,4340.0,712.16,714.13,-7.946028788901644,112.61838836335936,36.49949690148987,8.437726015036642,198.0,19.904311279925423,0.010000000000104592,1.838649260133665,3.498230713427628,1.27900623556818,0.4521633465950157,0.1186302981466752,3.848528843877348,1.8291515567979137,3.49052902628341,1.27900623556818,0.1186302981466752,3.787458577120786,57.0,2.0,Sedang,False
20260811_212352_867,session_20260811_212352_867 (1).zip,tt,dashboard_center,100 Hz,217,4340.0,4360.0,714.14,716.2,-7.946145041647961,112.61828426487426,34.75460633492857,9.687985574949945,207,19.918994226555697,0.010000000000104592,2.7143451897651354,5.068048491184213,1.946577533371041,0.3514233660787806,0.31094697074671895,8.92289438961779,OK,True,4340.0,4360.0,714.14,716.2,-7.946145041647961,112.61828426487426,34.75460633492857,9.687985574949945,207.0,19.918994226555697,0.010000000000104592,2.7143451897651354,5.068048491184213,1.946577533371041,0.3514233660787806,0.31094697074671895,8.92289438961779,2.7136702709692266,5.067512163350499,1.946577533371041,0.31094697074671895,8.916043618330404,84.9,1.0,Tinggi,False
20260811_212352_867,session_20260811_212352_867 (1).zip,tt,dashboard_center,100 Hz,218,4360.0,4380.0,716.21,718.57,-7.946291238614573,112.6181756201453,30.410900571895045,8.110071083287476,237,19.89239877464479,0.010000000000104592,1.774319514822324,3.0978567254040934,1.343539669862222,0.40216366515821833,0.04307696554134443,3.6252095733651806,OK,True,4360.0,4380.0,716.21,718.57,-7.946291238614573,112.6181756201453,30.410900571895045,8.110071083287476,237.0,19.89239877464479,0.010000000000104592,1.774319514822324,3.0978567254040934,1.343539669862222,0.40216366515821833,0.04307696554134443,3.6252095733651806,1.7978754919111748,3.115293054309495,1.343539669862222,0.04307696554134443,3.7759295526773453,50.0,2.0,Sedang,False
20260811_212352_867,session_20260811_212352_867 (1).zip,tt,dashboard_center,100 Hz,219,4380.0,4400.0,718.58,722.58,-7.946487139044404,112.618078874292,17.94446397964321,7.894430627845617,401,19.97677828027463,0.010000000000104592,1.6112467115983944,3.1445884821876753,1.4129986383328463,0.7008137049718277,0.05231783210116747,2.248251926592858,OK,True,4380.0,4400.0,718.58,722.58,-7.946487139044404,112.618078874292,17.94446397964321,7.894430627845617,401.0,19.97677828027463,0.010000000000104592,1.6112467115983944,3.1445884821876753,1.4129986383328463,0.7008137049718277,0.05231783210116747,2.248251926592858,1.7216615147073184,3.234552410985562,1.4129986383328463,0.05231783210116747,2.759003428474601,46.5,2.0,Sedang,False
20260811_212352_867,session_20260811_212352_867 (1).zip,tt,dashboard_center,100 Hz,220,4400.0,4420.0,722.59,727.2,-7.946586724617597,112.61809706982615,15.633128520776822,8.119218383435104,462,19.959158403539732,0.010000000000104592,1.6422063357057335,3.40879309459796,1.6496023277504683,0.901841632601489,0.051169099611463986,2.7618298134898933,OK,True,4400.0,4420.0,722.59,727.2,-7.946586724617597,112.61809706982615,15.633128520776822,8.119218383435104,462.0,19.959158403539732,0.010000000000104592,1.6422063357057335,3.40879309459796,1.6496023277504683,0.901841632601489,0.051169099611463986,2.7618298134898933,1.7792649069957058,3.5270856063590936,1.6496023277504683,0.051169099611463986,3.537688608466101,57.0,2.0,Sedang,False
20260811_212352_867,session_20260811_212352_867 (1).zip,tt,dashboard_center,100 Hz,221,4420.0,4440.0,727.21,730.16,-7.946736454773372,112.61825188372933,24.277125063918596,6.728923128629111,296,19.916337196974382,0.010000000000104592,1.089998182449838,2.1079970925393257,0.9812291594294552,0.5523103917758071,0.014613504389987141,0.712837393118153,OK,True,4420.0,4440.0,727.21,730.16,-7.946736454773372,112.61825188372933,24.277125063918596,6.728923128629111,296.0,19.916337196974382,0.010000000000104592,1.089998182449838,2.1079970925393257,0.9812291594294552,0.5523103917758071,0.014613504389987141,0.712837393118153,1.1297958828290593,2.1404147871304895,0.9812291594294552,0.014613504389987141,0.7963295118975882,10.5,0.0,Rendah,False
20260811_212352_867,session_20260811_212352_867 (1).zip,tt,dashboard_center,100 Hz,222,4440.0,4460.0,730.17,732.7,-7.946816485316442,112.61843124991536,28.303487765896865,5.62072528554435,254,19.923362095981247,0.010000000000104592,1.5406239922591125,2.8755114844116294,1.140151514861674,0.45173098579658877,0.0656186686412618,1.8019676464644552,OK,True,4440.0,4460.0,730.17,732.7,-7.946816485316442,112.61843124991536,28.303487765896865,5.62072528554435,254.0,19.923362095981247,0.010000000000104592,1.5406239922591125,2.8755114844116294,1.140151514861674,0.45173098579658877,0.0656186686412618,1.8019676464644552,1.5724017918308704,2.900605000016568,1.140151514861674,0.0656186686412618,1.9192569029754973,33.7,0.0,Rendah,False
20260811_212352_867,session_20260811_212352_867 (1).zip,tt,dashboard_center,100 Hz,223,4460.0,4480.0,732.71,735.14,-7.946907080752081,112.61859452199684,29.411422221212106,5.825461131102681,244,19.904320437104616,0.010000000000104592,1.261795679107201,2.469637335584007,1.0607851314434673,0.5526438360334254,0.031383053420939624,0.8763053768752016,OK,True,4460.0,4480.0,732.71,735.14,-7.946907080752081,112.61859452199684,29.411422221212106,5.825461131102681,244.0,19.904320437104616,0.010000000000104592,1.261795679107201,2.469637335584007,1.0607851314434673,0.5526438360334254,0.031383053420939624,0.8763053768752016,1.2828548616922892,2.487095117696149,1.0607851314434673,0.031383053420939624,0.9222693145310086,18.6,0.0,Rendah,False
20260811_212352_867,session_20260811_212352_867 (1).zip,tt,dashboard_center,100 Hz,224,4480.0,4500.0,735.15,737.5500000000001,-7.946976018921589,112.6187644087462,29.96167354205637,5.756755672425394,241,19.90874306209662,0.010000000000104592,1.9965964781980166,3.967783189376189,1.5743566469269312,0.4018335047595671,0.009612186869293767,3.547780393930371,OK,True,4480.0,4500.0,735.15,737.5500000000001,-7.946976018921589,112.6187644087462,29.96167354205637,5.756755672425394,241.0,19.90874306209662,0.010000000000104592,1.9965964781980166,3.967783189376189,1.5743566469269312,0.4018335047595671,0.009612186869293767,3.547780393930371,2.0261359499650657,3.9926601510193307,1.5743566469269312,0.009612186869293767,3.712415834597384,62.8,2.0,Sedang,False
20260811_212352_867,session_20260811_212352_867 (1).zip,tt,dashboard_center,100 Hz,225,4500.0,4520.0,737.5600000000001,740.95,-7.947053120743825,112.61893809898402,21.33958720838046,5.7505503749505635,340,19.973732263119928,0.010000000000104592,1.364515653032574,3.0042246341931858,1.2337119612248513,0.7009205798682904,0.004625824730436049,1.5140756875161188,OK,True,4500.0,4520.0,737.5600000000001,740.95,-7.947053120743825,112.61893809898402,21.33958720838046,5.7505503749505635,340.0,19.973732263119928,0.010000000000104592,1.364515653032574,3.0042246341931858,1.2337119612248513,0.7009205798682904,0.004625824730436049,1.5140756875161188,1.4328148036242674,3.0673223569374004,1.2337119612248513,0.004625824730436049,1.760602429988966,29.1,0.0,Rendah,False
20260811_212352_867,session_20260811_212352_867 (1).zip,tt,dashboard_center,100 Hz,226,4520.0,4540.0,740.96,742.98,-7.947098116282718,112.61904375715366,10.030293568928135,5.1862628949196115,203,5.588877400599813,0.010000000000104592,1.0779368004899366,2.200754713566256,1.1212342805983369,1.6103412823180012,0.04107780182755057,0.8549636687476188,coverage<18m,False,,,,,,,,,,,,,,,,,,,,,,,,,,
20260811_224202_660,session_20260811_224202_660.zip,tt,dashboard_center,100 Hz,0,0.0,20.0,16.73,18.88,-7.954050362417231,112.62502208343474,33.36217358421244,5.244093507990097,216,19.240071248430002,0.010000000000001563,2.739042931031291,5.837957222209133,2.45549780584754,0.3638240165337851,0.3025661134356613,9.019329770330325,OK,True,0.0,20.0,16.73,18.88,-7.954050362417231,112.62502208343474,33.36217358421244,5.244093507990097,216.0,19.240071248430002,0.010000000000001563,2.739042931031291,5.837957222209133,2.45549780584754,0.3638240165337851,0.3025661134356613,9.019329770330325,2.739042931031291,5.837957222209133,2.45549780584754,0.31693809578012005,9.019329770330325,84.2,0.0,Tinggi,False
20260811_224202_660,session_20260811_224202_660.zip,tt,dashboard_center,100 Hz,1,20.0,40.0,18.89,21.53,-7.953986067799423,112.6247953504691,27.128620438415187,4.281759074259997,265,19.922388638400005,0.010000000000001563,1.0075368726357206,2.017541784173794,0.8201184980260853,0.5521426270541535,0.01857806505968701,0.5403461200332279,OK,True,20.0,40.0,18.89,21.53,-7.953986067799423,112.6247953504691,27.128620438415187,4.281759074259997,265.0,19.922388638400005,0.010000000000001563,1.0075368726357206,2.017541784173794,0.8201184980260853,0.5521426270541535,0.01857806505968701,0.5403461200332279,1.0075368726357206,2.017541784173794,0.8201184980260853,0.022473972169858313,0.5403461200332279,2.9,1.0,Rendah,False
20260811_224202_660,session_20260811_224202_660.zip,tt,dashboard_center,100 Hz,2,40.0,60.0,21.54,24.94,-7.953917825244363,112.62464405142754,21.081552264974878,3.7978813205466078,341,19.956713934165016,0.010000000000001563,2.5578592249236864,6.201907826738751,2.6540411407339355,0.7516267482453942,0.18399265177745455,3.916528805591063,OK,True,40.0,60.0,21.54,24.94,-7.953917825244363,112.62464405142754,21.081552264974878,3.7978813205466078,341.0,19.956713934165016,0.010000000000001563,2.5578592249236864,6.201907826738751,2.6540411407339355,0.7516267482453942,0.18399265177745455,3.916528805591063,2.5578592249236864,6.201907826738751,2.6540411407339355,0.2652873120538219,3.916528805591063,77.0,0.0,Tinggi,False
20260811_224202_660,session_20260811_224202_660.zip,tt,dashboard_center,100 Hz,3,60.0,80.0,24.95,27.85,-7.953837614085807,112.62448173478093,24.675194011783482,4.212090660577402,291,19.898016256375,0.010000000000001563,0.8210915430701995,1.597158461247238,0.6454953953084769,0.6030751932949796,0.032383470977577385,0.6218081884449139,OK,True,60.0,80.0,24.95,27.85,-7.953837614085807,112.62448173478093,24.675194011783482,4.212090660577402,291.0,19.898016256375,0.010000000000001563,0.8210915430701995,1.597158461247238,0.6454953953084769,0.6030751932949796,0.032383470977577385,0.6218081884449139,0.8210915430701995,1.597158461247238,0.6454953953084769,0.041846367969619075,0.6218081884449139,0.7,1.0,Rendah,False
20260811_224202_660,session_20260811_224202_660.zip,tt,dashboard_center,100 Hz,4,80.0,100.0,27.86,30.12,-7.953738862401198,112.62429267140848,31.546489864371452,3.79821703316492,227,19.94370750452501,0.010000000000001563,1.0551765529512942,1.8743680207863245,0.7940902448866954,0.4011290276988312,0.005891229056774171,0.881058256813632,OK,True,80.0,100.0,27.86,30.12,-7.953738862401198,112.62429267140848,31.546489864371452,3.79821703316492,227.0,19.94370750452501,0.010000000000001563,1.0551765529512942,1.8743680207863245,0.7940902448866954,0.4011290276988312,0.005891229056774171,0.881058256813632,1.0551765529512942,1.8743680207863245,0.7940902448866954,0.006416183076001992,0.881058256813632,2.2,1.0,Rendah,False
20260811_224202_660,session_20260811_224202_660.zip,tt,dashboard_center,100 Hz,5,100.0,120.0,30.13,32.230000000000004,-7.953657720613446,112.62411642757493,34.57571475624765,3.79,211,19.913335066520048,0.010000000000005116,1.281381344600392,2.58906384367586,0.9325340022505432,0.5021760527101675,0.17982282716961906,1.4122445957486494,OK,True,100.0,120.0,30.13,32.230000000000004,-7.953657720613446,112.62411642757493,34.57571475624765,3.79,211.0,19.913335066520048,0.010000000000005116,1.281381344600392,2.58906384367586,0.9325340022505432,0.5021760527101675,0.17982282716961906,1.4122445957486494,1.281381344600392,2.58906384367586,0.9325340022505432,0.18373769012000793,1.4122445957486494,8.6,1.0,Rendah,False
20260811_224202_660,session_20260811_224202_660.zip,tt,dashboard_center,100 Hz,6,120.0,140.0,32.24,34.57,-7.953560004904999,112.62395384694216,30.56028231404542,3.8888335660748448,234,19.861515642719993,0.010000000000005116,2.20362282565509,5.456424960142908,2.1785647103174566,0.3020917490855855,0.09957429406267322,7.576333078983598,OK,True,120.0,140.0,32.24,34.57,-7.953560004904999,112.62395384694216,30.56028231404542,3.8888335660748448,234.0,19.861515642719993,0.010000000000005116,2.20362282565509,5.456424960142908,2.1785647103174566,0.3020917490855855,0.09957429406267322,7.576333078983598,2.20362282565509,5.456424960142908,2.1785647103174566,0.11087136075193421,7.576333078983598,78.4,0.0,Tinggi,False
20260811_224202_660,session_20260811_224202_660.zip,tt,dashboard_center,100 Hz,7,140.0,160.0,34.58,36.95,-7.953467222068867,112.62379834871271,30.22574845081595,4.097007744132155,238,19.916731900145038,0.010000000000005116,1.6616637187443242,3.7902317182545757,1.3703003145136523,0.5522994462721013,0.09278298280433517,2.6336226641759946,OK,True,140.0,160.0,34.58,36.95,-7.953467222068867,112.62379834871271,30.22574845081595,4.097007744132155,238.0,19.916731900145038,0.010000000000005116,1.6616637187443242,3.7902317182545757,1.3703003145136523,0.5522994462721013,0.09278298280433517,2.6336226641759946,1.6616637187443242,3.7902317182545757,1.3703003145136523,0.10410410904283712,2.6336226641759946,43.2,2.0,Sedang,False
20260811_224202_660,session_20260811_224202_660.zip,tt,dashboard_center,100 Hz,8,160.0,180.0,36.96,39.35,-7.953395626021712,112.62363440891323,30.045855431374704,4.1271456764092544,240,19.954032146545018,0.010000000000005116,1.7640589444643082,3.429446916892533,1.3420567954118097,0.4510366593529982,0.2919327154440041,2.0821908948157897,OK,True,160.0,180.0,36.96,39.35,-7.953395626021712,112.62363440891323,30.045855431374704,4.1271456764092544,240.0,19.954032146545018,0.010000000000005116,1.7640589444643082,3.429446916892533,1.3420567954118097,0.4510366593529982,0.2919327154440041,2.0821908948157897,1.7640589444643082,3.429446916892533,1.3420567954118097,0.3289174018879452,2.0821908948157897,30.9,2.0,Sedang,False
20260811_224202_660,session_20260811_224202_660.zip,tt,dashboard_center,100 Hz,9,180.0,200.0,39.36,41.95,-7.953304234401266,112.62347966146206,27.708050947427182,4.365901946301186,260,19.917932563320022,0.010000000000005116,2.002899377617418,3.591787812801154,1.7912500519743593,0.602472167322158,0.17594173808178748,2.895782360553085,OK,True,180.0,200.0,39.36,41.95,-7.953304234401266,112.62347966146206,27.708050947427182,4.365901946301186,260.0,19.917932563320022,0.010000000000005116,2.002899377617418,3.591787812801154,1.7912500519743593,0.602472167322158,0.17594173808178748,2.895782360553085,2.002899377617418,3.591787812801154,1.7912500519743593,0.20972952002906747,2.895782360553085,51.1,2.0,Sedang,False
20260811_224202_660,session_20260811_224202_660.zip,tt,dashboard_center,100 Hz,10,200.0,220.0,41.96,45.52,-7.95318992957373,112.62333457766282,20.31733104921541,4.219824188781939,357,19.921553073495005,0.010000000000005116,4.964757495464087,10.371590796877209,5.074326560357198,0.4517720062686385,2.1266101464048575,10.549851149572714,OK,True,200.0,220.0,41.96,45.52,-7.95318992957373,112.62333457766282,20.31733104921541,4.219824188781939,357.0,19.921553073495005,0.010000000000005116,4.964757495464087,10.371590796877209,5.074326560357198,0.4517720062686385,2.1266101464048575,10.549851149572714,4.964757495464087,10.371590796877209,5.074326560357198,3.14605228613191,10.549851149572714,100.0,0.0,Tinggi,True
20260811_224202_660,session_20260811_224202_660.zip,tt,dashboard_center,100 Hz,11,220.0,240.0,45.53,49.32,-7.953086666183738,112.62321921440794,18.661219635270523,4.549358579337081,380,19.986025165084982,0.010000000000005116,3.3289178793230123,7.114808962349868,3.3470215201958946,0.6004195381963022,0.40450159976453226,12.932797186694385,OK,True,220.0,240.0,45.53,49.32,-7.953086666183738,112.62321921440794,18.661219635270523,4.549358579337081,380.0,19.986025165084982,0.010000000000005116,3.3289178793230123,7.114808962349868,3.3470215201958946,0.6004195381963022,0.40450159976453226,12.932797186694385,3.3289178793230123,7.114808962349868,3.3470215201958946,0.634894619737571,12.932797186694385,92.1,0.0,Tinggi,True
20260811_224202_660,session_20260811_224202_660.zip,tt,dashboard_center,100 Hz,12,240.0,260.0,49.33,51.68,-7.952962418604923,112.6230481676668,30.759129606484176,6.288149529655312,236,19.932882870759983,0.010000000000005116,2.0338881637093955,4.069863126463517,1.5888335478751288,0.5016835780773706,0.2552567306682004,2.5951055329392894,OK,True,240.0,260.0,49.33,51.68,-7.952962418604923,112.6230481676668,30.759129606484176,6.288149529655312,236.0,19.932882870759983,0.010000000000005116,2.0338881637093955,4.069863126463517,1.5888335478751288,0.5016835780773706,0.2552567306682004,2.5951055329392894,2.0338881637093955,4.069863126463517,1.5888335478751288,0.2829363526630628,2.5951055329392894,60.4,2.0,Sedang,False
20260811_224202_660,session_20260811_224202_660.zip,tt,dashboard_center,100 Hz,13,260.0,280.0,51.69,53.95,-7.952863347279517,112.62289710362614,31.655892188157697,8.073604552450298,227,19.870375907705068,0.010000000000005116,1.2570375594316021,2.223112970828407,0.9433002805439021,0.45293556809411445,0.01400016967518824,1.47635590761526,OK,True,260.0,280.0,51.69,53.95,-7.952863347279517,112.62289710362614,31.655892188157697,8.073604552450298,227.0,19.870375907705068,0.010000000000005116,1.2570375594316021,2.223112970828407,0.9433002805439021,0.45293556809411445,0.01400016967518824,1.47635590761526,1.2570375594316021,2.223112970828407,0.9433002805439021,0.015210993922854988,1.47635590761526,5.8,1.0,Rendah,False
20260811_224202_660,session_20260811_224202_660.zip,tt,dashboard_center,100 Hz,14,280.0,300.0,53.96,56.2,-7.952764297237021,112.62274801463886,32.04306665052939,10.290583618642883,225,19.948981172545018,0.010000000000005116,3.710756190051682,9.259279690198362,3.6712719427485387,0.4511508593925758,0.04297113994936924,1.7097244172948405,gps>10m,False,,,,,,,,,,,,,,,,,,,,,,,,,,
20260811_224202_660,session_20260811_224202_660.zip,tt,dashboard_center,100 Hz,15,300.0,320.0,56.21,58.480000000000004,-7.952673719665075,112.62257152066772,31.594659388674835,10.282686376534873,228,19.857559644965022,0.010000000000005116,4.771222456745257,11.119683434586156,4.348158921625417,0.4532278971289401,0.44763819032704244,28.576061195311947,gps>10m,False,,,,,,,,,,,,,,,,,,,,,,,,,,
20260811_224202_660,session_20260811_224202_660.zip,tt,dashboard_center,100 Hz,16,320.0,340.0,58.49,60.93,-7.952572003278903,112.62242493186815,29.372383736979284,9.964058812716749,245,19.96826542516493,0.010000000000005116,1.5698434086149238,2.9692939565853953,1.2359378195198754,0.5007946252255611,0.024483149100598418,2.225966271870655,OK,True,320.0,340.0,58.49,60.93,-7.952572003278903,112.62242493186815,29.372383736979284,9.964058812716749,245.0,19.96826542516493,0.010000000000005116,1.5698434086149238,2.9692939565853953,1.2359378195198754,0.5007946252255611,0.024483149100598418,2.225966271870655,1.5698434086149238,2.9692939565853953,1.2359378195198754,0.028023629925610957,2.225966271870655,17.3,1.0,Rendah,False
20260811_224202_660,session_20260811_224202_660.zip,tt,dashboard_center,100 Hz,17,340.0,360.0,60.94,63.24,-7.952481538577141,112.6222402199268,31.24108773270496,12.390783998759376,231,19.921501963215064,0.010000000000005116,1.770837919781241,3.4884874899015283,1.3250304866337195,0.35137912858806825,0.06581230939990915,3.9861181116848674,gps>10m,False,,,,,,,,,,,,,,,,,,,,,,,,,,
20260811_224202_660,session_20260811_224202_660.zip,tt,dashboard_center,100 Hz,18,360.0,380.0,63.25,66.46000000000001,-7.952405973239233,112.62208484084448,22.42722435650591,12.443318928795133,322,19.900190583050062,0.010000000000005116,2.8847289153580067,7.757560730192052,2.9069842601392235,0.6532600753619273,0.6430111384821351,8.463543206509836,gps>10m,False,,,,,,,,,,,,,,,,,,,,,,,,,,
20260811_224202_660,session_20260811_224202_660.zip,tt,dashboard_center,100 Hz,19,380.0,400.0,66.47,71.46000000000001,-7.952265115062442,112.622019913054,14.239526546558565,4.875641527632636,500,19.983314399150117,0.010000000000005116,0.9934964541239544,1.971538463393786,0.9201540839316908,0.8507097301498195,0.08071250771681537,0.7108657556819409,OK,True,380.0,400.0,66.47,71.46000000000001,-7.952265115062442,112.622019913054,14.239526546558565,4.875641527632636,500.0,19.983314399150117,0.010000000000005116,0.9934964541239544,1.971538463393786,0.9201540839316908,0.8507097301498195,0.08071250771681537,0.7108657556819409,0.9934964541239544,1.971538463393786,0.9201540839316908,0.15292245840502774,0.7108657556819409,3.6,1.0,Rendah,False
20260811_224202_660,session_20260811_224202_660.zip,tt,dashboard_center,100 Hz,20,400.0,420.0,71.47,74.11,-7.952092855607402,112.62209910058445,27.1547309546286,4.1390964848010485,265,19.934701348189947,0.010000000000005116,4.7513179488435435,11.55434777159319,4.856300438186329,0.40131025091712214,0.270168528623298,30.20305574395171,OK,True,400.0,420.0,71.47,74.11,-7.952092855607402,112.62209910058445,27.1547309546286,4.1390964848010485,265.0,19.934701348189947,0.010000000000005116,4.7513179488435435,11.55434777159319,4.856300438186329,0.40131025091712214,0.270168528623298,30.20305574395171,4.7513179488435435,11.55434777159319,4.856300438186329,0.3266053573962568,30.20305574395171,99.3,0.0,Tinggi,True
20260811_224202_660,session_20260811_224202_660.zip,tt,dashboard_center,100 Hz,21,420.0,440.0,74.12,76.2,-7.951938530205117,112.62220432293394,34.531724543636734,4.083934189949647,209,19.872833352269993,0.010000000000005116,1.6216106425911412,3.0781254301500103,1.164988875921705,0.3522396568177541,0.1813727958764717,2.477985758589368,OK,True,420.0,440.0,74.12,76.2,-7.951938530205117,112.62220432293394,34.531724543636734,4.083934189949647,209.0,19.872833352269993,0.010000000000005116,1.6216106425911412,3.0781254301500103,1.164988875921705,0.3522396568177541,0.1813727958764717,2.477985758589368,1.6216106425911412,3.0781254301500103,1.164988875921705,0.18548569956757444,2.477985758589368,23.0,1.0,Rendah,False
20260811_224202_660,session_20260811_224202_660.zip,tt,dashboard_center,100 Hz,22,440.0,460.0,76.21000000000001,78.05,-7.951774086625162,112.62229768952778,39.0306086176484,3.9392616908131664,185,19.908462691629836,0.010000000000005116,2.134538493180672,4.106199665932122,1.450720656357303,0.4520690592440315,0.13700946507550582,2.6695832725937616,OK,True,440.0,460.0,76.21000000000001,78.05,-7.951774086625162,112.62229768952778,39.0306086176484,3.9392616908131664,185.0,19.908462691629836,0.010000000000005116,2.134538493180672,4.106199665932122,1.450720656357303,0.4520690592440315,0.13700946507550582,2.6695832725937616,2.134538493180672,4.106199665932122,1.450720656357303,0.12866700442908413,2.6695832725937616,54.0,2.0,Sedang,False
20260811_224202_660,session_20260811_224202_660.zip,tt,dashboard_center,100 Hz,23,460.0,480.0,78.06,79.81,-7.951614839941769,112.6224000163363,40.57351657249138,4.001567813577617,176,19.824642829215065,0.010000000000005116,2.643459978213709,5.151782863214471,1.850628841059952,0.40353816555073596,1.5437663704022706,3.661420028227002,OK,True,460.0,480.0,78.06,79.81,-7.951614839941769,112.6224000163363,40.57351657249138,4.001567813577617,176.0,19.824642829215065,0.010000000000005116,2.643459978213709,5.151782863214471,1.850628841059952,0.40353816555073596,1.5437663704022706,3.661420028227002,2.643459978213709,5.151782863214471,1.850628841059952,1.4111666874068673,3.661420028227002,77.0,0.0,Tinggi,False
20260811_224202_660,session_20260811_224202_660.zip,tt,dashboard_center,100 Hz,24,480.0,500.0,79.82000000000001,81.42,-7.95144284894719,112.62249426925077,45.077217581525936,5.077354866243199,161,19.88727736023992,0.010000000000005116,2.2554397881818375,4.1188362371584555,1.6593170586909054,0.20113361560477294,0.2767733985511641,5.108943921477213,OK,True,480.0,500.0,79.82000000000001,81.42,-7.95144284894719,112.62249426925077,45.077217581525936,5.077354866243199,161.0,19.88727736023992,0.010000000000005116,2.2554397881818375,4.1188362371584555,1.6593170586909054,0.20113361560477294,0.2767733985511641,5.108943921477213,2.2554397881818375,4.1188362371584555,1.6593170586909054,0.23512610096766112,5.108943921477213,66.2,0.0,Tinggi,False
20260811_224202_660,session_20260811_224202_660.zip,tt,dashboard_center,100 Hz,25,500.0,520.0,81.43,83.08,-7.951280507894433,112.62258588232953,43.25343902173047,5.369852704655125,166,19.875532898989945,0.010000000000005116,2.4602807356623,4.983023849607601,1.736139631727226,0.35219181470881383,0.9389080100504055,3.649373953710826,OK,True,500.0,520.0,81.43,83.08,-7.951280507894433,112.62258588232953,43.25343902173047,5.369852704655125,166.0,19.875532898989945,0.010000000000005116,2.4602807356623,4.983023849607601,1.736139631727226,0.35219181470881383,0.9389080100504055,3.649373953710826,2.4602807356623,4.983023849607601,1.736139631727226,0.8208890944955358,3.649373953710826,74.8,0.0,Tinggi,False
20260811_224202_660,session_20260811_224202_660.zip,tt,dashboard_center,100 Hz,26,520.0,540.0,83.09,84.91,-7.951109394671654,112.62264870225755,39.56326148134892,6.673366395039224,183,19.93005769151989,0.010000000000005116,1.7481468334386776,3.402309017166916,1.2329459585197708,0.35122828585581334,0.478572741693734,1.561209697901611,OK,True,520.0,540.0,83.09,84.91,-7.951109394671654,112.62264870225755,39.56326148134892,6.673366395039224,183.0,19.93005769151989,0.010000000000005116,1.7481468334386776,3.402309017166916,1.2329459585197708,0.35122828585581334,0.478572741693734,1.561209697901611,1.7481468334386776,3.402309017166916,1.2329459585197708,0.44521214844360374,1.561209697901611,28.1,2.0,Sedang,False
20260811_224202_660,session_20260811_224202_660.zip,tt,dashboard_center,100 Hz,27,540.0,560.0,84.92,88.3,-7.950944641290444,112.62269245670798,21.272753346645622,7.7951466017276045,339,19.913178199364893,0.010000000000005116,1.0409228105822568,1.9847267426352122,0.8603413496553095,0.7030520120814523,0.020649969022786693,0.945947736628241,OK,True,540.0,560.0,84.92,88.3,-7.950944641290444,112.62269245670798,21.272753346645622,7.7951466017276045,339.0,19.913178199364893,0.010000000000005116,1.0409228105822568,1.9847267426352122,0.8603413496553095,0.7030520120814523,0.020649969022786693,0.945947736628241,1.0409228105822568,1.9847267426352122,0.8603413496553095,0.029587348702813793,0.945947736628241,4.3,1.0,Rendah,False
20260811_224202_660,session_20260811_224202_660.zip,tt,dashboard_center,100 Hz,28,560.0,580.0,88.31,94.73,-7.950853039476788,112.62277964903473,10.988095193525584,4.999841668987772,643,19.95831910425011,0.010000000000005116,0.8336763858489767,1.6321189354367303,0.7954114659576794,1.1524016566656743,0.006401380123905755,0.5639508342645103,OK,True,560.0,580.0,88.31,94.73,-7.950853039476788,112.62277964903473,10.988095193525584,4.999841668987772,643.0,19.95831910425011,0.010000000000005116,0.8336763858489767,1.6321189354367303,0.7954114659576794,1.1524016566656743,0.006401380123905755,0.5639508342645103,0.8336763858489767,1.6321189354367303,0.7954114659576794,0.01452654402182689,0.5639508342645103,1.4,1.0,Rendah,False
20260811_224202_660,session_20260811_224202_660.zip,tt,dashboard_center,100 Hz,29,580.0,600.0,94.74,96.98,-7.950690484655123,112.62286295224271,31.942779740794258,5.376289070271856,225,19.91560212796503,0.010000000000005116,1.3724986453213872,2.6867796388357106,1.0567583053058158,0.5021188882839867,0.06097300571755021,1.6708253821715013,OK,True,580.0,600.0,94.74,96.98,-7.950690484655123,112.62286295224271,31.942779740794258,5.376289070271856,225.0,19.91560212796503,0.010000000000005116,1.3724986453213872,2.6867796388357106,1.0567583053058158,0.5021188882839867,0.06097300571755021,1.6708253821715013,1.3724986453213872,2.6867796388357106,1.0567583053058158,0.06583163034699355,1.6708253821715013,12.2,1.0,Rendah,False
20260811_224202_660,session_20260811_224202_660.zip,tt,dashboard_center,100 Hz,30,600.0,620.0,96.99000000000001,98.73,-7.950516636620241,112.62294290578708,41.79539519212303,6.231001933998603,175,19.866601942784882,0.010000000000005116,4.06568792940461,9.78664891621863,3.3724823760426155,0.2516786722963406,0.14376969793447797,34.39485634611012,OK,True,600.0,620.0,96.99000000000001,98.73,-7.950516636620241,112.62294290578708,41.79539519212303,6.231001933998603,175.0,19.866601942784882,0.010000000000005116,4.06568792940461,9.78664891621863,3.3724823760426155,0.2516786722963406,0.14376969793447797,34.39485634611012,4.06568792940461,9.78664891621863,3.3724823760426155,0.1287344409683353,34.39485634611012,97.8,0.0,Tinggi,True
20260811_224202_660,session_20260811_224202_660.zip,tt,dashboard_center,100 Hz,31,620.0,640.0,98.74000000000001,100.47,-7.950354951200332,112.62303549099774,41.33010767565073,6.08002923115892,174,19.900549110339853,0.010000000000005116,2.2083556440585967,4.1264857624224245,1.5292648525150463,0.4019989576992823,0.09042413601280659,2.892650359667601,OK,True,620.0,640.0,98.74000000000001,100.47,-7.950354951200332,112.62303549099774,41.33010767565073,6.08002923115892,174.0,19.900549110339853,0.010000000000005116,2.2083556440585967,4.1264857624224245,1.5292648525150463,0.4019989576992823,0.09042413601280659,2.892650359667601,2.2083556440585967,4.1264857624224245,1.5292648525150463,0.0816010897307707,2.892650359667601,57.6,2.0,Sedang,False
20260811_224202_660,session_20260811_224202_660.zip,tt,dashboard_center,100 Hz,32,640.0,660.0,100.48,102.11,-7.950196164911598,112.62313498173057,43.98120826547454,5.795790244071799,164,19.855913104879846,0.010000000000005116,1.8301869960752755,3.584679482062859,1.2158740234160053,0.2518141559942255,0.05469032996423871,4.5882439442056455,OK,True,640.0,660.0,100.48,102.11,-7.950196164911598,112.62313498173057,43.98120826547454,5.795790244071799,164.0,19.855913104879846,0.010000000000005116,1.8301869960752755,3.584679482062859,1.2158740234160053,0.2518141559942255,0.05469032996423871,4.5882439442056455,1.8301869960752755,3.584679482062859,1.2158740234160053,0.047263724177032194,4.5882439442056455,35.3,2.0,Sedang,False
20260811_224202_660,session_20260811_224202_660.zip,tt,dashboard_center,100 Hz,33,660.0,680.0,102.12,103.75,-7.95003966225774,112.62321721729973,43.99852463109218,5.408992431908157,164,19.928247481679932,0.010000000000005116,1.3394115165645617,2.5711974436776615,0.9058947129025906,0.4516202444933361,0.26521389805275086,0.6250289551564538,OK,True,660.0,680.0,102.12,103.75,-7.95003966225774,112.62321721729973,43.99852463109218,5.408992431908157,164.0,19.928247481679932,0.010000000000005116,1.3394115165645617,2.5711974436776615,0.9058947129025906,0.4516202444933361,0.26521389805275086,0.6250289551564538,1.3394115165645617,2.5711974436776615,0.9058947129025906,0.22913671186600745,0.6250289551564538,8.6,1.0,Rendah,False
20260811_224202_660,session_20260811_224202_660.zip,tt,dashboard_center,100 Hz,34,680.0,700.0,103.76,105.43,-7.949884512542106,112.62332534269555,42.775203059745266,5.122282064082894,168,19.868199685859963,0.010000000000005116,1.9506614784731204,3.59597220270217,1.2831913729061613,0.35232180623702125,0.22901269118794593,4.557099699894291,OK,True,680.0,700.0,103.76,105.43,-7.949884512542106,112.62332534269555,42.775203059745266,5.122282064082894,168.0,19.868199685859963,0.010000000000005116,1.9506614784731204,3.59597220270217,1.2831913729061613,0.35232180623702125,0.22901269118794593,4.557099699894291,1.9506614784731204,3.59597220270217,1.2831913729061613,0.2017817981468992,4.557099699894291,46.8,2.0,Sedang,False
20260811_224202_660,session_20260811_224202_660.zip,tt,dashboard_center,100 Hz,35,700.0,720.0,105.44,107.19,-7.94971352980569,112.62339577309417,41.39078687046981,6.216694072854846,176,19.910117630905006,0.010000000000005116,1.8424595255799974,3.749510223110248,1.2970261685456903,0.35158004235667684,0.3026268724388984,1.7213930263713015,OK,True,700.0,720.0,105.44,107.19,-7.94971352980569,112.62339577309417,41.39078687046981,6.216694072854846,176.0,19.910117630905006,0.010000000000005116,1.8424595255799974,3.749510223110248,1.2970261685456903,0.35158004235667684,0.3026268724388984,1.7213930263713015,1.8424595255799974,3.749510223110248,1.2970261685456903,0.27281961077162054,1.7213930263713015,38.1,2.0,Sedang,False
20260811_224202_660,session_20260811_224202_660.zip,tt,dashboard_center,100 Hz,36,720.0,740.0,107.2,109.19,-7.949572512342525,112.6234719877184,35.83167258433709,6.925739522056805,200,19.91452339166483,0.010000000000005116,3.434470694531314,7.50165996534671,2.744488236527857,0.35150226105485566,1.6926698823110757,14.027299997968926,OK,True,720.0,740.0,107.2,109.19,-7.949572512342525,112.6234719877184,35.83167258433709,6.925739522056805,200.0,19.91452339166483,0.010000000000005116,3.434470694531314,7.50165996534671,2.744488236527857,0.35150226105485566,1.6926698823110757,14.027299997968926,3.434470694531314,7.50165996534671,2.744488236527857,1.6870949641417519,14.027299997968926,93.5,0.0,Tinggi,True
20260811_224202_660,session_20260811_224202_660.zip,tt,dashboard_center,100 Hz,37,740.0,760.0,109.2,111.25,-7.949433012779031,112.62355843855465,34.65417569454863,6.699551704192406,206,19.83488463626486,0.010000000000005116,1.8080992463641479,3.868297565385674,1.4686260771399149,0.45374602197307284,0.06229536428099557,1.5399785605235174,OK,True,740.0,760.0,109.2,111.25,-7.949433012779031,112.62355843855465,34.65417569454863,6.699551704192406,206.0,19.83488463626486,0.010000000000005116,1.8080992463641479,3.868297565385674,1.4686260771399149,0.45374602197307284,0.06229536428099557,1.5399785605235174,1.8080992463641479,3.868297565385674,1.4686260771399149,0.06355122841506439,1.5399785605235174,34.5,2.0,Sedang,False
20260811_224202_660,session_20260811_224202_660.zip,tt,dashboard_center,100 Hz,38,760.0,780.0,111.26,113.21000000000001,-7.949270685677568,112.62365462908612,36.81161763469958,7.09088910207241,196,19.896147381740093,0.010000000000005116,2.233104875027151,4.432239023348348,1.7070551843247326,0.35182690727473837,0.15696216498778806,4.233288692716016,OK,True,760.0,780.0,111.26,113.21000000000001,-7.949270685677568,112.62365462908612,36.81161763469958,7.09088910207241,196.0,19.896147381740093,0.010000000000005116,2.233104875027151,4.432239023348348,1.7070551843247326,0.35182690727473837,0.15696216498778806,4.233288692716016,2.233104875027151,4.432239023348348,1.7070551843247326,0.15353446267038695,4.233288692716016,66.2,0.0,Tinggi,False
20260811_224202_660,session_20260811_224202_660.zip,tt,dashboard_center,100 Hz,39,780.0,800.0,113.22,115.14,-7.9491069423305,112.62376564231347,37.29661091166918,6.915563805565173,193,19.935664789939892,0.010000000000005116,3.685145187308088,9.00248547418965,3.150955517082902,0.2508067853610351,1.0895749717950678,18.164374677474378,OK,True,780.0,800.0,113.22,115.14,-7.9491069423305,112.62376564231347,37.29661091166918,6.915563805565173,193.0,19.935664789939892,0.010000000000005116,3.685145187308088,9.00248547418965,3.150955517082902,0.2508067853610351,1.0895749717950678,18.164374677474378,3.685145187308088,9.00248547418965,3.150955517082902,1.0561150973164175,18.164374677474378,96.4,0.0,Tinggi,True
20260811_224202_660,session_20260811_224202_660.zip,tt,dashboard_center,100 Hz,40,800.0,820.0,115.15,117.2,-7.948952631479599,112.623857056568,34.90707953386652,6.941383957695041,206,19.895065249114964,0.010000000000005116,1.3294428931502262,2.4170469562766055,0.9107194318526973,0.40210976439777607,0.02082441134544332,1.9691134160876307,OK,True,800.0,820.0,115.15,117.2,-7.948952631479599,112.623857056568,34.90707953386652,6.941383957695041,206.0,19.895065249114964,0.010000000000005116,1.3294428931502262,2.4170469562766055,0.9107194318526973,0.40210976439777607,0.02082441134544332,1.9691134160876307,1.3294428931502262,2.4170469562766055,0.9107194318526973,0.02113697430064476,1.9691134160876307,6.5,1.0,Rendah,False
20260811_224202_660,session_20260811_224202_660.zip,tt,dashboard_center,100 Hz,41,820.0,840.0,117.21000000000001,119.42,-7.9487947383948185,112.62394825051237,32.56211330772129,6.622484223741784,222,19.94437324771502,0.010000000000005116,1.7662824433387918,3.2798914884306396,1.3246209372534257,0.35097618326020713,0.041931549429359075,1.6966512180468214,OK,True,820.0,840.0,117.21000000000001,119.42,-7.9487947383948185,112.62394825051237,32.56211330772129,6.622484223741784,222.0,19.94437324771502,0.010000000000005116,1.7662824433387918,3.2798914884306396,1.3246209372534257,0.35097618326020713,0.041931549429359075,1.6966512180468214,1.7662824433387918,3.2798914884306396,1.3246209372534257,0.04467173475574369,1.6966512180468214,24.5,1.0,Rendah,False
20260811_224202_660,session_20260811_224202_660.zip,tt,dashboard_center,100 Hz,42,840.0,860.0,119.43,121.76,-7.948632310638935,112.62402736529747,30.69059792120098,6.837568700153771,234,19.85786697227502,0.010000000000005116,2.1873228882975497,4.279886489454296,1.6526192491690783,0.3525051310784385,0.28290034018818416,5.3472201203283225,OK,True,840.0,860.0,119.43,121.76,-7.948632310638935,112.62402736529747,30.69059792120098,6.837568700153771,234.0,19.85786697227502,0.010000000000005116,2.1873228882975497,4.279886489454296,1.6526192491690783,0.3525051310784385,0.28290034018818416,5.3472201203283225,2.1873228882975497,4.279886489454296,1.6526192491690783,0.3140648197259644,5.3472201203283225,67.6,0.0,Tinggi,False
20260811_224202_660,session_20260811_224202_660.zip,tt,dashboard_center,100 Hz,43,860.0,880.0,121.77,124.28,-7.948475111757297,112.6241183447016,28.476930258619603,7.401872015922805,252,19.905289729950027,0.010000000000005116,1.8419669169351638,3.576433557558302,1.4151676591968219,0.4521411203805972,0.041794014403902166,4.545715520472439,OK,True,860.0,880.0,121.77,124.28,-7.948475111757297,112.6241183447016,28.476930258619603,7.401872015922805,252.0,19.905289729950027,0.010000000000005116,1.8419669169351638,3.576433557558302,1.4151676591968219,0.4521411203805972,0.041794014403902166,4.545715520472439,1.8419669169351638,3.576433557558302,1.4151676591968219,0.048879922582169784,4.545715520472439,39.6,2.0,Sedang,False
20260811_224202_660,session_20260811_224202_660.zip,tt,dashboard_center,100 Hz,44,880.0,900.0,124.29,126.8,-7.948326848154766,112.62421435597642,28.69598713447589,7.552595918501588,252,19.975372788619893,0.010000000000005116,2.2043896406302896,4.289696709522347,1.703735245411599,0.5006164393436036,0.06244522286113588,3.717360539776451,OK,True,880.0,900.0,124.29,126.8,-7.948326848154766,112.62421435597642,28.69598713447589,7.552595918501588,252.0,19.975372788619893,0.010000000000005116,2.2043896406302896,4.289696709522347,1.703735245411599,0.5006164393436036,0.06244522286113588,3.717360539776451,2.2043896406302896,4.289696709522347,1.703735245411599,0.07264389761970622,3.717360539776451,64.0,2.0,Sedang,False
20260811_224202_660,session_20260811_224202_660.zip,tt,dashboard_center,100 Hz,45,900.0,920.0,126.81,129.36,-7.948155449195983,112.62426263958636,28.14775467481967,7.461112721609861,256,19.88211825964015,0.010000000000019327,2.081547798163511,4.067000431122333,1.5797461484029973,0.5029645166279677,0.04026837855911516,4.759608897577448,OK,True,900.0,920.0,126.81,129.36,-7.948155449195983,112.62426263958636,28.14775467481967,7.461112721609861,256.0,19.88211825964015,0.010000000000019327,2.081547798163511,4.067000431122333,1.5797461484029973,0.5029645166279677,0.04026837855911516,4.759608897577448,2.081547798163511,4.067000431122333,1.5797461484029973,0.0474783137818785,4.759608897577448,59.7,2.0,Sedang,False
20260811_224202_660,session_20260811_224202_660.zip,tt,dashboard_center,100 Hz,46,920.0,940.0,129.37,132.69,-7.947995956549885,112.6243726440543,21.613103647638546,7.104845317408796,333,19.97191266029995,0.010000000000019327,2.223765333387768,4.247253965480993,1.779636904848838,0.5507734881029064,0.10768755920630538,5.176984287058604,OK,True,920.0,940.0,129.37,132.69,-7.947995956549885,112.6243726440543,21.613103647638546,7.104845317408796,333.0,19.97191266029995,0.010000000000019327,2.223765333387768,4.247253965480993,1.779636904848838,0.5507734881029064,0.10768755920630538,5.176984287058604,2.223765333387768,4.247253965480993,1.779636904848838,0.15259977752691925,5.176984287058604,66.2,0.0,Tinggi,False
20260811_224202_660,session_20260811_224202_660.zip,tt,dashboard_center,100 Hz,47,940.0,960.0,132.7,143.73,-7.947848122601365,112.62441076064454,10.101184539384436,6.478802476823864,436,18.275774239705015,6.689999999999998,1.9585676753956949,4.02486144938357,2.1818352277310966,0.6018896849853814,0.34665917000146645,2.90826276829487,discontinuous,False,,,,,,,,,,,,,,,,,,,,,,,,,,
20260811_224202_660,session_20260811_224202_660.zip,tt,dashboard_center,100 Hz,48,960.0,980.0,156.03,157.17000000000002,-7.9477299954814296,112.62445462103278,6.539305293913486,6.7594125858765315,115,1.7052551085499772,0.010000000000019327,5.989196638090282,13.452328868288529,7.431898894513666,2.932112605867887,15.546403239500542,7.930874869224969,coverage<18m,False,,,,,,,,,,,,,,,,,,,,,,,,,,
20260811_224202_660,session_20260811_224202_660.zip,tt,dashboard_center,100 Hz,50,1000.0,1020.0,272.38,303.58,-7.947705661174471,112.62456854785971,13.010868868804089,11.504425860191196,417,16.280724197334735,27.05000000000001,2.5420533109810908,3.87897584448669,3.774099639942046,0.7984902785914271,0.16110777371772422,1.4580092445023103,coverage<18m | discontinuous | gps>10m,False,,,,,,,,,,,,,,,,,,,,,,,,,,
20260811_224202_660,session_20260811_224202_660.zip,tt,dashboard_center,100 Hz,51,1020.0,1040.0,303.59000000000003,311.22,-7.947586522928823,112.6246777548283,11.76373397556241,10.653317441951822,525,19.97728715360006,2.3999999999999773,1.7232798781340322,3.407278478900551,1.943270552743122,0.9010232401227842,0.4739795460867875,2.3126069162990994,discontinuous | gps>10m,False,,,,,,,,,,,,,,,,,,,,,,,,,,
20260811_224202_660,session_20260811_224202_660.zip,tt,dashboard_center,100 Hz,52,1040.0,1060.0,311.23,313.82,-7.947611618914952,112.62492860329222,28.15393754593625,10.840767474112853,260,19.90809149132997,0.010000000000047748,1.7768324491227996,3.5454897562294208,1.416529186783512,0.6027699845174026,0.0047141126099641845,2.0242372404853577,gps>10m,False,,,,,,,,,,,,,,,,,,,,,,,,,,
20260811_224202_660,session_20260811_224202_660.zip,tt,dashboard_center,100 Hz,53,1060.0,1080.0,313.83,317.83,-7.947742417645091,112.62510686340437,17.793089879427715,10.751587307021282,401,19.968459649310034,0.010000000000047748,1.6334742145184744,2.994128533797745,1.363212353941858,0.9014215576023136,0.07533071567575601,2.745684111991451,gps>10m,False,,,,,,,,,,,,,,,,,,,,,,,,,,
20260811_224202_660,session_20260811_224202_660.zip,tt,dashboard_center,100 Hz,54,1080.0,1100.0,317.84000000000003,321.02,-7.947662344364819,112.62518543154472,22.069648896444548,10.184839923005105,319,19.946805661594908,0.010000000000047748,0.9294867756699949,1.7507917914060946,0.7515971074485012,0.5514667454337879,0.017499834515964742,0.5720538760489784,gps>10m,False,,,,,,,,,,,,,,,,,,,,,,,,,,
20260811_224202_660,session_20260811_224202_660.zip,tt,dashboard_center,100 Hz,55,1100.0,1120.0,321.03000000000003,322.91,-7.947466454887296,112.6252441292106,38.972859685087855,10.381501148507946,189,19.843856447059807,0.010000000000047748,1.885010119473974,3.712098262627599,1.3429718546416818,0.40314744371098954,0.018144686895950692,4.195310333265354,gps>10m,False,,,,,,,,,,,,,,,,,,,,,,,,,,
20260811_224202_660,session_20260811_224202_660.zip,tt,dashboard_center,100 Hz,56,1120.0,1140.0,322.92,324.7,-7.947304290721836,112.62528180526243,40.664835883135744,10.889770799095512,179,19.96757439332964,0.010000000000047748,1.2206189958279785,2.498241973024449,0.8545370302085943,0.45073076091838854,0.07238208447295423,2.012767457589042,gps>10m,False,,,,,,,,,,,,,,,,,,,,,,,,,,
20260811_224202_660,session_20260811_224202_660.zip,tt,dashboard_center,100 Hz,57,1140.0,1160.0,324.71,326.6,-7.947127182169281,112.62536655966494,37.766091600233025,10.58821004249993,190,19.865468030220654,0.010000000000047748,1.7023702071945388,3.1954062371296588,1.2062770626132147,0.35237025321281834,0.03771900760417157,2.5861655063059326,gps>10m,False,,,,,,,,,,,,,,,,,,,,,,,,,,
20260811_224202_660,session_20260811_224202_660.zip,tt,dashboard_center,100 Hz,58,1160.0,1180.0,326.61,328.63,-7.946960042225742,112.62542779959347,35.41883162965646,10.36371609688248,203,19.888504860359944,0.010000000000047748,1.8248991451105365,3.7341656604337605,1.3921524553589484,0.30168180273614653,0.05474240619862959,4.05612101938172,gps>10m,False,,,,,,,,,,,,,,,,,,,,,,,,,,
20260811_224202_660,session_20260811_224202_660.zip,tt,dashboard_center,100 Hz,59,1180.0,1200.0,328.64,330.35,-7.946778816249031,112.62547777170616,41.639308267305424,10.492322824836997,172,19.818529624080384,0.010000000000047748,1.346794351665045,2.4561429791706546,1.0092115972754525,0.5045783006954038,0.09335343338814006,0.9399606037407949,gps>10m,False,,,,,,,,,,,,,,,,,,,,,,,,,,
20260811_224202_660,session_20260811_224202_660.zip,tt,dashboard_center,100 Hz,60,1200.0,1220.0,330.36,331.97,-7.946599592762941,112.62552075315014,44.64516421875652,10.82844564030664,162,19.86968969234522,0.010000000000047748,1.8982708843019422,3.9155931121547645,1.349357158012777,0.3522953860067953,0.05152199626276547,2.6913433670016786,gps>10m,False,,,,,,,,,,,,,,,,,,,,,,,,,,
20260811_224202_660,session_20260811_224202_660.zip,tt,dashboard_center,100 Hz,61,1220.0,1240.0,331.98,333.68,-7.9464227969761705,112.62555475990402,42.1539405568922,10.5084736421366,171,19.918881031099772,0.010000000000047748,1.9555189610323387,3.9025352744833546,1.3886001961790542,0.40162898646311657,0.042400912313178885,1.4656318989078416,gps>10m,False,,,,,,,,,,,,,,,,,,,,,,,,,,
20260811_224202_660,session_20260811_224202_660.zip,tt,dashboard_center,100 Hz,62,1240.0,1260.0,333.69,335.6,-7.9462416201447885,112.62561130753019,37.472401494400906,10.5705151715689,192,19.919714894080244,0.010000000000047748,2.4752938913519076,5.005324440159978,1.803653235999618,0.35141065207114314,0.10137343162098887,4.8638119353588465,gps>10m,False,,,,,,,,,,,,,,,,,,,,,,,,,,
20260811_224202_660,session_20260811_224202_660.zip,tt,dashboard_center,100 Hz,63,1260.0,1280.0,335.61,339.94,-7.9460917406436415,112.62567649935983,16.309478712857008,10.994281407283134,434,19.90850838368965,0.010000000000047748,4.071519570020851,9.239106589397576,4.132530735809034,0.7534467028322915,2.536188049617814,9.05329730385381,gps>10m,False,,,,,,,,,,,,,,,,,,,,,,,,,,
20260811_224202_660,session_20260811_224202_660.zip,tt,dashboard_center,100 Hz,64,1280.0,1300.0,339.95,342.34000000000003,-7.945939269091534,112.62575387218119,30.48154201445552,10.383052941835405,240,19.903093227840372,0.010000000000047748,1.7338877123030452,2.913366470915946,2.015747173340276,0.45219101860060795,0.05355103109232594,0.7038792165814133,gps>10m,False,,,,,,,,,,,,,,,,,,,,,,,,,,
20260811_224202_660,session_20260811_224202_660.zip,tt,dashboard_center,100 Hz,65,1300.0,1320.0,342.35,344.56,-7.945765102722779,112.62583256909596,32.49061431495863,10.1463618080689,222,19.942780632634822,0.010000000000047748,3.9441605219432616,9.67949443910798,3.534495099062246,0.4011476707971514,0.5435833175167868,20.857823462493997,gps>10m,False,,,,,,,,,,,,,,,,,,,,,,,,,,
20260811_224202_660,session_20260811_224202_660.zip,tt,dashboard_center,100 Hz,66,1320.0,1340.0,344.57,346.88,-7.945605000973163,112.62590654941387,31.210474230016423,10.068559079670358,232,19.918384755169882,0.010000000000047748,2.2873422457562786,5.553457541426096,2.0964101894519396,0.4016389932383234,0.05252023188474102,2.063201263987654,gps>10m,False,,,,,,,,,,,,,,,,,,,,,,,,,,
20260811_224202_660,session_20260811_224202_660.zip,tt,dashboard_center,100 Hz,67,1340.0,1360.0,346.89,350.5,-7.945424733263314,112.62598696731453,19.78559082865325,10.022112105618834,362,19.939546745720236,0.010000000000047748,4.297984025024495,9.287844240595065,4.451593372499956,0.6519706874876823,0.3121363516250056,9.663727698222715,gps>10m,False,,,,,,,,,,,,,,,,,,,,,,,,,,
20260811_224202_660,session_20260811_224202_660.zip,tt,dashboard_center,100 Hz,68,1360.0,1380.0,350.51,354.0,-7.945288842877821,112.62604842442859,20.866753115929455,9.935,350,19.982920334794926,0.010000000000047748,2.7270949526091717,5.7459029083176425,2.959105853378812,0.6005128279025964,0.1505774560216305,7.154152397210639,OK,True,1360.0,1380.0,350.51,354.0,-7.945288842877821,112.62604842442859,20.866753115929455,9.935,350.0,19.982920334794926,0.010000000000047748,2.7270949526091717,5.7459029083176425,2.959105853378812,0.6005128279025964,0.1505774560216305,7.154152397210639,2.7270949526091717,5.7459029083176425,2.959105853378812,0.21866126254466373,7.154152397210639,82.7,0.0,Tinggi,False
20260811_224202_660,session_20260811_224202_660.zip,tt,dashboard_center,100 Hz,69,1380.0,1400.0,354.01,357.32,-7.9451153990039405,112.62615291895627,21.19658768507173,10.094592451365944,332,19.920805625760067,0.010000000000047748,4.182634456440526,7.9605955763586005,3.762763594516203,0.5019877302084993,0.3413113780966541,13.294247199020523,gps>10m,False,,,,,,,,,,,,,,,,,,,,,,,,,,
20260811_224202_660,session_20260811_224202_660.zip,tt,dashboard_center,100 Hz,70,1400.0,1420.0,357.33,359.85,-7.944949828622407,112.62624806778547,28.774518029555672,10.056658543010071,253,19.899692650335055,0.010000000000047748,2.5560236859964225,5.20585931667419,2.076674685680865,0.45226829168381477,0.14412137235526057,3.083052734788897,gps>10m,False,,,,,,,,,,,,,,,,,,,,,,,,,,
20260811_224202_660,session_20260811_224202_660.zip,tt,dashboard_center,100 Hz,71,1420.0,1440.0,359.86,362.90000000000003,-7.94479750076497,112.62634437277248,23.53231517381589,10.079616273383266,305,19.966184558914847,0.010000000000047748,3.361313815902427,6.866009360746206,3.0690220687014955,0.5509314995833057,0.1386044927141088,13.344378288462586,gps>10m,False,,,,,,,,,,,,,,,,,,,,,,,,,,
20260811_224202_660,session_20260811_224202_660.zip,tt,dashboard_center,100 Hz,72,1440.0,1460.0,362.91,365.42,-7.944772507878669,112.62650416021971,28.432498453799333,6.757843898691393,252,19.882728190850003,0.010000000000047748,2.170721516974148,3.971939920087757,2.2725735164412835,0.5029490874698967,0.5820479275792833,5.405768228099266,OK,True,1440.0,1460.0,362.91,365.42,-7.944772507878669,112.62650416021971,28.432498453799333,6.757843898691393,252.0,19.882728190850003,0.010000000000047748,2.170721516974148,3.971939920087757,2.2725735164412835,0.5029490874698967,0.5820479275792833,5.405768228099266,2.170721516974148,3.971939920087757,2.2725735164412835,0.6814707243375944,5.405768228099266,79.9,0.0,Tinggi,False
20260811_224202_660,session_20260811_224202_660.zip,tt,dashboard_center,100 Hz,73,1460.0,1480.0,365.43,367.6,-7.944798726415632,112.62668978963855,33.10572616654444,3.9864850425145892,218,19.878499922750052,0.010000000000047748,2.223422036049825,4.097562535926013,1.5476147687229882,0.5533616743087839,0.09321321637133499,5.017389304315961,OK,True,1460.0,1480.0,365.43,367.6,-7.944798726415632,112.62668978963855,33.10572616654444,3.9864850425145892,218.0,19.878499922750052,0.010000000000047748,2.223422036049825,4.097562535926013,1.5476147687229882,0.5533616743087839,0.09321321637133499,5.017389304315961,2.223422036049825,4.097562535926013,1.5476147687229882,0.0981667287214023,5.017389304315961,61.9,2.0,Sedang,False
20260811_224202_660,session_20260811_224202_660.zip,tt,dashboard_center,100 Hz,74,1480.0,1500.0,367.61,369.73,-7.9447860480363985,112.62687186540828,33.72567365400955,4.188359722483145,213,19.932176454829914,0.010000000000047748,2.1252398717073073,4.497358902291388,1.8045368157289794,0.3511909507656289,0.05185108867291022,3.5374797091039083,OK,True,1480.0,1500.0,367.61,369.73,-7.9447860480363985,112.62687186540828,33.72567365400955,4.188359722483145,213.0,19.932176454829914,0.010000000000047748,2.1252398717073073,4.497358902291388,1.8045368157289794,0.3511909507656289,0.05185108867291022,3.5374797091039083,2.1252398717073073,4.497358902291388,1.8045368157289794,0.053905880944711666,3.5374797091039083,57.6,2.0,Sedang,False
20260811_224202_660,session_20260811_224202_660.zip,tt,dashboard_center,100 Hz,75,1500.0,1520.0,369.74,371.54,-7.944806000365073,112.6270379457434,39.8065705444926,3.921770425673439,181,19.890471077730353,0.010000000000047748,1.898941341375542,3.4363437858214407,1.2941763316715127,0.45247797122696226,0.06460405014180395,2.218896955120688,OK,True,1500.0,1520.0,369.74,371.54,-7.944806000365073,112.6270379457434,39.8065705444926,3.921770425673439,181.0,19.890471077730353,0.010000000000047748,1.898941341375542,3.4363437858214407,1.2941763316715127,0.45247797122696226,0.06460405014180395,2.218896955120688,1.898941341375542,3.4363437858214407,1.2941763316715127,0.059844658916944724,2.218896955120688,33.8,2.0,Sedang,False
20260811_224202_660,session_20260811_224202_660.zip,tt,dashboard_center,100 Hz,76,1520.0,1540.0,371.55,373.35,-7.944870240478462,112.62720922978721,40.278958590874964,3.8423180634023275,181,19.861687587865163,0.010000000000047748,3.5930876519911403,7.8003320023386244,2.7665145571599172,0.2517409448658751,0.047769489983331484,3.5675114617802604,OK,True,1520.0,1540.0,371.55,373.35,-7.944870240478462,112.62720922978721,40.278958590874964,3.8423180634023275,181.0,19.861687587865163,0.010000000000047748,3.5930876519911403,7.8003320023386244,2.7665145571599172,0.2517409448658751,0.047769489983331484,3.5675114617802604,3.5930876519911403,7.8003320023386244,2.7665145571599172,0.043888423929879884,3.5675114617802604,88.5,0.0,Tinggi,True
20260811_224202_660,session_20260811_224202_660.zip,tt,dashboard_center,100 Hz,77,1540.0,1560.0,373.36,376.05,-7.944908445776031,112.62738625429022,26.394780142562443,3.806171432368667,270,19.990234086284772,0.010000000000047748,2.4613197417185373,5.755150148169957,2.386268211046621,0.5502686938292064,0.1060635875105443,8.637384328371,OK,True,1540.0,1560.0,373.36,376.05,-7.944908445776031,112.62738625429022,26.394780142562443,3.806171432368667,270.0,19.990234086284772,0.010000000000047748,2.4613197417185373,5.755150148169957,2.386268211046621,0.5502686938292064,0.1060635875105443,8.637384328371,2.4613197417185373,5.755150148169957,2.386268211046621,0.13077826569175088,8.637384328371,82.0,0.0,Tinggi,False
20260811_224202_660,session_20260811_224202_660.zip,tt,dashboard_center,100 Hz,78,1560.0,1580.0,376.06,380.82,-7.944916042939744,112.62753210803264,14.96561566449817,6.0413231540872445,477,19.90077294188518,0.010000000000047748,1.9575622121969756,4.11431447044338,2.166341977045153,0.9547367861280743,0.13575452605397398,3.536209947825628,OK,True,1560.0,1580.0,376.06,380.82,-7.944916042939744,112.62753210803264,14.96561566449817,6.0413231540872445,477.0,19.90077294188518,0.010000000000047748,1.9575622121969756,4.11431447044338,2.166341977045153,0.9547367861280743,0.13575452605397398,3.536209947825628,1.9575622121969756,4.11431447044338,2.166341977045153,0.24845652484681252,3.536209947825628,64.0,2.0,Sedang,False
20260811_224202_660,session_20260811_224202_660.zip,tt,dashboard_center,100 Hz,79,1580.0,1600.0,380.83,383.66,-7.944813414633815,112.62773896976194,25.62752011704722,10.220219589333059,284,19.964800718390507,0.010000000000047748,1.592262883020235,3.1737415234956083,1.2881378022749421,0.6010578402090556,0.032949902162075564,1.9797771258971144,gps>10m,False,,,,,,,,,,,,,,,,,,,,,,,,,,
20260811_224202_660,session_20260811_224202_660.zip,tt,dashboard_center,100 Hz,80,1600.0,1620.0,383.67,385.33,-7.94461406664634,112.62797838562797,42.90081972840934,9.160126272785476,167,19.813120024799673,0.010000000000047748,2.25974263048275,4.360435580008109,1.548321633058037,0.5047160662976455,0.5749020249394385,4.1647334609801465,OK,True,1600.0,1620.0,383.67,385.33,-7.94461406664634,112.62797838562797,42.90081972840934,9.160126272785476,167.0,19.813120024799673,0.010000000000047748,2.25974263048275,4.360435580008109,1.548321633058037,0.5047160662976455,0.5749020249394385,4.1647334609801465,2.25974263048275,4.360435580008109,1.548321633058037,0.5055100908497256,4.1647334609801465,69.8,0.0,Tinggi,False
20260811_224202_660,session_20260811_224202_660.zip,tt,dashboard_center,100 Hz,81,1620.0,1640.0,385.34000000000003,386.92,-7.944455094904932,112.62809899020667,45.47072001671086,7.498658019970794,159,19.89258867016474,0.010000000000047748,1.7853840668636491,3.613685246233261,1.2389131718748891,0.4524298043471014,0.495081689747824,2.130060178120135,OK,True,1620.0,1640.0,385.34000000000003,386.92,-7.944455094904932,112.62809899020667,45.47072001671086,7.498658019970794,159.0,19.89258867016474,0.010000000000047748,1.7853840668636491,3.613685246233261,1.2389131718748891,0.4524298043471014,0.495081689747824,2.130060178120135,1.7853840668636491,3.613685246233261,1.2389131718748891,0.4180477606324331,2.130060178120135,32.4,2.0,Sedang,False
20260811_224202_660,session_20260811_224202_660.zip,tt,dashboard_center,100 Hz,82,1640.0,1660.0,386.93,388.51,-7.944305480440494,112.62820949538737,45.40161928751027,5.697976395313604,159,19.933571130984774,0.010000000000047748,2.141773270201705,3.6091469336367004,1.3536055545645898,0.3511663792705558,0.026955236246325204,4.267686442592167,OK,True,1640.0,1660.0,386.93,388.51,-7.944305480440494,112.62820949538737,45.40161928751027,5.697976395313604,159.0,19.933571130984774,0.010000000000047748,2.141773270201705,3.6091469336367004,1.3536055545645898,0.3511663792705558,0.026955236246325204,4.267686442592167,2.141773270201705,3.6091469336367004,1.3536055545645898,0.022785151602762087,4.267686442592167,43.9,2.0,Sedang,False
20260811_224202_660,session_20260811_224202_660.zip,tt,dashboard_center,100 Hz,83,1660.0,1680.0,388.52,390.28000000000003,-7.944142888820218,112.62831105052793,40.977651967665736,4.578618426653498,177,19.881687300580552,0.010000000000047748,3.365795947082462,6.493399874739636,2.414380189822434,0.3017852513868276,0.016901034674311595,5.8965899954686645,OK,True,1660.0,1680.0,388.52,390.28000000000003,-7.944142888820218,112.62831105052793,40.977651967665736,4.578618426653498,177.0,19.881687300580552,0.010000000000047748,3.365795947082462,6.493399874739636,2.414380189822434,0.3017852513868276,0.016901034674311595,5.8965899954686645,3.365795947082462,6.493399874739636,2.414380189822434,0.015343126848703186,5.8965899954686645,82.7,0.0,Tinggi,False
20260811_224202_660,session_20260811_224202_660.zip,tt,dashboard_center,100 Hz,84,1680.0,1700.0,390.29,392.17,-7.944002158748963,112.6284284293471,37.556045542963915,4.229681064772251,189,19.898906849259674,0.010000000000047748,1.7873637065980696,3.6775738637847115,1.4345979463124927,0.35177811791507685,0.1564735324799262,4.113575398863069,OK,True,1680.0,1700.0,390.29,392.17,-7.944002158748963,112.6284284293471,37.556045542963915,4.229681064772251,189.0,19.898906849259674,0.010000000000047748,1.7873637065980696,3.6775738637847115,1.4345979463124927,0.35177811791507685,0.1564735324799262,4.113575398863069,1.7873637065980696,3.6775738637847115,1.4345979463124927,0.15093832412547653,4.113575398863069,53.2,2.0,Sedang,False
20260811_224202_660,session_20260811_224202_660.zip,tt,dashboard_center,100 Hz,85,1700.0,1720.0,392.18,393.90000000000003,-7.943848749887681,112.62854236134817,41.5268945968981,3.9569929044267114,173,19.77874647985027,0.010000000000047748,2.2492807916136566,3.945184709289002,1.5673995472300288,0.4044745711337194,0.39777603708801174,2.040816352430203,OK,True,1700.0,1720.0,392.18,393.90000000000003,-7.943848749887681,112.62854236134817,41.5268945968981,3.9569929044267114,173.0,19.77874647985027,0.010000000000047748,2.2492807916136566,3.945184709289002,1.5673995472300288,0.4044745711337194,0.39777603708801174,2.040816352430203,2.2492807916136566,3.945184709289002,1.5673995472300288,0.35777853475101146,2.040816352430203,60.4,2.0,Sedang,False
20260811_224202_660,session_20260811_224202_660.zip,tt,dashboard_center,100 Hz,86,1720.0,1740.0,393.91,395.62,-7.943689948922313,112.62862321980431,42.030935271973824,3.8098874108235163,172,19.903287063044672,0.010000000000047748,2.0934969993532286,3.556690242993943,1.3902173965840505,0.4521866147783551,0.10569739133132007,4.847131495187521,OK,True,1720.0,1740.0,393.91,395.62,-7.943689948922313,112.62862321980431,42.030935271973824,3.8098874108235163,172.0,19.903287063044672,0.010000000000047748,2.0934969993532286,3.556690242993943,1.3902173965840505,0.4521866147783551,0.10569739133132007,4.847131495187521,2.0934969993532286,3.556690242993943,1.3902173965840505,0.09427419450064317,4.847131495187521,48.2,2.0,Sedang,False
20260811_224202_660,session_20260811_224202_660.zip,tt,dashboard_center,100 Hz,87,1740.0,1760.0,395.63,397.58,-7.943527814693585,112.62871250167592,36.85663588512563,3.8925005812286892,196,19.968989470929955,0.010000000000047748,2.0276970810396504,3.619464147892758,1.4139039111411744,0.3004658802957734,0.12299096511407374,3.130132934564412,OK,True,1740.0,1760.0,395.63,397.58,-7.943527814693585,112.62871250167592,36.85663588512563,3.8925005812286892,196.0,19.968989470929955,0.010000000000047748,2.0276970810396504,3.619464147892758,1.4139039111411744,0.3004658802957734,0.12299096511407374,3.130132934564412,2.0276970810396504,3.619464147892758,1.4139039111411744,0.12020281491983309,3.130132934564412,50.4,2.0,Sedang,False
20260811_224202_660,session_20260811_224202_660.zip,tt,dashboard_center,100 Hz,88,1760.0,1780.0,397.59000000000003,399.91,-7.94336742823596,112.62877756326343,30.799482262405302,4.010178207745279,233,19.84274939920465,0.010000000000047748,1.9762534406579084,3.5133244714065754,1.3673187278860786,0.4535661776971665,0.05074984248927416,3.7933928137100232,OK,True,1760.0,1780.0,397.59000000000003,399.91,-7.94336742823596,112.62877756326343,30.799482262405302,4.010178207745279,233.0,19.84274939920465,0.010000000000047748,1.9762534406579084,3.5133244714065754,1.3673187278860786,0.4535661776971665,0.05074984248927416,3.7933928137100232,1.9762534406579084,3.5133244714065754,1.3673187278860786,0.05620176120979906,3.7933928137100232,46.8,2.0,Sedang,False
20260811_224202_660,session_20260811_224202_660.zip,tt,dashboard_center,100 Hz,89,1780.0,1800.0,399.92,402.47,-7.943209082175308,112.62887775391172,28.186777582319877,5.195310230137692,256,19.95163641732006,0.010000000000047748,1.684106372416398,3.5130985146316838,1.3223787108075085,0.5513332224945156,0.11508889304742448,2.1753662160723977,OK,True,1780.0,1800.0,399.92,402.47,-7.943209082175308,112.62887775391172,28.186777582319877,5.195310230137692,256.0,19.95163641732006,0.010000000000047748,1.684106372416398,3.5130985146316838,1.3223787108075085,0.5513332224945156,0.11508889304742448,2.1753662160723977,1.684106372416398,3.5130985146316838,1.3223787108075085,0.13556443052146092,2.1753662160723977,34.5,2.0,Sedang,False
20260811_224202_660,session_20260811_224202_660.zip,tt,dashboard_center,100 Hz,90,1800.0,1820.0,402.48,404.89,-7.943017569663715,112.62896298381688,29.791683187835062,6.42094951222458,242,19.907532545614686,0.010000000000047748,1.449478497437545,3.0138243028039966,1.1265223081312006,0.4520901814113853,0.02371881387431231,1.783380836973862,OK,True,1800.0,1820.0,402.48,404.89,-7.943017569663715,112.62896298381688,29.791683187835062,6.42094951222458,242.0,19.907532545614686,0.010000000000047748,1.449478497437545,3.0138243028039966,1.1265223081312006,0.4520901814113853,0.02371881387431231,1.783380836973862,1.449478497437545,3.0138243028039966,1.1265223081312006,0.02688222469654743,1.783380836973862,18.0,1.0,Rendah,False
20260811_224202_660,session_20260811_224202_660.zip,tt,dashboard_center,100 Hz,91,1820.0,1840.0,404.90000000000003,407.51,-7.942840774329301,112.62903184496817,27.480136578970892,8.256032590890758,262,19.923992258894486,0.010000000000047748,1.7626362764517987,2.9896008069490754,1.2825299151065561,0.5019074425476044,0.015908900849821557,2.6667544130709984,OK,True,1820.0,1840.0,404.90000000000003,407.51,-7.942840774329301,112.62903184496817,27.480136578970892,8.256032590890758,262.0,19.923992258894486,0.010000000000047748,1.7626362764517987,2.9896008069490754,1.2825299151065561,0.5019074425476044,0.015908900849821557,2.6667544130709984,1.7626362764517987,2.9896008069490754,1.2825299151065561,0.019073382119963737,2.6667544130709984,29.5,1.0,Rendah,False
20260811_224202_660,session_20260811_224202_660.zip,tt,dashboard_center,100 Hz,92,1840.0,1860.0,407.52,410.16,-7.942638130773464,112.6291108894445,26.708955999772208,5.746880173805679,265,19.9054319675854,0.010000000000047748,2.573891264400436,5.367675701065402,2.1542245697512885,0.4019003462485737,0.06826250055950171,4.289340035384179,OK,True,1840.0,1860.0,407.52,410.16,-7.942638130773464,112.6291108894445,26.708955999772208,5.746880173805679,265.0,19.9054319675854,0.010000000000047748,2.573891264400436,5.367675701065402,2.1542245697512885,0.4019003462485737,0.06826250055950171,4.289340035384179,2.573891264400436,5.367675701065402,2.1542245697512885,0.0834784677959079,4.289340035384179,77.0,0.0,Tinggi,False
20260811_224202_660,session_20260811_224202_660.zip,tt,dashboard_center,100 Hz,93,1860.0,1880.0,410.17,412.48,-7.942478218285883,112.62917178067804,31.264006399934125,5.273232543680158,232,19.94682840979499,0.010000000000047748,1.9293304949119006,3.6071584094686284,1.5829204866142983,0.3007996999188939,0.02591385629587703,1.8089591991697216,OK,True,1860.0,1880.0,410.17,412.48,-7.942478218285883,112.62917178067804,31.264006399934125,5.273232543680158,232.0,19.94682840979499,0.010000000000047748,1.9293304949119006,3.6071584094686284,1.5829204866142983,0.3007996999188939,0.02591385629587703,1.8089591991697216,1.9293304949119006,3.6071584094686284,1.5829204866142983,0.02840023950326534,1.8089591991697216,43.2,2.0,Sedang,False
20260811_224202_660,session_20260811_224202_660.zip,tt,dashboard_center,100 Hz,94,1880.0,1900.0,412.49,414.52,-7.942293651594627,112.62923095818613,35.66225022774848,4.80322119426821,204,19.92883716012966,0.010000000000047748,1.6883751574612977,3.2028485628591303,1.2183303613526475,0.35124979665168066,0.15150742993268362,3.1171766289598257,OK,True,1880.0,1900.0,412.49,414.52,-7.942293651594627,112.62923095818613,35.66225022774848,4.80322119426821,204.0,19.92883716012966,0.010000000000047748,1.6883751574612977,3.2028485628591303,1.2183303613526475,0.35124979665168066,0.15150742993268362,3.1171766289598257,1.6883751574612977,3.2028485628591303,1.2183303613526475,0.15150742993268362,3.1171766289598257,28.8,2.0,Sedang,False
20260811_224202_660,session_20260811_224202_660.zip,tt,dashboard_center,100 Hz,95,1900.0,1920.0,414.53000000000003,416.77,-7.94211792493443,112.62925982248927,31.86800396202602,4.238290300890196,225,19.85475348628438,0.010000000000047748,1.5143708481556744,2.7939667661498593,1.0821304000874443,0.5540234990879527,0.09258910625750436,2.0028051192846115,OK,True,1900.0,1920.0,414.53000000000003,416.77,-7.94211792493443,112.62925982248927,31.86800396202602,4.238290300890196,225.0,19.85475348628438,0.010000000000047748,1.5143708481556744,2.7939667661498593,1.0821304000874443,0.5540234990879527,0.09258910625750436,2.0028051192846115,1.5143708481556744,2.7939667661498593,1.0821304000874443,0.1001302693372052,2.0028051192846115,15.1,1.0,Rendah,False
20260811_224202_660,session_20260811_224202_660.zip,tt,dashboard_center,100 Hz,96,1920.0,1940.0,416.78000000000003,419.27,-7.941930085265847,112.62928216775002,29.022542524768085,3.79,250,19.97801298358968,0.010000000000047748,3.1209788774079303,6.222368977179734,2.5205148414152325,0.3503851962529974,1.9593384247690544,4.250137468379645,OK,True,1920.0,1940.0,416.78000000000003,419.27,-7.941930085265847,112.62928216775002,29.022542524768085,3.79,250.0,19.97801298358968,0.010000000000047748,3.1209788774079303,6.222368977179734,2.5205148414152325,0.3503851962529974,1.9593384247690544,4.250137468379645,3.1209788774079303,6.222368977179734,2.5205148414152325,2.261458947474368,4.250137468379645,87.1,0.0,Tinggi,False
20260811_224202_660,session_20260811_224202_660.zip,tt,dashboard_center,100 Hz,97,1940.0,1960.0,419.28000000000003,422.16,-7.941757827345698,112.62933379829161,24.774387706596446,3.79,289,19.926578593379872,0.010000000000047748,2.8583798591961833,5.087613601449719,2.302855859722614,0.45165806853515905,0.23862549047826997,7.262431615891763,OK,True,1940.0,1960.0,419.28000000000003,422.16,-7.941757827345698,112.62933379829161,24.774387706596446,3.79,289.0,19.926578593379872,0.010000000000047748,2.8583798591961833,5.087613601449719,2.302855859722614,0.45165806853515905,0.23862549047826997,7.262431615891763,2.8583798591961833,5.087613601449719,2.302855859722614,0.3074952528694107,7.262431615891763,81.3,0.0,Tinggi,False
20260811_224202_660,session_20260811_224202_660.zip,tt,dashboard_center,100 Hz,98,1960.0,1980.0,422.17,426.83,-7.941608566005742,112.62937557925737,15.498788784897846,3.8752084743528923,467,19.899506548089676,0.010000000000047748,1.9565612269564254,3.754772806478046,1.8125744114206739,0.8542925403158791,0.2131047742350122,2.4502813114024606,OK,True,1960.0,1980.0,422.17,426.83,-7.941608566005742,112.62937557925737,15.498788784897846,3.8752084743528923,467.0,19.899506548089676,0.010000000000047748,1.9565612269564254,3.754772806478046,1.8125744114206739,0.8542925403158791,0.2131047742350122,2.4502813114024606,1.9565612269564254,3.754772806478046,1.8125744114206739,0.38063337615085824,2.4502813114024606,51.8,2.0,Sedang,False
20260811_224202_660,session_20260811_224202_660.zip,tt,dashboard_center,100 Hz,99,1980.0,2000.0,426.84000000000003,429.48,-7.941508059666781,112.62922453096559,26.9602717484976,4.970188332504619,265,19.97006244459999,0.010000000000047748,1.7904064831004713,3.4424574166560693,1.4912678544044755,0.5508245169746306,0.3775895895917667,2.9071826737504947,OK,True,1980.0,2000.0,426.84000000000003,429.48,-7.941508059666781,112.62922453096559,26.9602717484976,4.970188332504619,265.0,19.97006244459999,0.010000000000047748,1.7904064831004713,3.4424574166560693,1.4912678544044755,0.5508245169746306,0.3775895895917667,2.9071826737504947,1.7904064831004713,3.4424574166560693,1.4912678544044755,0.45875535300040793,2.9071826737504947,48.9,2.0,Sedang,False
20260811_224202_660,session_20260811_224202_660.zip,tt,dashboard_center,100 Hz,100,2000.0,2020.0,429.49,431.54,-7.941440012880571,112.6290331280104,35.03032578382595,7.597174016760762,206,19.86384033349509,0.010000000000047748,1.8987873903126165,3.519112430071699,1.3580482335813762,0.453084592349642,0.25842496365607753,2.2059415921970293,OK,True,2000.0,2020.0,429.49,431.54,-7.941440012880571,112.6290331280104,35.03032578382595,7.597174016760762,206.0,19.86384033349509,0.010000000000047748,1.8987873903126165,3.519112430071699,1.3580482335813762,0.453084592349642,0.25842496365607753,2.2059415921970293,1.8987873903126165,3.519112430071699,1.3580482335813762,0.2616610678973398,2.2059415921970293,41.7,2.0,Sedang,False
20260811_224202_660,session_20260811_224202_660.zip,tt,dashboard_center,100 Hz,101,2020.0,2040.0,431.55,433.52,-7.941329095239496,112.62887800416576,36.27234404240431,7.88022732509806,198,19.875986119584695,0.010000000000047748,1.7557698840846045,3.434118093837274,1.3006288308492693,0.45280772213520004,0.21708501973002792,2.2535992763679955,OK,True,2020.0,2040.0,431.55,433.52,-7.941329095239496,112.62887800416576,36.27234404240431,7.88022732509806,198.0,19.875986119584695,0.010000000000047748,1.7557698840846045,3.434118093837274,1.3006288308492693,0.45280772213520004,0.21708501973002792,2.2535992763679955,1.7557698840846045,3.434118093837274,1.3006288308492693,0.21453691250953807,2.2535992763679955,35.3,2.0,Sedang,False
20260811_224202_660,session_20260811_224202_660.zip,tt,dashboard_center,100 Hz,102,2040.0,2060.0,433.53000000000003,435.28000000000003,-7.941224289801322,112.6286874044856,40.96495922106924,8.40857346365793,176,19.950988160605448,0.010000000000047748,2.17439276500982,4.111211578497257,1.51238259819482,0.30073698363710116,0.05240879937868515,1.4432139467123895,OK,True,2040.0,2060.0,433.53000000000003,435.28000000000003,-7.941224289801322,112.6286874044856,40.96495922106924,8.40857346365793,176.0,19.950988160605448,0.010000000000047748,2.17439276500982,4.111211578497257,1.51238259819482,0.30073698363710116,0.05240879937868515,1.4432139467123895,2.17439276500982,4.111211578497257,1.51238259819482,0.047588108596729226,1.4432139467123895,56.8,2.0,Sedang,False
20260811_224202_660,session_20260811_224202_660.zip,tt,dashboard_center,100 Hz,103,2060.0,2080.0,435.29,437.01,-7.941144895539522,112.62850546820607,41.49121675874628,6.166313839575133,173,19.820215355569417,0.010000000000047748,1.9773339315877723,3.514276871370648,1.4261199939614106,0.5045353857464536,0.09040462502824609,1.8806936137131176,OK,True,2060.0,2080.0,435.29,437.01,-7.941144895539522,112.62850546820607,41.49121675874628,6.166313839575133,173.0,19.820215355569417,0.010000000000047748,1.9773339315877723,3.514276871370648,1.4261199939614106,0.5045353857464536,0.09040462502824609,1.8806936137131176,1.9773339315877723,3.514276871370648,1.4261199939614106,0.08136284836578415,1.8806936137131176,36.0,2.0,Sedang,False
20260811_224202_660,session_20260811_224202_660.zip,tt,dashboard_center,100 Hz,104,2080.0,2100.0,437.02,438.87,-7.941049909804791,112.62835339974163,39.016884188728326,6.486568609814972,186,19.968296629470387,0.010000000000047748,1.591277188015489,2.9685898575381335,1.13248201224234,0.35055568984632307,0.05728608943959472,1.8407807377462166,OK,True,2080.0,2100.0,437.02,438.87,-7.941049909804791,112.62835339974163,39.016884188728326,6.486568609814972,186.0,19.968296629470387,0.010000000000047748,1.591277188015489,2.9685898575381335,1.13248201224234,0.35055568984632307,0.05728608943959472,1.8407807377462166,1.591277188015489,2.9685898575381335,1.13248201224234,0.053811130025192375,1.8407807377462166,19.4,1.0,Rendah,False
20260811_224202_660,session_20260811_224202_660.zip,tt,dashboard_center,100 Hz,105,2100.0,2120.0,438.88,440.89,-7.94094888667053,112.62817773661232,35.84224174730934,6.417349814980149,202,19.90152000662465,0.010000000000047748,2.029735253356408,3.6233597959835255,1.3917030257072145,0.45222676443830195,0.08317141008370327,3.8750294980336313,OK,True,2100.0,2120.0,438.88,440.89,-7.94094888667053,112.62817773661232,35.84224174730934,6.417349814980149,202.0,19.90152000662465,0.010000000000047748,2.029735253356408,3.6233597959835255,1.3917030257072145,0.45222676443830195,0.08317141008370327,3.8750294980336313,2.029735253356408,3.6233597959835255,1.3917030257072145,0.08288046369307617,3.8750294980336313,48.9,2.0,Sedang,False
20260811_224202_660,session_20260811_224202_660.zip,tt,dashboard_center,100 Hz,106,2120.0,2140.0,440.90000000000003,443.24,-7.940892812101023,112.6280125794855,30.16786505098577,8.501582279849703,235,19.894816817634364,0.010000000000047748,1.3173153594054778,2.521063477484483,1.0724456969256475,0.502643482051878,0.04814389162104792,2.0794170276768003,OK,True,2120.0,2140.0,440.90000000000003,443.24,-7.940892812101023,112.6280125794855,30.16786505098577,8.501582279849703,235.0,19.894816817634364,0.010000000000047748,1.3173153594054778,2.521063477484483,1.0724456969256475,0.502643482051878,0.04814389162104792,2.0794170276768003,1.3173153594054778,2.521063477484483,1.0724456969256475,0.054090400807786015,2.0794170276768003,14.4,1.0,Rendah,False
20260811_224202_660,session_20260811_224202_660.zip,tt,dashboard_center,100 Hz,107,2140.0,2160.0,443.25,445.45,-7.940805665400053,112.62784963195978,32.62814711282154,11.088877710328926,221,19.93433519891005,0.010000000000047748,2.673376112962845,5.51588478647939,2.006486589335465,0.45148232485285456,0.911843786362559,6.20517645578815,gps>10m,False,,,,,,,,,,,,,,,,,,,,,,,,,,
20260811_224202_660,session_20260811_224202_660.zip,tt,dashboard_center,100 Hz,108,2160.0,2180.0,445.46000000000004,447.29,-7.940724288865109,112.62766459449136,39.340837273397725,11.571038729745466,184,19.882957499294662,0.010000000000047748,1.919691074570238,3.80488769242539,1.3813615566093158,0.4526489583010611,0.27180038506210885,2.9015107013059227,gps>10m,False,,,,,,,,,,,,,,,,,,,,,,,,,,
20260811_224202_660,session_20260811_224202_660.zip,tt,dashboard_center,100 Hz,109,2180.0,2200.0,447.3,449.05,-7.940609509826985,112.62749453460513,40.44382182960376,12.099178510496266,176,19.848519460574607,0.010000000000047748,1.8231203611114026,3.9759790663191223,1.3286325055101944,0.503815915331274,0.17037125703984085,1.4710423634153016,gps>10m,False,,,,,,,,,,,,,,,,,,,,,,,,,,
20260811_224202_660,session_20260811_224202_660.zip,tt,dashboard_center,100 Hz,110,2200.0,2220.0,449.06,450.66,-7.940548230399119,112.62727413349836,45.30889377850137,10.716507240131222,161,19.91503445659555,0.010000000000047748,2.5121290587762686,4.3664425617416125,1.6347140222034657,0.3514932407099958,0.22195808150128596,7.27566021648776,gps>10m,False,,,,,,,,,,,,,,,,,,,,,,,,,,
20260811_224202_660,session_20260811_224202_660.zip,tt,dashboard_center,100 Hz,111,2220.0,2240.0,450.67,452.35,-7.940468076134363,112.62706297775325,42.22271329119116,8.450830915503943,169,19.8338379068,0.010000000000047748,3.0575330953975093,5.473956490127987,2.1266800042814262,0.45376996838894024,0.25625350314294965,4.399975221217071,OK,True,2220.0,2240.0,450.67,452.35,-7.940468076134363,112.62706297775325,42.22271329119116,8.450830915503943,169.0,19.8338379068,0.010000000000047748,3.0575330953975093,5.473956490127987,2.1266800042814262,0.45376996838894024,0.25625350314294965,4.399975221217071,3.0575330953975093,5.473956490127987,2.1266800042814262,0.22783591901701872,4.399975221217071,76.3,0.0,Tinggi,False
20260811_224202_660,session_20260811_224202_660.zip,tt,dashboard_center,100 Hz,112,2240.0,2260.0,452.36,454.05,-7.940378912466345,112.62688868013377,42.853633742291194,10.413742330923458,170,19.931822469180133,0.010000000000047748,2.048573472111882,4.128195290703535,1.5526046947242316,0.40136821469136175,0.4341979303048199,1.9175776030075993,gps>10m,False,,,,,,,,,,,,,,,,,,,,,,,,,,
20260811_224202_660,session_20260811_224202_660.zip,tt,dashboard_center,100 Hz,113,2260.0,2280.0,454.06,455.88,-7.940315182979022,112.62671797195223,38.99794133395499,8.961754573403885,183,19.845691564024946,0.010000000000047748,2.0630688578776133,4.021663646802684,1.4889447841590557,0.25194385309624046,0.35211354231826886,2.585174922902764,OK,True,2260.0,2280.0,454.06,455.88,-7.940315182979022,112.62671797195223,38.99794133395499,8.961754573403885,183.0,19.845691564024946,0.010000000000047748,2.0630688578776133,4.021663646802684,1.4889447841590557,0.25194385309624046,0.35211354231826886,2.585174922902764,2.0630688578776133,4.021663646802684,1.4889447841590557,0.33086624765974526,2.585174922902764,55.4,2.0,Sedang,False
20260811_224202_660,session_20260811_224202_660.zip,tt,dashboard_center,100 Hz,114,2280.0,2300.0,455.89,458.09000000000003,-7.940228714136972,112.62655269809385,32.09726312957554,9.22809850480409,221,19.948677106155174,0.010000000000047748,2.2497985237880154,4.404449533726291,1.7106043718961284,0.3509004613564148,0.05680174073517416,4.454787960152911,OK,True,2280.0,2300.0,455.89,458.09000000000003,-7.940228714136972,112.62655269809385,32.09726312957554,9.22809850480409,221.0,19.948677106155174,0.010000000000047748,2.2497985237880154,4.404449533726291,1.7106043718961284,0.3509004613564148,0.05680174073517416,4.454787960152911,2.2497985237880154,4.404449533726291,1.7106043718961284,0.06112237045477484,4.454787960152911,67.6,0.0,Tinggi,False
20260811_224202_660,session_20260811_224202_660.zip,tt,dashboard_center,100 Hz,115,2300.0,2320.0,458.1,460.34000000000003,-7.94017275545467,112.62638605419238,32.519727799903556,9.514587388297494,225,19.864095570410427,0.010000000000047748,3.2594718955545092,6.978641246047816,2.5937828872799606,0.40273668497229775,0.4372102015029603,13.440894201452922,OK,True,2300.0,2320.0,458.1,460.34000000000003,-7.94017275545467,112.62638605419238,32.519727799903556,9.514587388297494,225.0,19.864095570410427,0.010000000000047748,3.2594718955545092,6.978641246047816,2.5937828872799606,0.40273668497229775,0.4372102015029603,13.440894201452922,3.2594718955545092,6.978641246047816,2.5937828872799606,0.4662039464661177,13.440894201452922,89.2,0.0,Tinggi,True
20260811_224202_660,session_20260811_224202_660.zip,tt,dashboard_center,100 Hz,116,2320.0,2340.0,460.35,462.63,-7.940107692737788,112.62622782230859,31.476838730539075,11.192800399728805,229,19.925935453365128,0.010000000000047748,3.7008302049874415,7.599199071643103,3.144547478287888,0.4516726464894808,0.8482566953603207,15.557647787416741,gps>10m,False,,,,,,,,,,,,,,,,,,,,,,,,,,
20260811_224202_660,session_20260811_224202_660.zip,tt,dashboard_center,100 Hz,117,2340.0,2360.0,462.64,464.95,-7.9400234053043,112.62606263788882,30.922899153127773,10.15248967620192,232,19.931753465470138,0.010000000000047748,1.7303953669752639,3.4027002131160033,1.3184294811453556,0.5518832058130987,0.5067754935577521,1.5619930993534359,gps>10m,False,,,,,,,,,,,,,,,,,,,,,,,,,,
20260811_224202_660,session_20260811_224202_660.zip,tt,dashboard_center,100 Hz,118,2360.0,2380.0,464.96000000000004,466.66,-7.93990847035653,112.62584688046077,42.175575609772366,9.080564911545274,171,19.84089950093994,0.010000000000047748,2.0359335923443136,3.65912824668069,1.404552948723167,0.2520047037062574,0.3016543791788107,3.614893954031502,OK,True,2360.0,2380.0,464.96000000000004,466.66,-7.93990847035653,112.62584688046077,42.175575609772366,9.080564911545274,171.0,19.84089950093994,0.010000000000047748,2.0359335923443136,3.65912824668069,1.404552948723167,0.2520047037062574,0.3016543791788107,3.614893954031502,2.0359335923443136,3.65912824668069,1.404552948723167,0.2684106175353798,3.614893954031502,54.0,2.0,Sedang,False
20260811_224202_660,session_20260811_224202_660.zip,tt,dashboard_center,100 Hz,119,2380.0,2400.0,466.67,468.39,-7.939817816022265,112.62568671720143,41.656465151318855,9.825817030714715,173,19.904538285399667,0.010000000000047748,2.455653674203086,5.667020690375468,1.8490402037700189,0.40191839093640985,0.17394721761478804,7.558208324292241,OK,True,2380.0,2400.0,466.67,468.39,-7.939817816022265,112.62568671720143,41.656465151318855,9.825817030714715,173.0,19.904538285399667,0.010000000000047748,2.455653674203086,5.667020690375468,1.8490402037700189,0.40191839093640985,0.17394721761478804,7.558208324292241,2.455653674203086,5.667020690375468,1.8490402037700189,0.15611743353576682,7.558208324292241,74.1,0.0,Tinggi,False
20260811_224202_660,session_20260811_224202_660.zip,tt,dashboard_center,100 Hz,120,2400.0,2420.0,468.40000000000003,470.16,-7.9397216996163085,112.62551964787507,41.17755180195837,10.76693455186517,177,19.90604949119961,0.010000000000047748,1.6035515567400453,2.9673919536322377,1.1180030248407353,0.4018878785334463,0.019928621687266786,2.88895149335952,gps>10m,False,,,,,,,,,,,,,,,,,,,,,,,,,,
20260811_224202_660,session_20260811_224202_660.zip,tt,dashboard_center,100 Hz,121,2420.0,2440.0,470.17,472.13,-7.939599087993277,112.62532726390563,36.0485759898778,9.941035101134155,197,19.853865221414708,0.010000000000047748,2.2494243749784046,3.990720949996838,1.5479850357013423,0.4029442081318789,0.07168312236711363,5.182808164632138,OK,True,2420.0,2440.0,470.17,472.13,-7.939599087993277,112.62532726390563,36.0485759898778,9.941035101134155,197.0,19.853865221414708,0.010000000000047748,2.2494243749784046,3.990720949996838,1.5479850357013423,0.4029442081318789,0.07168312236711363,5.182808164632138,2.2494243749784046,3.990720949996838,1.5479850357013423,0.0711475199832973,5.182808164632138,59.0,2.0,Sedang,False
20260811_224202_660,session_20260811_224202_660.zip,tt,dashboard_center,100 Hz,122,2440.0,2460.0,472.14,474.58,-7.939543998752624,112.62516322521495,29.443467070941537,10.713180603326276,245,19.929924957455114,0.010000000000047748,1.4234323189965792,2.6872736148870717,1.0519100999060542,0.6021096429422934,0.01603765774537928,1.5438869370527137,gps>10m,False,,,,,,,,,,,,,,,,,,,,,,,,,,
20260811_224202_660,session_20260811_224202_660.zip,tt,dashboard_center,100 Hz,123,2460.0,2480.0,474.59000000000003,479.14,-7.939530607581901,112.6250320953693,15.544895211243688,10.73799617919656,456,19.93641851090979,0.010000000000047748,1.7505780035814222,3.306429358588485,1.5666187783373307,0.7523919099005453,0.05679272655607719,3.1792112935418397,gps>10m,False,,,,,,,,,,,,,,,,,,,,,,,,,,
20260811_224202_660,session_20260811_224202_660.zip,tt,dashboard_center,100 Hz,124,2480.0,2500.0,479.15000000000003,481.33,-7.939690405660549,112.62482288897266,33.42653949366512,8.494371328048523,219,19.992160754639826,0.010000000000047748,1.5781663308246918,2.943019514576004,1.1652993697202874,0.35013724058693474,0.06733865035501113,2.7151996474456244,OK,True,2480.0,2500.0,479.15000000000003,481.33,-7.939690405660549,112.62482288897266,33.42653949366512,8.494371328048523,219.0,19.992160754639826,0.010000000000047748,1.5781663308246918,2.943019514576004,1.1652993697202874,0.35013724058693474,0.06733865035501113,2.7151996474456244,1.5781663308246918,2.943019514576004,1.1652993697202874,0.07044268522206355,2.7151996474456244,24.5,1.0,Rendah,False
20260811_224202_660,session_20260811_224202_660.zip,tt,dashboard_center,100 Hz,125,2500.0,2520.0,481.34000000000003,483.09000000000003,-7.939835128412656,112.62465645993741,40.98265070367266,8.850545755704804,176,19.849939558015194,0.010000000000047748,1.7436388648701604,3.1611284060291114,1.2061666657447805,0.40302389720726806,0.02214730165656031,2.033119111934265,OK,True,2500.0,2520.0,481.34000000000003,483.09000000000003,-7.939835128412656,112.62465645993741,40.98265070367266,8.850545755704804,176.0,19.849939558015194,0.010000000000047748,1.7436388648701604,3.1611284060291114,1.2061666657447805,0.40302389720726806,0.02214730165656031,2.033119111934265,1.7436388648701604,3.1611284060291114,1.2061666657447805,0.020104095089435465,2.033119111934265,25.2,1.0,Rendah,False
20260811_224202_660,session_20260811_224202_660.zip,tt,dashboard_center,100 Hz,126,2520.0,2540.0,483.1,484.71000000000004,-7.939966467995362,112.62449994460907,44.50344458457155,8.236309574281533,162,19.92459536169008,0.010000000000047748,1.678142621880121,3.3390463519394045,1.1515137460624194,0.40151380014381427,0.03307537352917588,3.139458123103273,OK,True,2520.0,2540.0,483.1,484.71000000000004,-7.939966467995362,112.62449994460907,44.50344458457155,8.236309574281533,162.0,19.92459536169008,0.010000000000047748,1.678142621880121,3.3390463519394045,1.1515137460624194,0.40151380014381427,0.03307537352917588,3.139458123103273,1.678142621880121,3.3390463519394045,1.1515137460624194,0.028350047743089097,3.139458123103273,21.6,1.0,Rendah,False
20260811_224202_660,session_20260811_224202_660.zip,tt,dashboard_center,100 Hz,127,2540.0,2560.0,484.72,486.22,-7.940085604197306,112.62433479767397,47.91519949454373,8.123532351290836,151,19.851065568750073,0.010000000000047748,1.3941834035539353,2.7070567404585484,0.9571853176281151,0.40300103650827457,0.11168659706098709,1.9638354511160148,OK,True,2540.0,2560.0,484.72,486.22,-7.940085604197306,112.62433479767397,47.91519949454373,8.123532351290836,151.0,19.851065568750073,0.010000000000047748,1.3941834035539353,2.7070567404585484,0.9571853176281151,0.40300103650827457,0.11168659706098709,1.9638354511160148,1.3941834035539353,2.7070567404585484,0.9571853176281151,0.09093279645982133,1.9638354511160148,12.2,1.0,Rendah,False
20260811_224202_660,session_20260811_224202_660.zip,tt,dashboard_center,100 Hz,128,2560.0,2580.0,486.23,487.8,-7.940199972613171,112.62420734305776,45.01024305519939,9.118906402321556,158,19.80385085744001,0.010000000000047748,1.579126532550871,2.860230784930814,1.099750221902951,0.4039618384115693,0.06069600318912863,1.7764980123172533,OK,True,2560.0,2580.0,486.23,487.8,-7.940199972613171,112.62420734305776,45.01024305519939,9.118906402321556,158.0,19.80385085744001,0.010000000000047748,1.579126532550871,2.860230784930814,1.099750221902951,0.4039618384115693,0.06069600318912863,1.7764980123172533,1.579126532550871,2.860230784930814,1.099750221902951,0.05161620478337503,1.7764980123172533,17.3,1.0,Rendah,False
20260811_224202_660,session_20260811_224202_660.zip,tt,dashboard_center,100 Hz,129,2580.0,2600.0,487.81,489.34000000000003,-7.940319603768607,112.62406585966377,46.988899598046714,8.85317476347188,154,19.863202644180546,0.010000000000047748,1.3333492061966314,2.6034686295458256,0.9202635098617965,0.3524104408233904,0.0474814686566505,1.8453516795029612,OK,True,2580.0,2600.0,487.81,489.34000000000003,-7.940319603768607,112.62406585966377,46.988899598046714,8.85317476347188,154.0,19.863202644180546,0.010000000000047748,1.3333492061966314,2.6034686295458256,0.9202635098617965,0.3524104408233904,0.0474814686566505,1.8453516795029612,1.3333492061966314,2.6034686295458256,0.9202635098617965,0.039187259430324604,1.8453516795029612,10.8,1.0,Rendah,False
20260811_224202_660,session_20260811_224202_660.zip,tt,dashboard_center,100 Hz,130,2600.0,2620.0,489.35,490.94,-7.9404332677595875,112.62394167575683,44.73920465736788,8.849455347967357,160,19.86597285887956,0.010000000000047748,3.0396574510391634,5.790233027829854,2.0245905417145575,0.3523612988764951,0.46060248854984615,13.3152385467159,OK,True,2600.0,2620.0,489.35,490.94,-7.9404332677595875,112.62394167575683,44.73920465736788,8.849455347967357,160.0,19.86597285887956,0.010000000000047748,3.0396574510391634,5.790233027829854,2.0245905417145575,0.3523612988764951,0.46060248854984615,13.3152385467159,3.0396574510391634,5.790233027829854,2.0245905417145575,0.39334904772834256,13.3152385467159,84.2,0.0,Tinggi,False
20260811_224202_660,session_20260811_224202_660.zip,tt,dashboard_center,100 Hz,131,2620.0,2640.0,490.95,492.55,-7.940559664964181,112.62380165625281,44.87392751765074,8.203236998645103,161,19.886874098825047,0.010000000000047748,2.4066700334256574,4.341529641278117,1.5732696842235587,0.25142211768190403,0.06548523625158616,2.5093122784602078,OK,True,2620.0,2640.0,490.95,492.55,-7.940559664964181,112.62380165625281,44.87392751765074,8.203236998645103,161.0,19.886874098825047,0.010000000000047748,2.4066700334256574,4.341529641278117,1.5732696842235587,0.25142211768190403,0.06548523625158616,2.5093122784602078,2.4066700334256574,4.341529641278117,1.5732696842235587,0.05580669247201496,2.5093122784602078,61.2,2.0,Sedang,False
20260811_224202_660,session_20260811_224202_660.zip,tt,dashboard_center,100 Hz,132,2640.0,2660.0,492.56,494.18,-7.940677150566445,112.62366296942054,44.50129013505374,10.235848905839212,163,19.892830213870184,0.010000000000047748,1.9769266777413579,3.7004372141442707,1.3433604262754226,0.30161620722105836,0.01606047964549169,3.541251024730953,gps>10m,False,,,,,,,,,,,,,,,,,,,,,,,,,,
20260811_224202_660,session_20260811_224202_660.zip,tt,dashboard_center,100 Hz,133,2660.0,2680.0,494.19,495.81,-7.940800974984754,112.62354351980203,44.03603895394425,10.051187950117692,163,19.93570803841976,0.010000000000047748,1.5368321068042772,2.900603285242042,1.0654468333617504,0.4012899860181808,0.10411861230243653,1.8602430065817528,gps>10m,False,,,,,,,,,,,,,,,,,,,,,,,,,,
20260811_224202_660,session_20260811_224202_660.zip,tt,dashboard_center,100 Hz,134,2680.0,2700.0,495.82,497.33,-7.940945316782463,112.62339090254943,47.14039867895045,9.764047742659326,152,19.778961019539565,0.010000000000047748,1.9482009513656673,3.6857633585054637,1.2837625494745692,0.303352637889959,0.05663368130823507,1.5047430306880965,OK,True,2680.0,2700.0,495.82,497.33,-7.940945316782463,112.62339090254943,47.14039867895045,9.764047742659326,152.0,19.778961019539565,0.010000000000047748,1.9482009513656673,3.6857633585054637,1.2837625494745692,0.303352637889959,0.05663368130823507,1.5047430306880965,1.9482009513656673,3.6857633585054637,1.2837625494745692,0.046636125033272816,1.5047430306880965,36.0,2.0,Sedang,False
20260811_224202_660,session_20260811_224202_660.zip,tt,dashboard_center,100 Hz,135,2700.0,2720.0,497.34000000000003,498.93,-7.9410608155323335,112.62324953418158,44.93231130869795,10.485878828834968,160,19.855008248859576,0.010000000000047748,2.0718888558007436,3.8016526234646832,1.3307778801869654,0.35255588475527644,0.09592823164106393,4.627421315490534,gps>10m,False,,,,,,,,,,,,,,,,,,,,,,,,,,
20260811_224202_660,session_20260811_224202_660.zip,tt,dashboard_center,100 Hz,136,2720.0,2740.0,498.94,500.6,-7.941188839051015,112.62311264994158,43.341600159258505,9.967675332468742,167,19.9838622184202,0.010000000000047748,2.6120283219624043,5.05061081159989,1.7710212336848201,0.4003230162698965,0.19513450276987213,2.595303481052673,OK,True,2720.0,2740.0,498.94,500.6,-7.941188839051015,112.62311264994158,43.341600159258505,9.967675332468742,167.0,19.9838622184202,0.010000000000047748,2.6120283219624043,5.05061081159989,1.7710212336848201,0.4003230162698965,0.19513450276987213,2.595303481052673,2.6120283219624043,5.05061081159989,1.7710212336848201,0.17036484360338444,2.595303481052673,68.3,0.0,Tinggi,False
20260811_224202_660,session_20260811_224202_660.zip,tt,dashboard_center,100 Hz,137,2740.0,2760.0,500.61,502.3,-7.941319318328344,112.62297515154724,42.67462406101729,11.993922163628216,170,19.834719993564704,0.010000000000047748,2.261336084241743,4.317462219620296,1.5726298719218592,0.40333314524205877,0.06176486712855046,4.587050068873396,gps>10m,False,,,,,,,,,,,,,,,,,,,,,,,,,,
20260811_224202_660,session_20260811_224202_660.zip,tt,dashboard_center,100 Hz,138,2760.0,2780.0,502.31,504.69,-7.941409441786672,112.6228038631831,29.828924969105344,12.431106783942727,239,19.93996542242985,0.010000000000047748,2.933671099575224,5.4345827662244695,2.1400957496633577,0.5516559215105981,0.04069346241522988,7.01848013986655,gps>10m,False,,,,,,,,,,,,,,,,,,,,,,,,,,
20260811_224202_660,session_20260811_224202_660.zip,tt,dashboard_center,100 Hz,139,2780.0,2800.0,504.7,509.06,-7.941494349889253,112.622771798393,16.369703091557792,9.678373486155746,437,19.964720229839713,0.010000000000047748,2.609255372386654,5.332663585423066,2.8006937068115607,0.8014136845296758,0.06335521308973305,2.6082531528080803,OK,True,2780.0,2800.0,504.7,509.06,-7.941494349889253,112.622771798393,16.369703091557792,9.678373486155746,437.0,19.964720229839713,0.010000000000047748,2.609255372386654,5.332663585423066,2.8006937068115607,0.8014136845296758,0.06335521308973305,2.6082531528080803,2.609255372386654,5.332663585423066,2.8006937068115607,0.10893547586480577,2.6082531528080803,77.7,0.0,Tinggi,False
20260811_224202_660,session_20260811_224202_660.zip,tt,dashboard_center,100 Hz,140,2800.0,2820.0,509.07,511.17,-7.941707135271306,112.62296984216333,34.51846913091422,7.099749448605382,211,19.839104670144934,0.010000000000047748,3.88461973702448,7.35111223250527,2.8136242927645227,0.5040550048132261,0.2374627839194634,13.367275399358455,OK,True,2800.0,2820.0,509.07,511.17,-7.941707135271306,112.62296984216333,34.51846913091422,7.099749448605382,211.0,19.839104670144934,0.010000000000047748,3.88461973702448,7.35111223250527,2.8136242927645227,0.5040550048132261,0.2374627839194634,13.367275399358455,3.88461973702448,7.35111223250527,2.8136242927645227,0.24291252160143953,13.367275399358455,92.8,0.0,Tinggi,True
20260811_224202_660,session_20260811_224202_660.zip,tt,dashboard_center,100 Hz,141,2820.0,2840.0,511.18,513.33,-7.941856729559542,112.62309695801454,33.07381885238629,7.039744111852372,216,19.894922977749957,0.010000000000104592,4.2606016275178815,8.210310785892126,3.051850778001867,0.4523767199332916,0.3104723565733536,17.80526772548098,OK,True,2820.0,2840.0,511.18,513.33,-7.941856729559542,112.62309695801454,33.07381885238629,7.039744111852372,216.0,19.894922977749957,0.010000000000104592,4.2606016275178815,8.210310785892126,3.051850778001867,0.4523767199332916,0.3104723565733536,17.80526772548098,4.2606016275178815,8.210310785892126,3.051850778001867,0.3271909314111831,17.80526772548098,97.1,0.0,Tinggi,True
20260811_224202_660,session_20260811_224202_660.zip,tt,dashboard_center,100 Hz,142,2840.0,2860.0,513.34,515.69,-7.941987740866409,112.62321737918592,30.57622486041034,9.061540203383409,236,19.951294632970075,0.010000000000104592,4.443293718829923,7.587754988562059,3.1397242397630456,0.45109854601251026,0.11003549554394373,18.683073612721714,OK,True,2840.0,2860.0,513.34,515.69,-7.941987740866409,112.62321737918592,30.57622486041034,9.061540203383409,236.0,19.951294632970075,0.010000000000104592,4.443293718829923,7.587754988562059,3.1397242397630456,0.45109854601251026,0.11003549554394373,18.683073612721714,4.443293718829923,7.587754988562059,3.1397242397630456,0.12247495408396959,18.683073612721714,95.7,0.0,Tinggi,True
20260811_224202_660,session_20260811_224202_660.zip,tt,dashboard_center,100 Hz,143,2860.0,2880.0,515.7,518.1,-7.942126072977062,112.62336140995131,30.195354262066786,10.982352712080585,241,19.94081935423992,0.010000000000104592,2.9361196995966354,5.587143403840497,2.3181593103170557,0.5014839070729432,0.2693425274423339,5.823626032204685,gps>10m,False,,,,,,,,,,,,,,,,,,,,,,,,,,
20260811_224202_660,session_20260811_224202_660.zip,tt,dashboard_center,100 Hz,144,2880.0,2900.0,518.11,521.92,-7.942284417059954,112.62340874561461,18.294055087040743,9.449156419172041,382,19.90901319341947,0.010000000000104592,3.1429111683870365,6.522361558548312,2.7134415230335134,0.7031990919885183,0.0936336542648682,5.993129025476124,OK,True,2880.0,2900.0,518.11,521.92,-7.942284417059954,112.62340874561461,18.294055087040743,9.449156419172041,382.0,19.90901319341947,0.010000000000104592,3.1429111683870365,6.522361558548312,2.7134415230335134,0.7031990919885183,0.0936336542648682,5.993129025476124,3.1429111683870365,6.522361558548312,2.7134415230335134,0.14901172738513416,5.993129025476124,87.1,0.0,Tinggi,False
20260811_224202_660,session_20260811_224202_660.zip,tt,dashboard_center,100 Hz,145,2900.0,2920.0,521.9300000000001,524.48,-7.942418803925911,112.62331988553913,28.837775608256695,5.694342357259811,256,19.966002173319794,0.010000000000104592,2.8676630871632254,4.823019460703959,3.0286563323563738,0.5509365322367389,0.11143952202502386,5.966475180862801,OK,True,2900.0,2920.0,521.9300000000001,524.48,-7.942418803925911,112.62331988553913,28.837775608256695,5.694342357259811,256.0,19.966002173319794,0.010000000000104592,2.8676630871632254,4.823019460703959,3.0286563323563738,0.5509365322367389,0.11143952202502386,5.966475180862801,2.8676630871632254,4.823019460703959,3.0286563323563738,0.1291960299619759,5.966475180862801,82.0,0.0,Tinggi,False
20260811_224202_660,session_20260811_224202_660.zip,tt,dashboard_center,100 Hz,146,2920.0,2940.0,524.49,528.35,-7.942561251035554,112.6231792205143,18.57824995860059,3.948504155368777,387,19.913888515344752,0.010000000000104592,3.1842382656439754,5.956362270904523,2.981018894470733,0.7030269346547876,0.36692993043191885,9.17032899245083,OK,True,2920.0,2940.0,524.49,528.35,-7.942561251035554,112.6231792205143,18.57824995860059,3.948504155368777,387.0,19.913888515344752,0.010000000000104592,3.1842382656439754,5.956362270904523,2.981018894470733,0.7030269346547876,0.36692993043191885,9.17032899245083,3.1842382656439754,5.956362270904523,2.981018894470733,0.57771225877492,9.17032899245083,88.5,0.0,Tinggi,True
20260811_224202_660,session_20260811_224202_660.zip,tt,dashboard_center,100 Hz,147,2940.0,2960.0,528.36,533.14,-7.942709236152872,112.62321289226728,14.90610836347436,3.79,479,19.959967778449936,0.010000000000104592,2.477708996829523,4.708190299311217,2.2542718552102063,0.951905344281849,0.15964802742497952,5.067649832034108,OK,True,2940.0,2960.0,528.36,533.14,-7.942709236152872,112.62321289226728,14.90610836347436,3.79,479.0,19.959967778449936,0.010000000000104592,2.477708996829523,4.708190299311217,2.2542718552102063,0.951905344281849,0.15964802742497952,5.067649832034108,2.477708996829523,4.708190299311217,2.2542718552102063,0.29299759585233587,5.067649832034108,74.1,0.0,Tinggi,False
20260811_224202_660,session_20260811_224202_660.zip,tt,dashboard_center,100 Hz,148,2960.0,2980.0,533.15,620.1800000000001,-7.942819576997728,112.62330440492457,12.765959108467374,5.029226503914821,412,19.974663047771173,81.09000000000003,2.582938823149889,4.795894821036957,2.7898912232593545,0.7509513409125437,0.6887438213254697,4.811139060804327,discontinuous,False,,,,,,,,,,,,,,,,,,,,,,,,,,
20260811_224202_660,session_20260811_224202_660.zip,tt,dashboard_center,100 Hz,149,2980.0,3000.0,620.19,623.77,-7.942910214306291,112.62353329473655,19.66507910234186,3.9855951724866308,359,19.91719507288508,0.010000000000104592,2.8980987189949063,5.674514276086362,2.795967730927433,0.552286602593716,0.11377322741249132,7.4513394760817,OK,True,2980.0,3000.0,620.19,623.77,-7.942910214306291,112.62353329473655,19.66507910234186,3.9855951724866308,359.0,19.91719507288508,0.010000000000104592,2.8980987189949063,5.674514276086362,2.795967730927433,0.552286602593716,0.11377322741249132,7.4513394760817,2.8980987189949063,5.674514276086362,2.795967730927433,0.1721797392986432,7.4513394760817,84.2,0.0,Tinggi,False
20260811_224202_660,session_20260811_224202_660.zip,tt,dashboard_center,100 Hz,150,3000.0,3020.0,623.78,626.96,-7.942798599746555,112.62369398324257,22.65490745866277,3.791620490020267,319,19.937455164526,0.010000000000104592,2.399316236153978,4.380584829041646,1.8962855172317998,0.7021959364658383,0.06018468156738085,5.724862541008462,OK,True,3000.0,3020.0,623.78,626.96,-7.942798599746555,112.62369398324257,22.65490745866277,3.791620490020267,319.0,19.937455164526,0.010000000000104592,2.399316236153978,4.380584829041646,1.8962855172317998,0.7021959364658383,0.06018468156738085,5.724862541008462,2.399316236153978,4.380584829041646,1.8962855172317998,0.08253595285745792,5.724862541008462,71.9,0.0,Tinggi,False
20260811_224202_660,session_20260811_224202_660.zip,tt,dashboard_center,100 Hz,151,3020.0,3040.0,626.97,632.25,-7.942670670272672,112.62376477421465,13.347533859021041,3.79,529,19.969419111434945,0.010000000000104592,3.3937805199836495,6.690007306541183,4.1354723348362885,0.8513016780876421,0.062325151881275756,10.423826919979557,OK,True,3020.0,3040.0,626.97,632.25,-7.942670670272672,112.62376477421465,13.347533859021041,3.79,529.0,19.969419111434945,0.010000000000104592,3.3937805199836495,6.690007306541183,4.1354723348362885,0.8513016780876421,0.062325151881275756,10.423826919979557,3.3937805199836495,6.690007306541183,4.1354723348362885,0.12352344515748297,10.423826919979557,90.6,0.0,Tinggi,True
20260811_224202_660,session_20260811_224202_660.zip,tt,dashboard_center,100 Hz,152,3040.0,3060.0,632.26,634.86,-7.942482613662131,112.62364084277995,28.03468018339891,4.042568625522208,261,19.9218734852102,0.010000000000104592,2.410056941103531,4.261252867637182,1.8193434433782676,0.7027451514735028,0.1689691468264145,5.404939630057683,OK,True,3040.0,3060.0,632.26,634.86,-7.942482613662131,112.62364084277995,28.03468018339891,4.042568625522208,261.0,19.9218734852102,0.010000000000104592,2.410056941103531,4.261252867637182,1.8193434433782676,0.7027451514735028,0.1689691468264145,5.404939630057683,2.410056941103531,4.261252867637182,1.8193434433782676,0.19978155182725835,5.404939630057683,71.9,0.0,Tinggi,False
20260811_224202_660,session_20260811_224202_660.zip,tt,dashboard_center,100 Hz,153,3060.0,3080.0,634.87,637.03,-7.942350561548234,112.6235069734736,33.04632527288451,4.841089103807839,217,19.874722432809904,0.010000000000104592,3.054544852163919,6.170868750044,2.268066840145994,0.5534668490182688,0.2307694662226666,9.207907435589442,OK,True,3060.0,3080.0,634.87,637.03,-7.942350561548234,112.6235069734736,33.04632527288451,4.841089103807839,217.0,19.874722432809904,0.010000000000104592,3.054544852163919,6.170868750044,2.268066840145994,0.5534668490182688,0.2307694662226666,9.207907435589442,3.054544852163919,6.170868750044,2.268066840145994,0.24333695179037712,9.207907435589442,85.6,0.0,Tinggi,False
20260811_224202_660,session_20260811_224202_660.zip,tt,dashboard_center,100 Hz,154,3080.0,3100.0,637.04,639.14,-7.942206905685661,112.62339383310139,34.16483995799015,6.528923800816465,211,19.90388465221031,0.010000000000104592,3.3339446273901867,6.136869348613027,2.4157309870563806,0.5024144871583904,0.12838069402051921,9.997987454208944,OK,True,3080.0,3100.0,637.04,639.14,-7.942206905685661,112.62339383310139,34.16483995799015,6.528923800816465,211.0,19.90388465221031,0.010000000000104592,3.3339446273901867,6.136869348613027,2.4157309870563806,0.5024144871583904,0.12838069402051921,9.997987454208944,3.3339446273901867,6.136869348613027,2.4157309870563806,0.13227170916651076,9.997987454208944,86.3,0.0,Tinggi,False
20260811_224202_660,session_20260811_224202_660.zip,tt,dashboard_center,100 Hz,155,3100.0,3120.0,639.15,641.4,-7.9420884066910675,112.62325530741755,31.973488171309075,7.909903884146347,226,19.93893244412493,0.010000000000104592,4.2114852829850635,7.935884214734135,3.105103461630697,0.2507656823659717,0.2302147630411816,13.542904512214568,OK,True,3100.0,3120.0,639.15,641.4,-7.9420884066910675,112.62325530741755,31.973488171309075,7.909903884146347,226.0,19.93893244412493,0.010000000000104592,4.2114852829850635,7.935884214734135,3.105103461630697,0.2507656823659717,0.2302147630411816,13.542904512214568,4.2114852829850635,7.935884214734135,3.105103461630697,0.2483931987909755,13.542904512214568,95.7,0.0,Tinggi,True
20260811_224202_660,session_20260811_224202_660.zip,tt,dashboard_center,100 Hz,156,3120.0,3140.0,641.41,643.63,-7.9419704626587695,112.62308449844011,32.25329997260289,7.715781722705946,223,19.90981176800551,0.010000000000104592,3.68274613563775,7.791450793134377,2.849301491084578,0.40181193540241134,1.0399072377960645,11.062912804682473,OK,True,3120.0,3140.0,641.41,643.63,-7.9419704626587695,112.62308449844011,32.25329997260289,7.715781722705946,223.0,19.90981176800551,0.010000000000104592,3.68274613563775,7.791450793134377,2.849301491084578,0.40181193540241134,1.0399072377960645,11.062912804682473,3.68274613563775,7.791450793134377,2.849301491084578,1.1152368837462545,11.062912804682473,94.2,0.0,Tinggi,True
20260811_224202_660,session_20260811_224202_660.zip,tt,dashboard_center,100 Hz,157,3140.0,3160.0,643.64,645.9,-7.9418575973437715,112.62295762565773,32.0569544393133,8.256173576860343,227,19.897774217639835,0.010000000000104592,2.665044084999969,5.462116299249039,1.9836749959022184,0.6030825291686004,0.4423571172915073,5.317208584411879,OK,True,3140.0,3160.0,643.64,645.9,-7.9418575973437715,112.62295762565773,32.0569544393133,8.256173576860343,227.0,19.897774217639835,0.010000000000104592,2.665044084999969,5.462116299249039,1.9836749959022184,0.6030825291686004,0.4423571172915073,5.317208584411879,2.665044084999969,5.462116299249039,1.9836749959022184,0.47642159117359884,5.317208584411879,79.9,0.0,Tinggi,False
20260811_224202_660,session_20260811_224202_660.zip,tt,dashboard_center,100 Hz,158,3160.0,3180.0,645.91,649.4,-7.941718054823584,112.62282916240551,20.26469316887092,10.895992992769083,350,19.9649010717053,0.010000000000104592,3.353476120254053,7.589487433253803,3.0212940327869777,0.6010548189996627,0.14515607817259787,7.416828853773849,gps>10m,False,,,,,,,,,,,,,,,,,,,,,,,,,,
20260811_224202_660,session_20260811_224202_660.zip,tt,dashboard_center,100 Hz,159,3180.0,3200.0,649.41,656.48,-7.9416120962125225,112.62269344030545,11.907557047450956,11.49544179008959,552,19.951177301425105,1.5699999999999363,1.6307677330996904,3.1153282529438955,1.5767873645652073,0.9523247532185901,0.3156040995659215,1.56066584390111,discontinuous | gps>10m,False,,,,,,,,,,,,,,,,,,,,,,,,,,
20260811_224202_660,session_20260811_224202_660.zip,tt,dashboard_center,100 Hz,160,3200.0,3220.0,656.49,659.0600000000001,-7.941667392897902,112.62256221000271,28.23336702080541,5.621451389340956,258,19.912026759505807,0.010000000000104592,1.2348044866550596,2.2669661585152494,0.9420028379456,0.4519881430805876,0.020735881200266384,1.4515673544732055,OK,True,3200.0,3220.0,656.49,659.0600000000001,-7.941667392897902,112.62256221000271,28.23336702080541,5.621451389340956,258.0,19.912026759505807,0.010000000000104592,1.2348044866550596,2.2669661585152494,0.9420028379456,0.4519881430805876,0.020735881200266384,1.4515673544732055,1.2348044866550596,2.2669661585152494,0.9420028379456,0.02439695288967748,1.4515673544732055,8.6,1.0,Rendah,False
20260811_224202_660,session_20260811_224202_660.zip,tt,dashboard_center,100 Hz,161,3220.0,3240.0,659.07,660.72,-7.941817292399964,112.62235896245531,43.140684049728364,4.831121248758079,166,19.917208966739963,0.010000000000104592,2.143794819400111,4.05223603082344,1.4203557524729304,0.4016627035122901,0.019477985395482407,2.718400282038784,OK,True,3220.0,3240.0,659.07,660.72,-7.941817292399964,112.62235896245531,43.140684049728364,4.831121248758079,166.0,19.917208966739963,0.010000000000104592,2.143794819400111,4.05223603082344,1.4203557524729304,0.4016627035122901,0.019477985395482407,2.718400282038784,2.143794819400111,4.05223603082344,1.4203557524729304,0.01706060974557722,2.718400282038784,51.8,2.0,Sedang,False
20260811_224202_660,session_20260811_224202_660.zip,tt,dashboard_center,100 Hz,162,3240.0,3260.0,660.73,662.3100000000001,-7.941932934885971,112.62221920853955,44.98925083217468,4.901524710974272,159,19.891563162055718,0.010000000000104592,1.5736423021872739,2.601587880781624,1.0669244848225579,0.3016354195554294,0.08284066550518562,2.9681517892858857,OK,True,3240.0,3260.0,660.73,662.3100000000001,-7.941932934885971,112.62221920853955,44.98925083217468,4.901524710974272,159.0,19.891563162055718,0.010000000000104592,1.5736423021872739,2.601587880781624,1.0669244848225579,0.3016354195554294,0.08284066550518562,2.9681517892858857,1.5736423021872739,2.601587880781624,1.0669244848225579,0.07047102278064088,2.9681517892858857,15.1,1.0,Rendah,False
20260811_224202_660,session_20260811_224202_660.zip,tt,dashboard_center,100 Hz,163,3260.0,3280.0,662.32,663.8000000000001,-7.9420485679493,112.6220676980519,48.479155707845784,4.436986228734291,149,19.791938930880406,0.010000000000104592,1.9155584344526078,3.5085041736789284,1.258424244099024,0.30315372440031585,0.5290429089595957,2.6747806137094416,OK,True,3260.0,3280.0,662.32,663.8000000000001,-7.9420485679493,112.6220676980519,48.479155707845784,4.436986228734291,149.0,19.791938930880406,0.010000000000104592,1.9155584344526078,3.5085041736789284,1.258424244099024,0.30315372440031585,0.5290429089595957,2.6747806137094416,1.9155584344526078,3.5085041736789284,1.258424244099024,0.4272412314045231,2.6747806137094416,43.2,2.0,Sedang,False
20260811_224202_660,session_20260811_224202_660.zip,tt,dashboard_center,100 Hz,164,3280.0,3300.0,663.8100000000001,665.28,-7.942157235396648,112.62192828720882,48.4677942675132,5.3282940123091205,148,19.8372961285786,0.010000000000104592,2.038724147658026,3.718951990807701,1.3437764374185535,0.30246057532790976,0.06753575770750966,4.574974415546293,OK,True,3280.0,3300.0,663.8100000000001,665.28,-7.942157235396648,112.62192828720882,48.4677942675132,5.3282940123091205,148.0,19.8372961285786,0.010000000000104592,2.038724147658026,3.718951990807701,1.3437764374185535,0.30246057532790976,0.06753575770750966,4.574974415546293,2.038724147658026,3.718951990807701,1.3437764374185535,0.054549012257935243,4.574974415546293,50.4,2.0,Sedang,False
20260811_224202_660,session_20260811_224202_660.zip,tt,dashboard_center,100 Hz,165,3300.0,3320.0,665.29,666.74,-7.9422850331335315,112.62178984590561,49.49321961069416,5.418568299170339,146,19.887475604575684,0.010000000000104592,1.8577246896127781,3.6960734137451685,1.248655881899673,0.3016974159666362,0.07808588643711278,3.3773906441001786,OK,True,3300.0,3320.0,665.29,666.74,-7.9422850331335315,112.62178984590561,49.49321961069416,5.418568299170339,146.0,19.887475604575684,0.010000000000104592,1.8577246896127781,3.6960734137451685,1.248655881899673,0.3016974159666362,0.07808588643711278,3.3773906441001786,1.8577246896127781,3.6960734137451685,1.248655881899673,0.06215795526486296,3.3773906441001786,39.6,2.0,Sedang,False
20260811_224202_660,session_20260811_224202_660.zip,tt,dashboard_center,100 Hz,166,3320.0,3340.0,666.75,668.24,-7.942403275691821,112.62164868364138,48.486604779437485,7.809593519357177,150,19.894361918980394,0.010000000000104592,1.7294000253207056,3.0754602391503254,1.095215422986257,0.3518584827453846,0.21735494652621812,2.490972837221238,OK,True,3320.0,3340.0,666.75,668.24,-7.942403275691821,112.62164868364138,48.486604779437485,7.809593519357177,150.0,19.894361918980394,0.010000000000104592,1.7294000253207056,3.0754602391503254,1.095215422986257,0.3518584827453846,0.21735494652621812,2.490972837221238,1.7294000253207056,3.0754602391503254,1.095215422986257,0.1755114049481279,2.490972837221238,23.7,1.0,Rendah,False
20260811_224202_660,session_20260811_224202_660.zip,tt,dashboard_center,100 Hz,167,3340.0,3360.0,668.25,669.86,-7.94249761786914,112.62151353443559,44.602514648787135,13.145498376618924,162,19.896991475950017,0.010000000000104592,2.2427936708986906,4.161196213924845,1.4922595692624334,0.3015531271274025,0.07736480171150936,3.1122759120071692,gps>10m,False,,,,,,,,,,,,,,,,,,,,,,,,,,
20260811_224202_660,session_20260811_224202_660.zip,tt,dashboard_center,100 Hz,168,3360.0,3380.0,669.87,671.63,-7.94257678842265,112.62137516375924,40.181143571092186,12.326939337421747,177,19.871332726089804,0.010000000000104592,1.3165038204799708,2.6607678343280434,0.9637370993946502,0.4025900079412643,0.14794276836048934,0.7653616311124761,gps>10m,False,,,,,,,,,,,,,,,,,,,,,,,,,,
20260811_224202_660,session_20260811_224202_660.zip,tt,dashboard_center,100 Hz,169,3380.0,3400.0,671.64,673.1800000000001,-7.942708138348067,112.62121771721817,46.13710108743756,11.123098429259041,155,19.90385387229162,0.010000000000104592,1.1154326221293815,2.0244274847924766,0.7777156584779523,0.30144915846436493,0.1692235482124848,0.5394162086908814,gps>10m,False,,,,,,,,,,,,,,,,,,,,,,,,,,
20260811_224202_660,session_20260811_224202_660.zip,tt,dashboard_center,100 Hz,170,3400.0,3420.0,673.19,674.5600000000001,-7.942836915408039,112.62109082041974,52.4409279877365,10.784937674831959,138,19.81193974120015,0.010000000000104592,1.2637840193622523,2.6903627167766193,0.8709749965846385,0.40379690754679143,0.07329248113961764,0.6343463744954453,gps>10m,False,,,,,,,,,,,,,,,,,,,,,,,,,,
20260811_224202_660,session_20260811_224202_660.zip,tt,dashboard_center,100 Hz,171,3420.0,3440.0,674.57,675.87,-7.942973542762647,112.62096273942223,54.53692751365545,10.70823928572111,131,19.899450289768993,0.010000000000104592,1.6571178696450677,3.0056511434745934,1.052826958049889,0.3015158666510909,0.11019604783143719,3.289874609376965,gps>10m,False,,,,,,,,,,,,,,,,,,,,,,,,,,
20260811_224202_660,session_20260811_224202_660.zip,tt,dashboard_center,100 Hz,172,3440.0,3460.0,675.88,677.09,-7.9430926624048865,112.62082512545163,60.10862763698088,10.695055215692314,122,19.869168900740533,0.010000000000104592,1.2811010827099214,2.3325837722705223,0.8696755339788819,0.30197538860200523,0.03226192156961671,1.2239744645492732,gps>10m,False,,,,,,,,,,,,,,,,,,,,,,,,,,
20260811_224202_660,session_20260811_224202_660.zip,tt,dashboard_center,100 Hz,173,3460.0,3480.0,677.1,678.28,-7.943206039585999,112.62068748525435,59.89852601902233,10.49151484811143,119,19.742020834434243,0.010000000000104592,2.0466244541823597,4.135162659732682,1.3418819970981861,0.2532668789042582,0.6609067095714956,2.4542315362138236,gps>10m,False,,,,,,,,,,,,,,,,,,,,,,,,,,
20260811_224202_660,session_20260811_224202_660.zip,tt,dashboard_center,100 Hz,174,3480.0,3500.0,678.29,679.53,-7.943322064418651,112.62054259429627,57.691862450232335,10.47950626167245,125,19.793434850229914,0.010000000000104592,2.789255170372803,5.033369722003695,1.7516012711703075,0.3536526152720123,1.0709073279246248,4.168909591913938,gps>10m,False,,,,,,,,,,,,,,,,,,,,,,,,,,
20260811_224202_660,session_20260811_224202_660.zip,tt,dashboard_center,100 Hz,175,3500.0,3520.0,679.54,680.97,-7.943446685180605,112.62041731223366,49.897048831365254,10.373137027213552,144,19.85520025151618,0.010000000000104592,2.082281853892192,4.041312103932499,1.373018431430626,0.30218783613334893,0.761517374817716,3.053285983326521,gps>10m,False,,,,,,,,,,,,,,,,,,,,,,,,,,
20260811_224202_660,session_20260811_224202_660.zip,tt,dashboard_center,100 Hz,176,3520.0,3540.0,680.98,682.5600000000001,-7.943576470251188,112.62028612590365,45.37167986761233,10.454134565699475,159,19.904638034400705,0.010000000000104592,1.2994499272995663,2.4123502888434274,0.8726140204085238,0.30143728258862806,0.10940532856066346,1.713094373639457,gps>10m,False,,,,,,,,,,,,,,,,,,,,,,,,,,
20260811_224202_660,session_20260811_224202_660.zip,tt,dashboard_center,100 Hz,177,3540.0,3560.0,682.57,684.47,-7.943705566753386,112.62015840653491,37.97037621224652,10.490087367330458,191,19.96401765558494,0.010000000000104592,1.555271162498402,3.2000225137712035,1.1166122370535,0.30054070796323396,0.08836335692221892,1.6140509288579603,gps>10m,False,,,,,,,,,,,,,,,,,,,,,,,,,,
20260811_224202_660,session_20260811_224202_660.zip,tt,dashboard_center,100 Hz,178,3560.0,3580.0,684.48,686.45,-7.943853351320959,112.62004848664114,36.48594509376528,10.5356765872272,198,19.881437828360504,0.010000000000104592,1.2935785106060738,2.320681887406025,0.8845585757510246,0.35208721121842756,0.007085041445958494,1.6731562518496903,gps>10m,False,,,,,,,,,,,,,,,,,,,,,,,,,,
20260811_224202_660,session_20260811_224202_660.zip,tt,dashboard_center,100 Hz,179,3580.0,3600.0,686.46,688.65,-7.943982425063993,112.61994835859231,32.39298939285914,10.638343446402208,220,19.906357700749595,0.010000000000104592,1.157913276914034,2.26572349864599,0.851678498926132,0.5525872771584821,0.025234051208037615,1.1135907891292032,gps>10m,False,,,,,,,,,,,,,,,,,,,,,,,,,,
20260811_224202_660,session_20260811_224202_660.zip,tt,dashboard_center,100 Hz,180,3600.0,3620.0,688.66,690.5,-7.944135605821005,112.61979944163818,38.84703396533343,10.488386330964454,185,19.876007672140076,0.010000000000104592,1.4898210047608513,2.869680696556369,1.057836086516326,0.45280723113299937,0.13246344530544363,1.4119806466667546,gps>10m,False,,,,,,,,,,,,,,,,,,,,,,,,,,
20260811_224202_660,session_20260811_224202_660.zip,tt,dashboard_center,100 Hz,181,3620.0,3640.0,690.51,692.14,-7.944285769810751,112.61968514903407,43.38516060137241,10.416364426424732,164,19.835046786280145,0.010000000000104592,1.4192093019009246,2.6137256718475887,0.9468339504933994,0.35291068760381666,0.18201586223642868,1.5087537004623346,gps>10m,False,,,,,,,,,,,,,,,,,,,,,,,,,,
20260811_224202_660,session_20260811_224202_660.zip,tt,dashboard_center,100 Hz,182,3640.0,3660.0,692.15,693.61,-7.9444254241879735,112.61957136639117,49.66394123622934,10.231292713122246,147,19.912363086110417,0.010000000000104592,2.6967042167924906,4.754760812425704,1.9619602293420682,0.3515403957696387,0.13308320354577663,4.4352746975812565,gps>10m,False,,,,,,,,,,,,,,,,,,,,,,,,,,
20260811_224202_660,session_20260811_224202_660.zip,tt,dashboard_center,100 Hz,183,3660.0,3680.0,693.62,694.96,-7.944558575222651,112.61945199188956,52.971428495630974,10.206625629709189,135,19.809956511515338,0.010000000000104592,2.4375613696039946,4.176378002424951,1.8613743684680935,0.35335766617816483,0.09719175082609995,3.474546773715505,gps>10m,False,,,,,,,,,,,,,,,,,,,,,,,,,,
20260811_224202_660,session_20260811_224202_660.zip,tt,dashboard_center,100 Hz,184,3680.0,3700.0,694.97,696.23,-7.944696608474423,112.61933171108075,56.75314846534055,10.163991245687138,127,19.8356734204649,0.010000000000104592,1.3248857023326714,2.452589262852276,0.8313958792324728,0.3528995387057515,0.09696537450608367,1.2936852806584862,gps>10m,False,,,,,,,,,,,,,,,,,,,,,,,,,,
20260811_224202_660,session_20260811_224202_660.zip,tt,dashboard_center,100 Hz,185,3700.0,3720.0,696.24,697.47,-7.944842653234165,112.6192246607217,58.41157032300643,10.334914612498292,124,19.866943590900064,0.010000000000104592,1.5535021722832518,3.17742836659136,0.9679307423977979,0.20133947538020777,0.36413737078859654,1.4026715519057837,gps>10m,False,,,,,,,,,,,,,,,,,,,,,,,,,,
20260811_224202_660,session_20260811_224202_660.zip,tt,dashboard_center,100 Hz,186,3720.0,3740.0,697.48,698.6800000000001,-7.944979905427467,112.61911222260107,59.628972070130864,10.465659663929367,121,19.893707433185682,0.010000000000104592,1.508510785667113,3.015907201999857,1.0020317208908078,0.25133575613257747,0.0864302105082356,1.7562354766980055,gps>10m,False,,,,,,,,,,,,,,,,,,,,,,,,,,
20260811_224202_660,session_20260811_224202_660.zip,tt,dashboard_center,100 Hz,187,3740.0,3760.0,698.69,699.85,-7.9451145844724005,112.61898748556663,61.52888457150228,10.570031979428233,117,19.83136996059966,0.010000000000104592,1.6898393708423334,3.110342822790443,1.0831430816489167,0.3025509590068972,0.34170495798041783,1.8240200837757854,gps>10m,False,,,,,,,,,,,,,,,,,,,,,,,,,,
20260811_224202_660,session_20260811_224202_660.zip,tt,dashboard_center,100 Hz,188,3760.0,3780.0,699.86,701.02,-7.945260542823544,112.61887189625182,61.23737628108962,10.534475639342201,117,19.759883527599413,0.010000000000104592,1.7423416969129262,3.5723052379052356,1.1118958498122447,0.3036455144899798,1.1118822759336187,1.759959702384995,gps>10m,False,,,,,,,,,,,,,,,,,,,,,,,,,,
20260811_224202_660,session_20260811_224202_660.zip,tt,dashboard_center,100 Hz,189,3780.0,3800.0,701.03,702.2,-7.945402590888015,112.61875526255426,61.52735488725706,10.853796992976655,118,19.89932040016629,0.010000000000104592,1.9508674597610085,3.6153188401133556,1.2749030873594869,0.25126486228937833,0.9004807284145484,3.247329246502115,gps>10m,False,,,,,,,,,,,,,,,,,,,,,,,,,,
20260811_224202_660,session_20260811_224202_660.zip,tt,dashboard_center,100 Hz,190,3800.0,3820.0,702.21,703.45,-7.94554967746754,112.61864456340149,57.82499064008971,11.153410940656842,125,19.842493052560258,0.010000000000104592,1.681310728708062,2.997156442830311,1.120387068904963,0.30238135823491324,0.12657818116163821,3.569749430398299,gps>10m,False,,,,,,,,,,,,,,,,,,,,,,,,,,
20260811_224202_660,session_20260811_224202_660.zip,tt,dashboard_center,100 Hz,191,3820.0,3840.0,703.46,704.8000000000001,-7.945695366379181,112.61852743291308,53.11915922205636,11.21160112974218,135,19.825372129380412,0.010000000000104592,1.3291095210569237,2.448424887195411,0.8707323922121554,0.25220207557114144,0.028949798597571644,1.929353847547724,gps>10m,False,,,,,,,,,,,,,,,,,,,,,,,,,,
20260811_224202_660,session_20260811_224202_660.zip,tt,dashboard_center,100 Hz,192,3840.0,3860.0,704.8100000000001,706.2,-7.945835689759058,112.61843494863592,50.95423143717973,11.115998651387821,140,19.809811086989612,0.010000000000104592,1.3861777682917837,2.9927144480784484,0.9844387616826683,0.35336026018932376,0.08631676330881571,2.515562155906918,gps>10m,False,,,,,,,,,,,,,,,,,,,,,,,,,,
20260811_224202_660,session_20260811_224202_660.zip,tt,dashboard_center,100 Hz,193,3860.0,3880.0,706.21,707.61,-7.945984114072499,112.61833270047438,51.14533726736187,11.445360417000234,141,19.843392267929175,0.010000000000104592,1.675824670845635,3.2104386914953644,1.067029432028099,0.40315687418675755,0.4568140753387324,2.2800726796176227,gps>10m,False,,,,,,,,,,,,,,,,,,,,,,,,,,
20260811_224202_660,session_20260811_224202_660.zip,tt,dashboard_center,100 Hz,194,3880.0,3900.0,707.62,708.97,-7.946135709559945,112.61823997486403,53.12923722130804,11.454435295386277,136,19.91642324925033,0.010000000000104592,1.6735292613629558,3.219892759258217,1.0872263142464897,0.2510490933751473,0.16522832115962285,3.1051297745804876,gps>10m,False,,,,,,,,,,,,,,,,,,,,,,,,,,
20260811_224202_660,session_20260811_224202_660.zip,tt,dashboard_center,100 Hz,195,3900.0,3920.0,708.98,710.32,-7.946287983880566,112.61812942227968,53.49910926990322,11.526198328147077,135,19.83815639086015,0.010000000000104592,2.2391487949643207,4.608538999743594,1.5121064757581502,0.3024474594203887,1.490368800543897,1.5338151105265472,gps>10m,False,,,,,,,,,,,,,,,,,,,,,,,,,,
20260811_224202_660,session_20260811_224202_660.zip,tt,dashboard_center,100 Hz,196,3920.0,3940.0,710.33,711.67,-7.94643849852095,112.6180221334655,53.08650524479472,11.414067948417827,135,19.84755749918395,0.010000000000104592,1.4797856123732527,2.978086934109312,0.9609493247537683,0.35268823381858505,0.13202552465057532,2.0891509274300297,gps>10m,False,,,,,,,,,,,,,,,,,,,,,,,,,,
20260811_224202_660,session_20260811_224202_660.zip,tt,dashboard_center,100 Hz,197,3940.0,3960.0,711.6800000000001,712.9300000000001,-7.9465879534398365,112.61790810970388,56.53732720724859,11.985467302558975,126,19.739167823474872,0.010000000000104592,1.8241248791682318,3.594536628612074,1.2071259712108393,0.30396418195829306,0.18697149774149613,4.8508514193629955,gps>10m,False,,,,,,,,,,,,,,,,,,,,,,,,,,
20260811_224202_660,session_20260811_224202_660.zip,tt,dashboard_center,100 Hz,198,3960.0,3980.0,712.94,714.19,-7.946740248281177,112.61777812413786,58.73409657320077,12.242325712518511,126,19.9534232522401,0.010000000000104592,1.419223621444899,3.0602967152572864,0.9405612169695529,0.30070028205944066,0.13108234041129402,0.9940767012644386,gps>10m,False,,,,,,,,,,,,,,,,,,,,,,,,,,
20260811_224202_660,session_20260811_224202_660.zip,tt,dashboard_center,100 Hz,199,3980.0,4000.0,714.2,715.57,-7.946876494531415,112.61766893721986,51.20466423160145,11.480408917765008,138,19.79600964789006,0.010000000000104592,1.8125734998012717,3.636999607829919,1.2046529948991902,0.404121847902447,0.47820914071216025,2.7797780306639144,gps>10m,False,,,,,,,,,,,,,,,,,,,,,,,,,,
20260811_224202_660,session_20260811_224202_660.zip,tt,dashboard_center,100 Hz,200,4000.0,4020.0,715.58,717.37,-7.9470223064605,112.61755609528377,40.67292025229031,11.242942284143329,180,19.871299128574265,0.010000000000104592,1.6142328699991864,3.0032295821838746,1.095493295576869,0.35226685254484613,0.05022430297071362,3.129731045636377,gps>10m,False,,,,,,,,,,,,,,,,,,,,,,,,,,
20260811_224202_660,session_20260811_224202_660.zip,tt,dashboard_center,100 Hz,201,4020.0,4040.0,717.38,722.1,-7.947186193347968,112.61745102573782,14.4386428186193,10.895959437432452,473,19.2409863325297,0.010000000000104592,1.3038636268627717,2.555355673788789,1.215059590067458,0.8315582020319645,0.12305642149219781,1.5436407425763081,gps>10m,False,,,,,,,,,,,,,,,,,,,,,,,,,,
20260811_224202_660,session_20260811_224202_660.zip,tt,dashboard_center,100 Hz,202,4040.0,4060.0,726.97,730.6800000000001,-7.947163194398943,112.61740727743003,17.928538126083843,10.144722776232168,372,18.24719968738009,0.010000000000104592,1.0965689630885005,2.0367877905805205,1.0923690849604697,0.8768468737186961,0.25530450949938605,0.9319175435000729,gps>10m,False,,,,,,,,,,,,,,,,,,,,,,,,,,
20260811_224202_660,session_20260811_224202_660.zip,tt,dashboard_center,100 Hz,203,4060.0,4080.0,730.69,732.36,-7.946985721211707,112.61752239925646,42.43527079124153,10.183088990481687,168,19.899534366399166,0.010000000000104592,1.1809474641143893,2.2527257362938315,0.8045898337134673,0.40201945697323394,0.014505506860683179,2.0524823578916074,gps>10m,False,,,,,,,,,,,,,,,,,,,,,,,,,,
20260811_224202_660,session_20260811_224202_660.zip,tt,dashboard_center,100 Hz,204,4080.0,4100.0,732.37,733.74,-7.946827352889445,112.61763327296414,52.49996087194499,10.272208005897548,138,19.857156857964583,0.010000000000104592,1.3811038083454052,2.519656028120463,0.9043968191154315,0.4028774137819861,0.10034563547206646,0.8733686960453746,gps>10m,False,,,,,,,,,,,,,,,,,,,,,,,,,,
20260811_224202_660,session_20260811_224202_660.zip,tt,dashboard_center,100 Hz,205,4100.0,4120.0,733.75,734.94,-7.94667725142858,112.61774541738507,59.90398475792294,10.231237650209632,120,19.778905475155625,0.010000000000104592,2.3724188605460768,5.054291699577034,1.5615889381371437,0.2527945748201549,1.8983884764958285,4.406405724578955,gps>10m,False,,,,,,,,,,,,,,,,,,,,,,,,,,
20260811_224202_660,session_20260811_224202_660.zip,tt,dashboard_center,100 Hz,206,4120.0,4140.0,734.95,736.0500000000001,-7.9465269907506375,112.61785262036412,65.3335299623215,10.213280386640575,111,19.81988752865982,0.010000000000104592,1.3173806113795223,2.5398241260147763,0.8063038919478808,0.30272623854822184,0.20162743207852749,0.8791368598786893,gps>10m,False,,,,,,,,,,,,,,,,,,,,,,,,,,
20260811_224202_660,session_20260811_224202_660.zip,tt,dashboard_center,100 Hz,207,4140.0,4160.0,736.0600000000001,737.1800000000001,-7.946377083735713,112.61795232752242,64.54777538455593,10.288394217942056,113,19.911134771849902,0.010000000000104592,1.6096723109625009,2.902449084537523,0.9410656670132561,0.35156208223232494,0.14167380226171544,2.110394659994519,gps>10m,False,,,,,,,,,,,,,,,,,,,,,,,,,,
20260811_224202_660,session_20260811_224202_660.zip,tt,dashboard_center,100 Hz,208,4160.0,4180.0,737.19,738.38,-7.9462348035914365,112.61805756856126,59.28818554202667,10.266776215836487,120,19.747056429198892,0.010000000000104592,1.9433874820623176,3.513995054512552,1.1991458717760175,0.20256183570151848,0.3890980605486737,3.3801240908799692,gps>10m,False,,,,,,,,,,,,,,,,,,,,,,,,,,
20260811_224202_660,session_20260811_224202_660.zip,tt,dashboard_center,100 Hz,209,4180.0,4200.0,738.39,739.64,-7.94608645336702,112.61816042240505,57.048575701745364,10.17321734647257,126,19.857214670405483,0.010000000000104592,1.9039536612637933,3.672856427684879,1.3202165978046616,0.2517976505260745,0.0690746649555322,1.542344171477191,gps>10m,False,,,,,,,,,,,,,,,,,,,,,,,,,,
20260811_224202_660,session_20260811_224202_660.zip,tt,dashboard_center,100 Hz,210,4200.0,4220.0,739.65,740.92,-7.945938328743731,112.61826394304481,56.43312671628044,10.148998841399557,128,19.91693484447933,0.010000000000104592,2.324583316656519,4.997400464801107,1.6228551251531793,0.251042644816701,0.570572901300353,2.011990082291261,gps>10m,False,,,,,,,,,,,,,,,,,,,,,,,,,,
20260811_224202_660,session_20260811_224202_660.zip,tt,dashboard_center,100 Hz,211,4220.0,4240.0,740.9300000000001,742.1800000000001,-7.9457881436247035,112.61837127496742,56.83479033066073,10.106188019199804,126,19.81314443097017,0.010000000000104592,1.3921287015001553,2.693259739331658,0.9042959377478123,0.25235772228987735,0.23596515362465087,1.6729154926946688,gps>10m,False,,,,,,,,,,,,,,,,,,,,,,,,,,
20260811_224202_660,session_20260811_224202_660.zip,tt,dashboard_center,100 Hz,212,4240.0,4260.0,742.19,743.39,-7.945640865971594,112.61847365955158,59.678378009201325,10.041745321609458,121,19.880779271638858,0.010000000000104592,2.723179527392814,5.353755354559151,1.832632766561897,0.2514991958656673,2.112447401589233,5.227627865926083,gps>10m,False,,,,,,,,,,,,,,,,,,,,,,,,,,
20260811_224202_660,session_20260811_224202_660.zip,tt,dashboard_center,100 Hz,213,4260.0,4280.0,743.4,744.54,-7.945492192875992,112.61857786006634,62.46852549130464,9.935,115,19.719165280559537,0.010000000000104592,1.753808904183988,3.46070957745675,1.1276035761379517,0.2535604285912311,0.41883467531274454,1.8660649713933444,OK,True,4260.0,4280.0,743.4,744.54,-7.945492192875992,112.61857786006634,62.46852549130464,9.935,115.0,19.719165280559537,0.010000000000104592,1.753808904183988,3.46070957745675,1.1276035761379517,0.2535604285912311,0.41883467531274454,1.8660649713933444,1.753808904183988,3.46070957745675,1.1276035761379517,0.28352004998435026,1.8660649713933444,27.3,2.0,Sedang,False
20260811_224202_660,session_20260811_224202_660.zip,tt,dashboard_center,100 Hz,214,4280.0,4300.0,744.5500000000001,745.67,-7.945347851386661,112.6186908058991,63.97697723820903,9.935,113,19.899892443278077,0.010000000000104592,1.6872379521175564,2.8942275656598455,1.057523186248869,0.3517606951873003,1.0020943811740781,1.3351481292224583,OK,True,4280.0,4300.0,744.5500000000001,745.67,-7.945347851386661,112.6186908058991,63.97697723820903,9.935,113.0,19.899892443278077,0.010000000000104592,1.6872379521175564,2.8942275656598455,1.057523186248869,0.3517606951873003,1.0020943811740781,1.3351481292224583,1.6872379521175564,2.8942275656598455,1.057523186248869,0.6671704824718789,1.3351481292224583,15.1,1.0,Rendah,False
20260811_224202_660,session_20260811_224202_660.zip,tt,dashboard_center,100 Hz,215,4300.0,4320.0,745.6800000000001,746.77,-7.945207208187796,112.618806701079,65.21585006636349,9.935,110,19.73127249737354,0.010000000000104592,1.8853898118493329,3.6339679698424887,1.1548147476972679,0.20272387401939973,0.9043301998874423,1.0652418048613732,OK,True,4300.0,4320.0,745.6800000000001,746.77,-7.945207208187796,112.618806701079,65.21585006636349,9.935,110.0,19.73127249737354,0.010000000000104592,1.8853898118493329,3.6339679698424887,1.1548147476972679,0.20272387401939973,0.9043301998874423,1.0652418048613732,1.8853898118493329,3.6339679698424887,1.1548147476972679,0.5940970482206888,1.0652418048613732,40.3,2.0,Sedang,False
20260811_224202_660,session_20260811_224202_660.zip,tt,dashboard_center,100 Hz,216,4320.0,4340.0,746.78,747.88,-7.94506514220284,112.61891758816847,65.12956007107118,9.935,111,19.921246200360656,0.010000000000104592,2.2014224120861057,4.046363918994859,1.3349460797976533,0.20079065133623938,0.5319487693598057,3.897457073926822,OK,True,4320.0,4340.0,746.78,747.88,-7.94506514220284,112.61891758816847,65.12956007107118,9.935,111.0,19.921246200360656,0.010000000000104592,2.2014224120861057,4.046363918994859,1.3349460797976533,0.20079065133623938,0.5319487693598057,3.897457073926822,2.2014224120861057,4.046363918994859,1.3349460797976533,0.3497843840870159,3.897457073926822,61.2,2.0,Sedang,False
20260811_224202_660,session_20260811_224202_660.zip,tt,dashboard_center,100 Hz,217,4340.0,4360.0,747.89,748.98,-7.944925328608585,112.6190311598311,65.3605058828063,9.935,110,19.839529210879846,0.010000000000104592,1.8473843830885726,3.5433023281086817,1.1366113352089684,0.25202210933806024,0.8438465168478978,1.8268293878637025,OK,True,4340.0,4360.0,747.89,748.98,-7.944925328608585,112.6190311598311,65.3605058828063,9.935,110.0,19.839529210879846,0.010000000000104592,1.8473843830885726,3.5433023281086817,1.1366113352089684,0.25202210933806024,0.8438465168478978,1.8268293878637025,1.8473843830885726,3.5433023281086817,1.1366113352089684,0.5535081714712771,1.8268293878637025,37.4,2.0,Sedang,False
20260811_224202_660,session_20260811_224202_660.zip,tt,dashboard_center,100 Hz,218,4360.0,4380.0,748.99,750.0600000000001,-7.944780898242984,112.61913883896561,66.82446064363758,9.935,108,19.774831197120875,0.010000000000104592,1.4735250837008171,2.8044514772217313,0.8602351098014082,0.3539853225659478,0.13177425307998414,1.9539166338191465,OK,True,4360.0,4380.0,748.99,750.0600000000001,-7.944780898242984,112.61913883896561,66.82446064363758,9.935,108.0,19.774831197120875,0.010000000000104592,1.4735250837008171,2.8044514772217313,0.8602351098014082,0.3539853225659478,0.13177425307998414,1.9539166338191465,1.4735250837008171,2.8044514772217313,0.8602351098014082,0.08511281404406557,1.9539166338191465,13.7,1.0,Rendah,False
20260811_224202_660,session_20260811_224202_660.zip,tt,dashboard_center,100 Hz,219,4380.0,4400.0,750.07,751.15,-7.944644800941979,112.61925871793645,66.13559072286697,9.995189871285788,109,19.746901464589428,0.010000000000104592,1.7324531523808824,3.1413561164256816,1.089261691814592,0.3038451379705991,0.10663212858518971,2.3682652542074694,OK,True,4380.0,4400.0,750.07,751.15,-7.944644800941979,112.61925871793645,66.13559072286697,9.995189871285788,109.0,19.746901464589428,0.010000000000104592,1.7324531523808824,3.1413561164256816,1.089261691814592,0.3038451379705991,0.10663212858518971,2.3682652542074694,1.7324531523808824,3.1413561164256816,1.089261691814592,0.06937211186418893,2.3682652542074694,24.5,1.0,Rendah,False
20260811_224202_660,session_20260811_224202_660.zip,tt,dashboard_center,100 Hz,220,4400.0,4420.0,751.16,752.27,-7.944502560769509,112.61937450179406,63.87509208585807,9.947643752265476,112,19.90142230212041,0.010000000000104592,1.7593473302415343,3.0914303707294613,1.037571252750258,0.20099065982705255,0.11739900071190583,1.8918842682012256,OK,True,4400.0,4420.0,751.16,752.27,-7.944502560769509,112.61937450179406,63.87509208585807,9.947643752265476,112.0,19.90142230212041,0.010000000000104592,1.7593473302415343,3.0914303707294613,1.037571252750258,0.20099065982705255,0.11739900071190583,1.8918842682012256,1.7593473302415343,3.0914303707294613,1.037571252750258,0.0782482075226583,1.8918842682012256,25.2,1.0,Rendah,False
20260811_224202_660,session_20260811_224202_660.zip,tt,dashboard_center,100 Hz,221,4420.0,4440.0,752.28,753.39,-7.944368655822004,112.61950128297437,64.76874653977215,9.945836730467871,112,19.803865932919507,0.010000000000104592,1.9322812209107707,4.049612272348619,1.2211060142386525,0.3029711481749803,1.5467019807963758,1.815406879870587,OK,True,4420.0,4440.0,752.28,753.39,-7.944368655822004,112.61950128297437,64.76874653977215,9.945836730467871,112.0,19.803865932919507,0.010000000000104592,1.9322812209107707,4.049612272348619,1.2211060142386525,0.3029711481749803,1.5467019807963758,1.815406879870587,1.9322812209107707,4.049612272348619,1.2211060142386525,1.0209785397828144,1.815406879870587,45.3,2.0,Sedang,False
20260811_224202_660,session_20260811_224202_660.zip,tt,dashboard_center,100 Hz,222,4440.0,4460.0,753.4,754.59,-7.944240487300828,112.6196274352852,59.68804219708386,9.994417165611534,120,19.783165152745823,0.010000000000104592,2.2703382297071086,4.083150322377966,1.3666050423794556,0.10109605740830648,1.2532942997661296,2.9476837508737233,OK,True,4440.0,4460.0,753.4,754.59,-7.944240487300828,112.6196274352852,59.68804219708386,9.994417165611534,120.0,19.783165152745823,0.010000000000104592,2.2703382297071086,4.083150322377966,1.3666050423794556,0.10109605740830648,1.2532942997661296,2.9476837508737233,2.2703382297071086,4.083150322377966,1.3666050423794556,0.8757056510249739,2.9476837508737233,61.2,2.0,Sedang,False
20260811_224202_660,session_20260811_224202_660.zip,tt,dashboard_center,100 Hz,223,4460.0,4480.0,754.6,755.91,-7.94411757941611,112.61975438982465,54.2265881814202,10.00573012781223,132,19.812430047883936,0.010000000000104592,1.9147572595932059,3.472685496927526,1.241988608080005,0.2523668216324642,0.2176780810334314,4.1113546102060345,gps>10m,False,,,,,,,,,,,,,,,,,,,,,,,,,,
20260811_224202_660,session_20260811_224202_660.zip,tt,dashboard_center,100 Hz,224,4480.0,4500.0,755.92,757.22,-7.943982963876649,112.61988015475445,55.197077297189026,10.137430073101488,131,19.85827606941075,0.010000000000104592,1.537893424600149,2.9796937314768552,0.9969557563167445,0.35249786917720644,0.08961612143248592,1.6326036745669485,gps>10m,False,,,,,,,,,,,,,,,,,,,,,,,,,,
20260811_224202_660,session_20260811_224202_660.zip,tt,dashboard_center,100 Hz,225,4500.0,4520.0,757.23,758.54,-7.943849714009142,112.61999958991996,54.56268423245334,10.870394438135548,132,19.83991276503002,0.010000000000104592,1.4028490950697865,2.6609429189001945,0.9108415862360998,0.3024206845594425,0.12804014111316275,1.7085498511608066,gps>10m,False,,,,,,,,,,,,,,,,,,,,,,,,,,
20260811_224202_660,session_20260811_224202_660.zip,tt,dashboard_center,100 Hz,226,4520.0,4540.0,758.5500000000001,759.96,-7.943723486366068,112.6201195712406,50.79963468167922,11.095324642537157,142,19.89415567344986,0.010000000000104592,1.7393266176052955,3.1349263122736617,1.0979935141015509,0.30159611186753804,0.20138685436156323,2.6259249389891193,gps>10m,False,,,,,,,,,,,,,,,,,,,,,,,,,,
20260811_224202_660,session_20260811_224202_660.zip,tt,dashboard_center,100 Hz,227,4540.0,4560.0,759.97,761.36,-7.943593231598992,112.62023181093383,50.88617877029101,10.741138462853293,140,19.939418129799378,0.010000000000104592,1.6048756235757018,3.4912531290474593,1.1039725801779543,0.2507595741987837,0.14279951265404084,1.389291026305233,gps>10m,False,,,,,,,,,,,,,,,,,,,,,,,,,,
20260811_224202_660,session_20260811_224202_660.zip,tt,dashboard_center,100 Hz,228,4560.0,4580.0,761.37,762.59,-7.943452863412499,112.62036975970169,59.32718043222896,10.43471974965681,123,19.847373199239883,0.010000000000104592,1.2125081831001183,2.466454131899718,0.7748189108574257,0.3023070075706436,0.4214756486779272,0.5105657098735878,gps>10m,False,,,,,,,,,,,,,,,,,,,,,,,,,,
20260811_224202_660,session_20260811_224202_660.zip,tt,dashboard_center,100 Hz,229,4580.0,4600.0,762.6,763.75,-7.943320892384935,112.62049192691825,61.75327956032418,10.257552038850951,116,19.70411123276972,0.010000000000104592,2.6708519349227826,4.651772475799675,1.6100519206677668,0.25375415013312286,0.6060716389927501,5.085852091169237,gps>10m,False,,,,,,,,,,,,,,,,,,,,,,,,,,
20260811_224202_660,session_20260811_224202_660.zip,tt,dashboard_center,100 Hz,230,4600.0,4620.0,763.76,764.9200000000001,-7.943189941829194,112.62060938731324,61.901524130178146,10.135176127652151,117,19.93310909623142,0.010000000000104592,1.755893203406037,3.3833436308999763,1.1425240310261553,0.30100673061255495,0.17884400965194125,1.1450956376567303,gps>10m,False,,,,,,,,,,,,,,,,,,,,,,,,,,
20260811_224202_660,session_20260811_224202_660.zip,tt,dashboard_center,100 Hz,231,4620.0,4640.0,764.9300000000001,766.11,-7.943059929738765,112.62072955192025,60.44723645651968,10.061470349551739,119,19.784236973433508,0.010000000000104592,1.4956937537252524,2.8314181553881905,0.9428017839847685,0.20218116096017472,0.22086757560904646,1.862338513454711,gps>10m,False,,,,,,,,,,,,,,,,,,,,,,,,,,
20260811_224202_660,session_20260811_224202_660.zip,tt,dashboard_center,100 Hz,232,4640.0,4660.0,766.12,767.37,-7.942932234495023,112.62084461452226,57.46129786292699,10.112031646212825,126,19.87171214512,0.010000000000104592,2.5261092785009174,4.423945794282777,1.524635292549296,0.25161395069965703,2.5670700962639965,2.690707654981607,gps>10m,False,,,,,,,,,,,,,,,,,,,,,,,,,,
20260811_224202_660,session_20260811_224202_660.zip,tt,dashboard_center,100 Hz,233,4660.0,4680.0,767.38,768.74,-7.942805109233727,112.62097177358545,52.18931273284141,10.211205047985871,137,19.838312404739554,0.010000000000104592,2.185959022599399,4.327131192288305,1.5691195769896646,0.30244508089138394,0.11335054381091858,1.3626758025404808,gps>10m,False,,,,,,,,,,,,,,,,,,,,,,,,,,
20260811_224202_660,session_20260811_224202_660.zip,tt,dashboard_center,100 Hz,234,4680.0,4700.0,768.75,770.1700000000001,-7.942682381482767,112.6211072262425,50.274474951803285,10.346081934712721,143,19.868531254201116,0.010000000000104592,1.9420645204993978,3.6683847454416756,1.4017937091240562,0.3523159266500829,0.7309909332710288,1.3004972254009963,gps>10m,False,,,,,,,,,,,,,,,,,,,,,,,,,,
20260811_224202_660,session_20260811_224202_660.zip,tt,dashboard_center,100 Hz,235,4700.0,4720.0,770.1800000000001,771.59,-7.942567878208557,112.62123866141208,50.844744467016824,10.3284390152104,142,19.898551976748422,0.010000000000104592,1.4560626566414796,2.934564542472728,0.9970551569415373,0.3517843915567094,0.1445849408076776,0.8787864177854595,gps>10m,False,,,,,,,,,,,,,,,,,,,,,,,,,,
20260811_224202_660,session_20260811_224202_660.zip,tt,dashboard_center,100 Hz,236,4720.0,4740.0,771.6,773.03,-7.942448000491041,112.621377909718,49.953131949245645,10.318252848882562,144,19.776703971883762,0.010000000000104592,1.8450267363719495,3.203608466672441,1.2881959331457338,0.3033872584900956,0.06756064375939105,2.889858283201642,gps>10m,False,,,,,,,,,,,,,,,,,,,,,,,,,,
20260811_224202_660,session_20260811_224202_660.zip,tt,dashboard_center,100 Hz,237,4740.0,4760.0,773.04,774.54,-7.942332588122835,112.62150163113617,47.570253020533364,10.385494354860455,151,19.886417558669564,0.010000000000104592,2.16746135759622,3.823667847456254,1.3704756094497306,0.4022846234822404,0.1699056663816443,3.5494922731806455,gps>10m,False,,,,,,,,,,,,,,,,,,,,,,,,,,
20260811_224202_660,session_20260811_224202_660.zip,tt,dashboard_center,100 Hz,238,4760.0,4780.0,774.5500000000001,776.03,-7.942225689964617,112.62164406547556,47.95834105340096,10.247013320076348,149,19.85838359302943,0.010000000000104592,2.33526422544969,4.142877758705714,1.5284146551631066,0.35249596057038085,1.6685313343812949,3.6544376453354315,gps>10m,False,,,,,,,,,,,,,,,,,,,,,,,,,,
20260811_224202_660,session_20260811_224202_660.zip,tt,dashboard_center,100 Hz,239,4780.0,4800.0,776.04,777.4,-7.94211328244411,112.62179072078689,52.69330934279171,10.175684253178973,137,19.872877123840226,0.010000000000104592,3.095713876635725,6.666061892527478,2.2702938800067813,0.20127936056130769,1.8848619203382404,4.387738522837238,gps>10m,False,,,,,,,,,,,,,,,,,,,,,,,,,,
20260811_224202_660,session_20260811_224202_660.zip,tt,dashboard_center,100 Hz,240,4800.0,4820.0,777.41,778.65,-7.941996549189818,112.6219434323165,57.69360507910273,10.064777613859277,125,19.76745234153441,0.010000000000104592,1.9185258461870205,3.5147716190981444,1.1945491655327756,0.3035292508277909,0.12480490683024781,3.4945934512333,gps>10m,False,,,,,,,,,,,,,,,,,,,,,,,,,,
20260811_224202_660,session_20260811_224202_660.zip,tt,dashboard_center,100 Hz,241,4820.0,4840.0,778.66,779.86,-7.941879787725316,112.62208704087223,59.51061783604724,10.004567857881476,121,19.850672091039996,0.010000000000104592,1.9528912803719274,3.617337311478287,1.2715691865134948,0.25188064046742537,1.4667901910661745,1.5458300133034333,gps>10m,False,,,,,,,,,,,,,,,,,,,,,,,,,,
20260811_224202_660,session_20260811_224202_660.zip,tt,dashboard_center,100 Hz,242,4840.0,4860.0,779.87,781.0500000000001,-7.941758830284655,112.62222466992641,60.629055066382044,10.21664374790316,119,19.903426614721866,0.010000000000104592,2.9776625700598296,6.076943296092628,1.8918646637859748,0.2512130246106304,0.7941456581862752,8.322684770891808,gps>10m,False,,,,,,,,,,,,,,,,,,,,,,,,,,
20260811_224202_660,session_20260811_224202_660.zip,tt,dashboard_center,100 Hz,243,4860.0,4880.0,781.0600000000001,782.21,-7.9416443912555055,112.62237052678725,62.04115959454687,10.17678804184838,116,19.7758730071846,0.010000000000104592,3.3581510873476623,5.963236900694125,2.0280268383141786,0.3034000065544612,7.35306541931085,1.67947913200735,gps>10m,False,,,,,,,,,,,,,,,,,,,,,,,,,,
20260811_224202_660,session_20260811_224202_660.zip,tt,dashboard_center,100 Hz,244,4880.0,4900.0,782.22,783.37,-7.941517895957567,112.62250236306792,62.17475725388642,10.108430456492119,116,19.825589959679746,0.010000000000104592,1.962251595556068,4.09641529365936,1.3068712018781052,0.2521993045437104,0.7685772444236023,1.7910415130668131,gps>10m,False,,,,,,,,,,,,,,,,,,,,,,,,,,
20260811_224202_660,session_20260811_224202_660.zip,tt,dashboard_center,100 Hz,245,4900.0,4920.0,783.38,784.5600000000001,-7.941399241387888,112.62263054191851,60.68749474162865,10.089886068164358,119,19.904625822180606,0.010000000000104592,1.8937228229420133,3.744750641190816,1.1988764023509269,0.2009583116876592,0.20183058214673189,1.0656837126061185,gps>10m,False,,,,,,,,,,,,,,,,,,,,,,,,,,
20260811_224202_660,session_20260811_224202_660.zip,tt,dashboard_center,100 Hz,246,4920.0,4940.0,784.57,785.83,-7.941282019616814,112.62276591800246,56.56924536114973,10.068543976901141,127,19.76089007308383,0.010000000000104592,2.63347013833239,5.186216257838798,1.7548966169096356,0.20242003195232447,1.2338290593901817,4.030327918987623,gps>10m,False,,,,,,,,,,,,,,,,,,,,,,,,,,
20260811_224202_660,session_20260811_224202_660.zip,tt,dashboard_center,100 Hz,247,4940.0,4960.0,785.84,787.2,-7.94116243988721,112.62289903948506,52.67272441001808,9.973819534437691,137,19.937500527150405,0.010000000000104592,1.8411821931696886,3.559286557705792,1.215324566106629,0.3009404309145645,0.033189843883604964,3.559761492490741,OK,True,4940.0,4960.0,785.84,787.2,-7.94116243988721,112.62289903948506,52.67272441001808,9.973819534437691,137.0,19.937500527150405,0.010000000000104592,1.8411821931696886,3.559286557705792,1.215324566106629,0.3009404309145645,0.033189843883604964,3.559761492490741,1.8411821931696886,3.559286557705792,1.215324566106629,0.025299254568451494,3.559761492490741,36.7,2.0,Sedang,False
20260811_224202_660,session_20260811_224202_660.zip,tt,dashboard_center,100 Hz,248,4960.0,4980.0,787.21,788.57,-7.941042647932245,112.62304433792774,52.56096870678399,9.946630619300523,137,19.880172620474696,0.010000000000104592,1.5890749054772195,3.326061472960194,1.165009670172909,0.25150687046099757,0.0370366047710014,1.095058750224325,OK,True,4960.0,4980.0,787.21,788.57,-7.941042647932245,112.62304433792774,52.56096870678399,9.946630619300523,137.0,19.880172620474696,0.010000000000104592,1.5890749054772195,3.326061472960194,1.165009670172909,0.25150687046099757,0.0370366047710014,1.095058750224325,1.5890749054772195,3.326061472960194,1.165009670172909,0.02827325095824521,1.095058750224325,17.3,1.0,Rendah,False
20260811_224202_660,session_20260811_224202_660.zip,tt,dashboard_center,100 Hz,249,4980.0,5000.0,788.58,789.98,-7.940923177704116,112.62318363079012,51.01407237613918,9.935,141,19.781316023850195,0.010000000000104592,1.8966888241007722,3.446307363362515,1.2184516314611622,0.3538692770268747,0.11437122865158314,5.316646701873378,OK,True,4980.0,5000.0,788.58,789.98,-7.940923177704116,112.62318363079012,51.01407237613918,9.935,141.0,19.781316023850195,0.010000000000104592,1.8966888241007722,3.446307363362515,1.2184516314611622,0.3538692770268747,0.11437122865158314,5.316646701873378,1.8966888241007722,3.446307363362515,1.2184516314611622,0.08914390986912837,5.316646701873378,38.8,2.0,Sedang,False
20260811_224202_660,session_20260811_224202_660.zip,tt,dashboard_center,100 Hz,250,5000.0,5020.0,789.99,791.57,-7.940809462994957,112.62332103518295,45.356407320798674,9.948230681652275,159,19.898579212051118,0.010000000000104592,1.9553256932182466,3.850948807547412,1.355490316046342,0.30152906577200433,0.5016594789609264,1.5559211350480555,OK,True,5000.0,5020.0,789.99,791.57,-7.940809462994957,112.62332103518295,45.356407320798674,9.948230681652275,159.0,19.898579212051118,0.010000000000104592,1.9553256932182466,3.850948807547412,1.355490316046342,0.30152906577200433,0.5016594789609264,1.5559211350480555,1.9553256932182466,3.850948807547412,1.355490316046342,0.4243449003594244,1.5559211350480555,47.5,2.0,Sedang,False
20260811_224202_660,session_20260811_224202_660.zip,tt,dashboard_center,100 Hz,251,5020.0,5040.0,791.58,793.28,-7.940692635736607,112.6234611923435,41.83788950542149,9.935,171,19.884362186038743,0.010000000000104592,1.6390230178906968,3.3291315368942094,1.1375538895631419,0.2514538788430746,0.07330243003639804,1.79922925670219,OK,True,5020.0,5040.0,791.58,793.28,-7.940692635736607,112.6234611923435,41.83788950542149,9.935,171.0,19.884362186038743,0.010000000000104592,1.6390230178906968,3.3291315368942094,1.1375538895631419,0.2514538788430746,0.07330243003639804,1.79922925670219,1.6390230178906968,3.3291315368942094,1.1375538895631419,0.06559014136593694,1.79922925670219,20.9,1.0,Rendah,False
20260811_224202_660,session_20260811_224202_660.zip,tt,dashboard_center,100 Hz,252,5040.0,5060.0,793.29,794.83,-7.940562453567769,112.62359617077239,46.47744377204863,9.935,155,19.795418261391205,0.010000000000104592,1.9301963744730073,3.5982883456054795,1.323717390894503,0.3031004407571596,0.1460484805924133,4.680846712523105,OK,True,5040.0,5060.0,793.29,794.83,-7.940562453567769,112.62359617077239,46.47744377204863,9.935,155.0,19.795418261391205,0.010000000000104592,1.9301963744730073,3.5982883456054795,1.323717390894503,0.3031004407571596,0.1460484805924133,4.680846712523105,1.9301963744730073,3.5982883456054795,1.323717390894503,0.12145802594074609,4.680846712523105,44.6,2.0,Sedang,False
20260811_224202_660,session_20260811_224202_660.zip,tt,dashboard_center,100 Hz,253,5060.0,5080.0,794.84,796.39,-7.940440813816047,112.623736028299,46.63622187910554,9.935,156,19.984052379383684,0.010000000000104592,1.8352356970960326,3.3629562376617126,1.1915497683269152,0.35027930607415086,0.6316946108572025,2.548741124025414,OK,True,5060.0,5080.0,794.84,796.39,-7.940440813816047,112.623736028299,46.63622187910554,9.935,156.0,19.984052379383684,0.010000000000104592,1.8352356970960326,3.3629562376617126,1.1915497683269152,0.35027930607415086,0.6316946108572025,2.548741124025414,1.8352356970960326,3.3629562376617126,1.1915497683269152,0.5240894129189578,2.548741124025414,36.0,2.0,Sedang,False
20260811_224202_660,session_20260811_224202_660.zip,tt,dashboard_center,100 Hz,254,5080.0,5100.0,796.4,798.08,-7.940319990080008,112.62387083778316,42.42587572747669,9.935,169,19.860902512936264,0.010000000000104592,1.780780068964095,3.1927015596996173,1.1966254437475987,0.40280143335829044,0.6536969922857879,1.4247303796739779,OK,True,5080.0,5100.0,796.4,798.08,-7.940319990080008,112.62387083778316,42.42587572747669,9.935,169.0,19.860902512936264,0.010000000000104592,1.780780068964095,3.1927015596996173,1.1966254437475987,0.40280143335829044,0.6536969922857879,1.4247303796739779,1.780780068964095,3.1927015596996173,1.1966254437475987,0.5792656780552479,1.4247303796739779,25.9,2.0,Sedang,False
20260811_224202_660,session_20260811_224202_660.zip,tt,dashboard_center,100 Hz,255,5100.0,5120.0,798.09,799.91,-7.940198942574579,112.62400150018395,39.34079935879252,9.935,183,19.886990517444247,0.010000000000104592,1.7450099165559456,3.510649205826753,1.2866736022164607,0.4022730333673489,0.09549477726315972,0.9662194973803283,OK,True,5100.0,5120.0,798.09,799.91,-7.940198942574579,112.62400150018395,39.34079935879252,9.935,183.0,19.886990517444247,0.010000000000104592,1.7450099165559456,3.510649205826753,1.2866736022164607,0.4022730333673489,0.09549477726315972,0.9662194973803283,1.7450099165559456,3.510649205826753,1.2866736022164607,0.08918735134834363,0.9662194973803283,33.8,1.0,Rendah,False
20260811_224202_660,session_20260811_224202_660.zip,tt,dashboard_center,100 Hz,256,5120.0,5140.0,799.9200000000001,801.9300000000001,-7.940076494203452,112.62413031488983,35.67884781150907,9.976560607927688,202,19.911218069540155,0.010000000000104592,1.2891530664182267,2.5137249188424255,0.9378892364297923,0.35156061148807777,0.021746179591420185,1.5843274912367522,OK,True,5120.0,5140.0,799.9200000000001,801.9300000000001,-7.940076494203452,112.62413031488983,35.67884781150907,9.976560607927688,202.0,19.911218069540155,0.010000000000104592,1.2891530664182267,2.5137249188424255,0.9378892364297923,0.35156061148807777,0.021746179591420185,1.5843274912367522,1.2891530664182267,2.5137249188424255,0.9378892364297923,0.021739137563740327,1.5843274912367522,7.2,1.0,Rendah,False
20260811_224202_660,session_20260811_224202_660.zip,tt,dashboard_center,100 Hz,257,5140.0,5160.0,801.94,804.12,-7.939961156372329,112.62427343953082,32.85020768938029,10.16444416264101,219,19.899658598319547,0.010000000000104592,1.8081993080741217,3.3856946506199566,1.5453895818946022,0.45226906559894536,0.03661127838032024,3.5974755170478216,gps>10m,False,,,,,,,,,,,,,,,,,,,,,,,,,,
20260811_224202_660,session_20260811_224202_660.zip,tt,dashboard_center,100 Hz,258,5160.0,5180.0,804.13,806.53,-7.939854540914418,112.62440883328227,29.828527377915925,10.072627803631963,241,19.913681366899254,0.010000000000104592,2.0037388446313216,4.315688705034104,1.6068456806819678,0.2510836599158936,0.07861499550319068,2.869511601445365,gps>10m,False,,,,,,,,,,,,,,,,,,,,,,,,,,
20260811_224202_660,session_20260811_224202_660.zip,tt,dashboard_center,100 Hz,259,5180.0,5200.0,806.54,809.15,-7.939733754316123,112.62451810544627,27.373225788477015,10.049350002328989,262,19.89470936525504,0.010000000000104592,1.398434831974583,2.8439791096197498,1.1052239418614056,0.5529108165415507,0.07242174029654821,1.6568987291238684,gps>10m,False,,,,,,,,,,,,,,,,,,,,,,,,,,
20260811_224202_660,session_20260811_224202_660.zip,tt,dashboard_center,100 Hz,260,5200.0,5220.0,809.16,812.19,-7.939606777215381,112.62466350419066,23.759484143761618,10.086015333928254,304,19.912974243485223,0.010000000000104592,1.8752582417199084,3.819733754985827,1.5709227382994482,0.6026221825665219,0.024432218177658165,4.471406005759178,gps>10m,False,,,,,,,,,,,,,,,,,,,,,,,,,,
20260811_224202_660,session_20260811_224202_660.zip,tt,dashboard_center,100 Hz,261,5220.0,5240.0,812.2,815.5,-7.939474502898585,112.62478110425437,21.799149527636796,10.045746061252082,331,19.97391072730443,0.010000000000104592,1.3720096932374266,2.6122111789542575,1.140113140067406,0.6508490088637945,0.02394953187535051,1.8492713008998114,gps>10m,False,,,,,,,,,,,,,,,,,,,,,,,,,,
20260811_224202_660,session_20260811_224202_660.zip,tt,dashboard_center,100 Hz,262,5240.0,5260.0,815.51,821.22,-7.9393306917463295,112.62488940083674,11.454235323193046,10.217061382745387,551,17.59841590990527,0.22000000000002728,1.4791741764983313,2.635056384782828,1.943018565493679,1.0796426279086773,0.11331661132098483,0.88150663131446,coverage<18m | gps>10m,False,,,,,,,,,,,,,,,,,,,,,,,,,,
20260811_224202_660,session_20260811_224202_660.zip,tt,dashboard_center,100 Hz,263,5260.0,5280.0,984.37,985.37,-7.939243073564872,112.62443716472632,5.849962492847592,96.7545205709794,101,0.930000000000291,0.010000000000104592,0.09187221990658231,0.192484299096854,0.12637661081610363,0.0,0.00042041140232205174,0.003715620283471085,coverage<18m | gps>10m,False,,,,,,,,,,,,,,,,,,,,,,,,,,
